S.No,Latitude,Longitude,Elevation (m),Slope (°),Annual Rainfall (mm),Clay content (%),Sand content (%),Silt content (%),Vol. water content at -10 kPa (%),Vol. water content at -33 kPa (%),Vol. water content at -1500 kPa (%),Soil moisture (m³/m³),Land cover,Distance to road (m),State,District,Subdivision / Taluk,Material Involved,Initiation Year,Elevation Band,Slope Band,Rainfall Band,Road Distance Band,Decade,Elevation Band Sort,Slope Band Sort,Rainfall Band Sort,Road Distance Band Sort
2,8.507778,77.189722,164.0,13.41,1548.0,32.6,37.7,29.7,38.0,29.0,19.0,0.19,Tree cover,25.4,Kerala,Thiruvananthapuram,Kattakkada,Debris,2001,0–500 m,10–20°,1500–2000 mm,10–50 m,2000s,1,2,2,2
26,8.75475,77.125389,818.0,26.51,2289.0,30.3,37.8,31.9,41.3,32.9,20.4,0.204,Tree cover,13.5,Kerala,Thiruvananthapuram,Nedumangad,Debris,2011,500–1000 m,20–30°,2000–2500 mm,10–50 m,2010s,2,3,3,2
28,8.763333,77.076861,147.0,15.14,1802.0,33.6,38.5,28.0,41.5,31.4,20.0,0.2,Tree cover,6.1,Kerala,Thiruvananthapuram,Nedumangad,Debris,1992,0–500 m,10–20°,1500–2000 mm,0–10 m,1990s,1,2,2,1
30,8.764472,77.078611,162.0,24.17,1802.0,33.1,39.2,27.7,41.5,31.4,20.0,0.2,Tree cover,7.3,Kerala,Thiruvananthapuram,Nedumangad,Debris,1992,0–500 m,20–30°,1500–2000 mm,0–10 m,1990s,1,3,2,1
31,8.766997,77.099767,542.0,21.9,2018.0,30.2,39.7,30.1,41.3,32.3,19.5,0.195,Tree cover,100.9,Kerala,Thiruvananthapuram,Nedumangad,Debris,1991,500–1000 m,20–30°,2000–2500 mm,100–500 m,1990s,2,3,3,4
36,8.832028,77.190336,1116.0,18.96,2291.0,33.2,33.9,32.9,41.1,32.7,19.7,0.197,Tree cover,9556.6,Kerala,Kollam,Punalur,Debris,1992,1000–1500 m,10–20°,2000–2500 mm,>1000 m,1990s,3,2,3,6
38,8.846797,77.176111,859.0,25.26,2005.0,35.7,34.6,29.7,43.0,32.4,21.2,0.212,Tree cover,9690.6,Kerala,Kollam,Punalur,Rock,1992,500–1000 m,20–30°,2000–2500 mm,>1000 m,1990s,2,3,3,6
40,8.88925,77.016916,265.0,21.46,2015.0,35.0,37.9,27.1,39.4,33.4,20.2,0.202,Tree cover,771.5,Kerala,Thiruvananthapuram,Punalur,Debris,1992,0–500 m,20–30°,2000–2500 mm,500–1000 m,1990s,1,3,3,5
42,8.913889,76.988889,278.0,14.68,2133.0,36.3,33.6,30.1,39.7,34.3,20.2,0.202,Tree cover,1498.6,Kerala,Kollam,Punalur,Debris,2006,0–500 m,10–20°,2000–2500 mm,>1000 m,2000s,1,2,3,6
45,8.96125,77.135342,297.0,37.93,1682.0,32.3,42.9,24.8,38.9,29.2,20.1,0.201,Tree cover,306.9,Kerala,Kollam,Punalur,Debris,1992,0–500 m,30–40°,1500–2000 mm,100–500 m,1990s,1,4,2,4
50,8.984111,77.131806,257.0,9.45,1745.0,33.3,40.2,26.5,39.0,30.7,19.8,0.198,Tree cover,244.1,Kerala,Kollam,Punalur,Debris,2014,0–500 m,0–10°,1500–2000 mm,100–500 m,2010s,1,1,2,4
52,8.999222,77.13325,408.0,15.6,1741.0,33.3,37.9,28.8,39.1,30.7,20.0,0.2,Grassland,1500.0,Kerala,Kollam,Punalur,Debris,1992,0–500 m,10–20°,1500–2000 mm,>1000 m,1990s,1,2,2,6
88,9.233194,76.935817,230.0,13.79,2363.0,34.3,33.9,31.8,40.7,33.0,19.3,0.193,Tree cover,9.5,Kerala,Pathanamthita,Konni,Soil,2006,0–500 m,10–20°,2000–2500 mm,0–10 m,2000s,1,2,3,1
105,9.31,77.1,675.0,47.65,1988.0,32.2,37.7,30.1,40.4,31.8,18.9,0.189,Tree cover,553.9,Kerala,Pathanamthitta,Konni,Debris,2019,500–1000 m,40–50°,1500–2000 mm,500–1000 m,2010s,2,5,2,5
246,9.73867,76.87547,665.0,34.4,2957.0,32.0,36.7,31.3,40.3,33.9,18.7,0.187,Tree cover,119.8,Kerala,Idukki,Peerumade,Debris,2007,500–1000 m,30–40°,2500–3000 mm,100–500 m,2000s,2,4,4,4
247,9.7409,76.8724,650.0,38.92,3016.0,31.9,37.0,31.1,41.6,32.2,21.0,0.21,Tree cover,37.0,Kerala,Idukki,Thodupuzha,Debris,2007,500–1000 m,30–40°,3000–4000 mm,10–50 m,2000s,2,4,5,2
248,9.74092,76.87242,650.0,38.92,3016.0,31.9,37.0,31.1,41.6,32.2,21.0,0.21,Tree cover,34.4,Kerala,Idukki,Thodupuzha,Rock,2007,500–1000 m,30–40°,3000–4000 mm,10–50 m,2000s,2,4,5,2
282,9.7726,76.8275,827.0,42.58,3149.0,30.9,38.1,31.0,41.4,31.6,18.4,0.184,Tree cover,277.8,Kerala,Idukki,Thodupuzha,Debris,2010,500–1000 m,40–50°,3000–4000 mm,100–500 m,2010s,2,5,5,4
287,9.7796,76.8499,150.0,29.9,2884.0,29.0,38.6,32.4,41.2,34.0,18.4,0.184,Tree cover,27.1,Kerala,Idukki,Thodupuzha,Debris,2010,0–500 m,20–30°,2500–3000 mm,10–50 m,2010s,1,3,4,2
310,9.8027,76.8477,125.0,16.18,2839.0,31.5,39.4,29.1,40.9,32.1,18.4,0.184,Tree cover,174.6,Kerala,Idukki,Thodupuzha,Debris,2010,0–500 m,10–20°,2500–3000 mm,100–500 m,2010s,1,2,4,4
321,9.81,76.88,626.0,30.67,2779.0,33.6,36.8,29.6,40.2,33.5,17.9,0.179,Tree cover,70.8,Kerala,Idukki,Thodupuzha,Debris,2019,500–1000 m,30–40°,2500–3000 mm,50–100 m,2010s,2,4,4,3
356,9.8222,76.8433,457.0,22.84,2894.0,31.0,40.1,28.9,39.7,31.6,18.0,0.18,Tree cover,18.8,Kerala,Idukki,Thodupuzha,Rock,2007,0–500 m,20–30°,2500–3000 mm,10–50 m,2000s,1,3,4,2
358,9.823,76.8397,437.0,20.82,2914.0,30.2,40.4,29.4,39.7,31.6,18.0,0.18,Tree cover,29.8,Kerala,Idukki,Thodupuzha,Debris,2010,0–500 m,20–30°,2500–3000 mm,10–50 m,2010s,1,3,4,2
982,9.9208,76.9813,442.0,13.74,2208.0,31.2,40.5,28.2,39.6,32.3,18.2,0.182,Tree cover,157.2,Kerala,Idukki,Idukki,Debris,2007,0–500 m,10–20°,2000–2500 mm,100–500 m,2000s,1,2,3,4
1217,10.0,77.22,1308.0,27.55,1833.0,32.8,34.0,33.1,40.9,32.4,20.5,0.205,Tree cover,86.9,Kerala,Idukki,Udumbanchola,Debris,2018,1000–1500 m,20–30°,1500–2000 mm,50–100 m,2010s,3,3,2,3
1209,10.0,76.99,672.0,16.71,2146.0,34.1,40.1,25.7,40.6,33.0,19.6,0.196,Tree cover,241.8,Kerala,Idukki,Devikulam,Debris,2018,500–1000 m,10–20°,2000–2500 mm,100–500 m,2010s,2,2,3,4
1274,10.01,77.16,968.0,7.99,1814.0,36.9,31.3,31.8,40.5,32.7,19.1,0.191,Tree cover,100.8,Kerala,Idukki,Udumbanchola,Debris,2018,500–1000 m,0–10°,1500–2000 mm,100–500 m,2010s,2,1,2,4
1262,10.01,76.98,685.0,23.39,2284.0,31.3,39.4,29.4,42.0,31.9,19.5,0.195,Tree cover,32.6,Kerala,Idukki,Devikulam,Debris,2008,500–1000 m,20–30°,2000–2500 mm,10–50 m,2000s,2,3,3,2
1266,10.01,76.95,552.0,0.96,2295.0,32.2,41.2,26.6,39.8,31.3,18.0,0.18,Built-up,3.4,Kerala,Idukki,Devikulam,Debris,2016,500–1000 m,0–10°,2000–2500 mm,0–10 m,2010s,2,1,3,1
1276,10.01,77.01,625.0,25.54,2139.0,34.5,38.7,26.8,39.5,33.7,19.0,0.19,Tree cover,138.7,Kerala,Idukki,Devikulam,Debris,2019,500–1000 m,20–30°,2000–2500 mm,100–500 m,2010s,2,3,3,4
1272,10.01,77.09,929.0,14.3,2037.0,32.3,33.9,33.7,41.7,32.9,19.1,0.191,Tree cover,266.3,Kerala,Idukki,Udumbanchola,Debris,2018,500–1000 m,10–20°,2000–2500 mm,100–500 m,2010s,2,2,3,4
1267,10.01,76.96,560.0,2.02,2280.0,30.6,40.7,28.7,39.7,32.2,19.1,0.191,Tree cover,15.1,Kerala,Idukki,Devikulam,Debris,2018,500–1000 m,0–10°,2000–2500 mm,10–50 m,2010s,2,1,3,2
1278,10.01,77.03,870.0,14.49,2154.0,33.5,36.4,30.1,40.4,34.0,19.6,0.196,Tree cover,5.8,Kerala,Idukki,Devikulam,Debris,2018,500–1000 m,10–20°,2000–2500 mm,0–10 m,2010s,2,2,3,1
1346,10.02,77.18,1237.0,15.7,1893.0,30.0,35.4,34.7,39.9,32.0,20.2,0.202,Tree cover,70.6,Kerala,Idukki,Udumbanchola,Debris,2019,1000–1500 m,10–20°,1500–2000 mm,50–100 m,2010s,3,2,2,3
1343,10.02,77.25,1419.0,40.36,1768.0,32.6,34.5,32.9,41.1,31.9,19.5,0.195,Tree cover,171.8,Kerala,Idukki,Udumbanchola,Debris,2019,1000–1500 m,40–50°,1500–2000 mm,100–500 m,2010s,3,5,2,4
1330,10.02,76.89,631.0,29.77,2622.0,33.8,37.1,29.1,40.1,32.8,17.8,0.178,Tree cover,368.8,Kerala,Idukki,Devikulam,Debris,2018,500–1000 m,20–30°,2500–3000 mm,100–500 m,2010s,2,3,4,4
1325,10.02,77.01,766.0,26.98,2136.0,31.4,38.9,29.7,39.2,32.5,19.0,0.19,Tree cover,151.4,Kerala,Idukki,Devikulam,Debris,2019,500–1000 m,20–30°,2000–2500 mm,100–500 m,2010s,2,3,3,4
1322,10.02,76.97,895.0,21.56,2411.0,30.5,35.5,34.0,39.5,32.2,18.5,0.185,Tree cover,103.7,Kerala,Idukki,Devikulam,Debris,2019,500–1000 m,20–30°,2000–2500 mm,100–500 m,2010s,2,3,3,4
1320,10.02,76.96,851.0,35.61,2407.0,30.7,38.9,30.5,39.4,32.0,19.1,0.191,Grassland,152.2,Kerala,Idukki,Devikulam,Debris,2018,500–1000 m,30–40°,2000–2500 mm,100–500 m,2010s,2,4,3,4
1331,10.02,76.92,549.0,6.45,2455.0,30.7,37.9,31.4,42.4,33.2,19.3,0.193,Tree cover,35.3,Kerala,Idukki,Devikulam,Debris,2018,500–1000 m,0–10°,2000–2500 mm,10–50 m,2010s,2,1,3,2
1328,10.02,76.93,590.0,8.14,2426.0,30.4,38.0,31.6,41.9,32.7,20.2,0.202,Tree cover,96.5,Kerala,Idukki,Devikulam,Debris,2018,500–1000 m,0–10°,2000–2500 mm,50–100 m,2010s,2,1,3,3
1323,10.02,76.98,952.0,26.08,2392.0,31.1,34.9,34.0,39.7,32.1,18.7,0.187,Tree cover,164.9,Kerala,Idukki,Devikulam,Debris,2018,500–1000 m,20–30°,2000–2500 mm,100–500 m,2010s,2,3,3,4
1329,10.02,76.91,560.0,8.68,2480.0,32.3,37.5,30.2,40.6,33.5,18.5,0.185,Tree cover,58.5,Kerala,Idukki,Devikulam,Debris,2018,500–1000 m,0–10°,2000–2500 mm,50–100 m,2010s,2,1,3,3
1374,10.02625,77.06356,898.0,19.72,2105.0,32.3,33.5,34.2,40.0,33.1,18.6,0.186,Tree cover,3.2,Kerala,Idukki,Devikulam,Debris,2007,500–1000 m,10–20°,2000–2500 mm,0–10 m,2000s,2,2,3,1
1407,10.03,76.86,557.0,7.87,2701.0,33.1,37.8,29.1,40.5,33.7,17.9,0.179,Grassland,159.9,Kerala,Idukki,Devikulam,Debris,2019,500–1000 m,0–10°,2500–3000 mm,100–500 m,2010s,2,1,4,4
1393,10.03,77.0,817.0,10.04,2242.0,34.3,38.1,27.5,40.0,34.0,18.7,0.187,Tree cover,275.8,Kerala,Idukki,Devikulam,Debris,2018,500–1000 m,10–20°,2000–2500 mm,100–500 m,2010s,2,2,3,4
1397,10.03,76.94,913.0,26.66,2508.0,32.5,34.6,32.9,40.3,33.0,18.9,0.189,Tree cover,91.0,Kerala,Idukki,Devikulam,Debris,2018,500–1000 m,20–30°,2500–3000 mm,50–100 m,2010s,2,3,4,3
1392,10.03,76.98,1118.0,20.27,2457.0,30.4,35.0,34.6,40.3,32.1,18.6,0.186,Tree cover,531.2,Kerala,Idukki,Devikulam,Debris,2018,1000–1500 m,20–30°,2000–2500 mm,500–1000 m,2010s,3,3,3,5
1406,10.03,76.88,589.0,11.95,2623.0,34.0,36.7,29.3,40.4,33.7,17.8,0.178,Tree cover,71.6,Kerala,Idukki,Devikulam,Rock,2019,500–1000 m,10–20°,2500–3000 mm,50–100 m,2010s,2,2,4,3
1401,10.03,76.93,795.0,14.88,2525.0,34.0,34.5,31.6,41.1,32.5,19.2,0.192,Tree cover,174.7,Kerala,Idukki,Devikulam,Debris,2018,500–1000 m,10–20°,2500–3000 mm,100–500 m,2010s,2,2,4,4
1405,10.03,76.9,592.0,25.92,2558.0,32.5,37.6,30.0,40.4,33.9,18.8,0.188,Tree cover,21.0,Kerala,Idukki,Devikulam,Debris,2018,500–1000 m,20–30°,2500–3000 mm,10–50 m,2010s,2,3,4,2
1438,10.03499,76.99247,869.0,37.44,2323.0,33.3,36.3,30.5,41.5,33.5,19.5,0.195,Tree cover,11.2,Kerala,Idukki,Devikulam,Debris,2018,500–1000 m,30–40°,2000–2500 mm,10–50 m,2010s,2,4,3,2
1452,10.04,77.04,1116.0,12.19,2240.0,35.2,33.4,31.4,41.6,33.1,19.6,0.196,Tree cover,63.7,Kerala,Idukki,Devikulam,Debris,2019,1000–1500 m,10–20°,2000–2500 mm,50–100 m,2010s,3,2,3,3
1457,10.04,77.02,1148.0,32.27,2357.0,34.6,32.2,33.2,42.0,33.9,20.3,0.203,Tree cover,63.2,Kerala,Idukki,Devikulam,Debris,2018,1000–1500 m,30–40°,2000–2500 mm,50–100 m,2010s,3,4,3,3
1468,10.04,77.11,1773.0,29.07,2310.0,35.0,29.8,35.2,41.1,34.9,20.2,0.202,Tree cover,232.4,Kerala,Idukki,Devikulam,Debris,2019,1500–2000 m,20–30°,2000–2500 mm,100–500 m,2010s,4,3,3,4
1455,10.04,77.03,1177.0,17.56,2259.0,35.7,32.6,31.7,41.2,32.1,20.0,0.2,Tree cover,123.8,Kerala,Idukki,Devikulam,Debris,2019,1000–1500 m,10–20°,2000–2500 mm,100–500 m,2010s,3,2,3,4
1464,10.04,76.99,1047.0,29.75,2365.0,34.2,33.8,32.0,41.5,33.5,19.5,0.195,Tree cover,220.0,Kerala,Idukki,Devikulam,Debris,2018,1000–1500 m,20–30°,2000–2500 mm,100–500 m,2010s,3,3,3,4
1496,10.044731,76.839075,498.0,15.88,2775.0,33.0,38.2,28.9,39.5,33.6,17.6,0.176,Tree cover,6.5,Kerala,Idukki,Devikulam,Debris,2018,0–500 m,10–20°,2500–3000 mm,0–10 m,2010s,1,2,4,1
1518,10.05,76.87,651.0,19.77,2687.0,33.9,36.2,29.9,40.8,32.9,19.1,0.191,Tree cover,95.1,Kerala,Idukki,Devikulam,Debris,2018,500–1000 m,10–20°,2500–3000 mm,50–100 m,2010s,2,2,4,3
1515,10.05,76.96,1068.0,21.84,2484.0,32.0,34.4,33.5,40.8,32.8,19.2,0.192,Tree cover,430.5,Kerala,Idukki,Devikulam,Debris,2019,1000–1500 m,20–30°,2000–2500 mm,100–500 m,2010s,3,3,3,4
1516,10.05,76.95,1025.0,16.65,2506.0,33.1,36.3,30.6,40.6,33.7,18.8,0.188,Tree cover,151.3,Kerala,Idukki,Devikulam,Debris,2018,1000–1500 m,10–20°,2500–3000 mm,100–500 m,2010s,3,2,4,4
1557,10.06,77.04,1527.0,20.07,2429.0,32.2,32.9,34.9,40.3,33.3,20.1,0.201,Grassland,4.1,Kerala,Idukki,Devikulam,Debris,2019,1500–2000 m,20–30°,2000–2500 mm,0–10 m,2010s,4,3,3,1
1550,10.06,77.01,1604.0,32.2,2534.0,35.7,33.3,31.1,40.6,32.6,20.9,0.209,Tree cover,20.5,Kerala,Idukki,Devikulam,Debris,2018,1500–2000 m,30–40°,2500–3000 mm,10–50 m,2010s,4,4,4,2
1555,10.06,77.03,1549.0,29.64,2478.0,31.6,33.8,34.6,40.4,32.9,20.4,0.204,Tree cover,33.0,Kerala,Idukki,Devikulam,Debris,2019,1500–2000 m,20–30°,2000–2500 mm,10–50 m,2010s,4,3,3,2
1549,10.06,77.0,1527.0,16.03,2576.0,33.8,34.8,31.4,41.2,32.7,20.0,0.2,Tree cover,18.8,Kerala,Idukki,Devikulam,Debris,2019,1500–2000 m,10–20°,2500–3000 mm,10–50 m,2010s,4,2,4,2
1563,10.06,77.13,1858.0,25.06,2226.0,33.5,32.4,34.1,41.0,35.4,20.9,0.209,Grassland,118.7,Kerala,Idukki,Devikulam,Debris,2018,1500–2000 m,20–30°,2000–2500 mm,100–500 m,2010s,4,3,3,4
1548,10.06,76.82,552.0,6.01,2835.0,33.9,37.8,28.4,39.2,33.5,17.8,0.178,Tree cover,65.2,Kerala,Idukki,Devikulam,Debris,2019,500–1000 m,0–10°,2500–3000 mm,50–100 m,2010s,2,1,4,3
1619,10.07,76.99,1646.0,19.59,2641.0,31.3,34.6,34.0,41.2,32.9,19.2,0.192,Tree cover,106.9,Kerala,Idukki,Devikulam,Debris,2018,1500–2000 m,10–20°,2500–3000 mm,100–500 m,2010s,4,2,4,4
1604,10.07,77.04,1505.0,6.18,2432.0,34.0,35.2,30.8,40.5,32.7,19.6,0.196,Tree cover,61.9,Kerala,Idukki,Devikulam,Debris,2019,1500–2000 m,0–10°,2000–2500 mm,50–100 m,2010s,4,1,3,3
1625,10.07,77.05,1521.0,25.99,2354.0,33.4,33.9,32.7,40.4,32.7,19.5,0.195,Tree cover,30.2,Kerala,Idukki,Devikulam,Debris,2019,1500–2000 m,20–30°,2000–2500 mm,10–50 m,2010s,4,3,3,2
1644,10.07,77.07,1444.0,5.54,2291.0,34.0,33.9,32.1,40.6,33.2,20.4,0.204,Grassland,17.1,Kerala,Idukki,Devikulam,Debris,2018,1000–1500 m,0–10°,2000–2500 mm,10–50 m,2010s,3,1,3,2
1622,10.07,77.01,1550.0,20.47,2532.0,32.3,33.1,34.6,41.3,33.7,20.1,0.201,Tree cover,122.9,Kerala,Idukki,Devikulam,Debris,2019,1500–2000 m,20–30°,2500–3000 mm,100–500 m,2010s,4,3,4,4
1676,10.08,77.18,1898.0,26.93,2113.0,32.6,33.4,34.1,44.5,33.1,19.5,0.195,Tree cover,2.2,Kerala,Idukki,Devikulam,Debris,2019,1500–2000 m,20–30°,2000–2500 mm,0–10 m,2010s,4,3,3,1
1658,10.08,76.96,1151.0,0.94,2541.0,33.0,34.6,32.4,41.9,32.3,20.7,0.207,Tree cover,89.3,Kerala,Idukki,Devikulam,Debris,2019,1000–1500 m,0–10°,2500–3000 mm,50–100 m,2010s,3,1,4,3
1690,10.084472,77.063361,1458.0,16.52,2304.0,31.5,34.4,34.0,42.0,33.9,19.8,0.198,Built-up,0.1,Kerala,Idukki,Devikulam,Debris,2018,1000–1500 m,10–20°,2000–2500 mm,0–10 m,2010s,3,2,3,1
1709,10.09,76.93,734.0,27.75,2499.0,34.0,37.3,28.7,39.5,32.6,18.3,0.183,Tree cover,128.6,Kerala,Idukki,Devikulam,Debris,2018,500–1000 m,20–30°,2000–2500 mm,100–500 m,2010s,2,3,3,4
1739,10.09,77.05,1530.0,13.38,2343.0,31.1,33.9,35.0,42.0,33.5,20.1,0.201,Grassland,28.1,Kerala,Idukki,Devikulam,Debris,2019,1500–2000 m,10–20°,2000–2500 mm,10–50 m,2010s,4,2,3,2
1713,10.09,77.09,1622.0,14.19,2248.0,32.5,32.0,35.5,42.7,34.9,19.6,0.196,Tree cover,180.2,Kerala,Idukki,Devikulam,Debris,2018,1500–2000 m,10–20°,2000–2500 mm,100–500 m,2010s,4,2,3,4
1760,10.1,77.07,1699.0,17.09,2327.0,32.9,32.2,34.9,41.0,33.9,19.6,0.196,Grassland,131.0,Kerala,Idukki,Devikulam,Debris,2019,1500–2000 m,10–20°,2000–2500 mm,100–500 m,2010s,4,2,3,4
1752,10.1,76.93,698.0,15.66,2401.0,32.7,38.8,28.4,39.3,32.8,18.1,0.181,Tree cover,193.4,Kerala,Idukki,Devikulam,Debris,2019,500–1000 m,10–20°,2000–2500 mm,100–500 m,2010s,2,2,3,4
1750,10.1,76.8,436.0,5.81,2849.0,33.3,38.8,27.9,41.0,34.0,18.0,0.18,Tree cover,68.5,Kerala,Ernakulam,Kothamangalam,Debris,2019,0–500 m,0–10°,2500–3000 mm,50–100 m,2010s,1,1,4,3
1757,10.1,77.16,1715.0,11.16,2124.0,31.4,33.0,35.6,42.1,33.8,20.7,0.207,Tree cover,180.8,Kerala,Idukki,Devikulam,Debris,2019,1500–2000 m,10–20°,2000–2500 mm,100–500 m,2010s,4,2,3,4
1770,10.11,76.8,443.0,13.78,2790.0,32.7,39.2,28.1,39.0,33.1,18.8,0.188,Tree cover,291.0,Kerala,Ernakulam,Kothamangalam,Debris,2018,0–500 m,10–20°,2500–3000 mm,100–500 m,2010s,1,2,4,4
1771,10.11,76.7,54.0,3.43,3035.0,30.3,41.4,28.3,40.4,32.9,17.1,0.171,Tree cover,337.0,Kerala,Ernakulam,Kothamangalam,Debris,2019,0–500 m,0–10°,3000–4000 mm,100–500 m,2010s,1,1,5,4
1782,10.11,77.14,1642.0,15.5,2101.0,35.3,32.6,32.1,41.9,35.0,20.0,0.2,Built-up,105.3,Kerala,Idukki,Devikulam,Debris,2019,1500–2000 m,10–20°,2000–2500 mm,100–500 m,2010s,4,2,3,4
1768,10.11,76.93,704.0,14.91,2370.0,33.8,38.6,27.6,39.3,32.5,18.6,0.186,Tree cover,138.1,Kerala,Idukki,Devikulam,Debris,2018,500–1000 m,10–20°,2000–2500 mm,100–500 m,2010s,2,2,3,4
1805,10.12,76.93,750.0,18.6,2376.0,35.1,38.2,26.7,39.2,32.9,18.7,0.187,Tree cover,165.9,Kerala,Idukki,Devikulam,Debris,2019,500–1000 m,10–20°,2000–2500 mm,100–500 m,2010s,2,2,3,4
1818,10.12,77.13,1607.0,11.57,2121.0,34.7,32.5,32.8,41.7,35.3,19.9,0.199,Tree cover,143.4,Kerala,Idukki,Devikulam,Debris,2019,1500–2000 m,10–20°,2000–2500 mm,100–500 m,2010s,4,2,3,4
1841,10.13,76.95,452.0,18.3,2135.0,32.7,40.0,27.3,38.9,31.7,18.7,0.187,Tree cover,54.6,Kerala,Idukki,Devikulam,Debris,2019,0–500 m,10–20°,2000–2500 mm,50–100 m,2010s,1,2,3,3
1845,10.13,77.05,1658.0,23.1,2326.0,33.5,32.7,33.8,41.3,33.2,20.3,0.203,Tree cover,12.3,Kerala,Idukki,Devikulam,Debris,2019,1500–2000 m,20–30°,2000–2500 mm,10–50 m,2010s,4,3,3,2
1858,10.13,77.15,1648.0,19.29,2065.0,35.6,31.9,32.5,41.4,34.4,20.4,0.204,Tree cover,889.1,Kerala,Idukki,Devikulam,Debris,2019,1500–2000 m,10–20°,2000–2500 mm,500–1000 m,2010s,4,2,3,5
1860,10.13,77.24,1960.0,23.18,1912.0,34.0,32.6,33.4,41.9,34.3,20.9,0.209,Tree cover,6.7,Kerala,Idukki,Bodinayakanur,Debris,2019,1500–2000 m,20–30°,1500–2000 mm,0–10 m,2010s,4,3,2,1
1844,10.13,76.92,669.0,48.93,2313.0,31.8,39.6,28.5,40.2,32.0,18.6,0.186,Grassland,348.1,Kerala,Idukki,Devikulam,Debris,2018,500–1000 m,40–50°,2000–2500 mm,100–500 m,2010s,2,5,3,4
1847,10.13,77.04,1616.0,7.8,2368.0,33.3,31.3,35.4,41.4,33.1,20.3,0.203,Tree cover,41.4,Kerala,Idukki,Devikulam,Debris,2019,1500–2000 m,0–10°,2000–2500 mm,10–50 m,2010s,4,1,3,2
1864,10.13,77.1,1954.0,15.99,2269.0,35.6,31.5,32.9,43.1,36.5,20.7,0.207,Tree cover,261.3,Kerala,Idukki,Devikulam,Debris,2018,1500–2000 m,10–20°,2000–2500 mm,100–500 m,2010s,4,2,3,4
1857,10.13,77.17,1679.0,30.08,2037.0,34.0,34.1,32.0,40.2,33.0,19.4,0.194,Tree cover,77.4,Kerala,Idukki,Devikulam,Debris,2019,1500–2000 m,30–40°,2000–2500 mm,50–100 m,2010s,4,4,3,3
1840,10.13,76.94,491.0,30.53,2236.0,33.6,40.6,25.9,40.1,31.9,19.5,0.195,Tree cover,159.8,Kerala,Idukki,Devikulam,Debris,2019,0–500 m,30–40°,2000–2500 mm,100–500 m,2010s,1,4,3,4
1895,10.14,77.07,1745.0,18.06,2337.0,36.6,31.3,32.1,41.7,34.3,20.4,0.204,Tree cover,293.2,Kerala,Idukki,Devikulam,Debris,2019,1500–2000 m,10–20°,2000–2500 mm,100–500 m,2010s,4,2,3,4
1881,10.14,76.91,419.0,22.95,2266.0,32.6,39.2,28.2,39.8,32.5,18.3,0.183,Tree cover,30.3,Kerala,Idukki,Devikulam,Debris,2019,0–500 m,20–30°,2000–2500 mm,10–50 m,2010s,1,3,3,2
1889,10.14,77.19,1678.0,16.11,1975.0,31.2,33.8,35.0,41.0,34.0,20.6,0.206,Tree cover,208.0,Kerala,Idukki,Devikulam,Debris,2019,1500–2000 m,10–20°,1500–2000 mm,100–500 m,2010s,4,2,2,4
1878,10.14,76.94,521.0,15.25,2146.0,33.5,37.9,28.6,40.6,31.4,19.7,0.197,Tree cover,687.0,Kerala,Idukki,Devikulam,Debris,2019,500–1000 m,10–20°,2000–2500 mm,500–1000 m,2010s,2,2,3,5
1887,10.14,77.18,1628.0,8.18,1966.0,36.5,32.8,30.7,40.5,32.7,20.0,0.2,Tree cover,236.3,Kerala,Idukki,Devikulam,Debris,2019,1500–2000 m,0–10°,1500–2000 mm,100–500 m,2010s,4,1,2,4
1897,10.14,77.09,2145.0,39.0,2388.0,34.3,32.8,32.9,41.0,35.3,20.4,0.204,Tree cover,411.4,Kerala,Idukki,Devikulam,Debris,2018,2000–3000 m,30–40°,2000–2500 mm,100–500 m,2010s,5,4,3,4
1877,10.14,76.92,352.0,12.99,2209.0,31.1,41.0,27.9,40.0,33.4,18.7,0.187,Tree cover,101.7,Kerala,Idukki,Devikulam,Debris,2019,0–500 m,10–20°,2000–2500 mm,100–500 m,2010s,1,2,3,4
1931,10.15,77.11,1606.0,35.79,2158.0,33.9,32.3,33.9,41.1,32.0,19.6,0.196,Tree cover,5.3,Kerala,Idukki,Devikulam,Debris,2019,1500–2000 m,30–40°,2000–2500 mm,0–10 m,2010s,4,4,3,1
1913,10.15,77.08,1822.0,13.74,2305.0,32.3,31.7,36.0,43.6,35.7,20.3,0.203,Tree cover,21.3,Kerala,Idukki,Devikulam,Debris,2019,1500–2000 m,10–20°,2000–2500 mm,10–50 m,2010s,4,2,3,2
1946,10.16,77.1,1491.0,12.99,2076.0,31.7,34.8,33.6,41.9,33.3,19.1,0.191,Grassland,8.3,Kerala,Idukki,Devikulam,Debris,2019,1000–1500 m,10–20°,2000–2500 mm,0–10 m,2010s,3,2,3,1
1951,10.17,76.75,101.0,14.91,2787.0,30.5,36.3,33.2,40.2,33.0,18.2,0.182,Tree cover,603.8,Kerala,Ernakulam,Kothamangalam,Debris,2018,0–500 m,10–20°,2500–3000 mm,500–1000 m,2010s,1,2,4,5
1987,10.2,77.25,1640.0,16.65,1716.0,29.3,38.6,32.1,41.4,34.9,19.8,0.198,Tree cover,30.3,Kerala,Idukki,Devikulam,Debris,2019,1500–2000 m,10–20°,1500–2000 mm,10–50 m,2010s,4,2,2,2
2055,10.25,77.21,1401.0,24.05,1722.0,32.1,36.7,31.2,41.3,32.5,19.0,0.19,Grassland,74.4,Kerala,Idukki,Devikulam,Debris,2019,1000–1500 m,20–30°,1500–2000 mm,50–100 m,2010s,3,3,2,3
2690,10.559597,76.542353,109.0,21.43,2579.0,28.4,47.7,23.9,40.3,32.5,16.4,0.164,Tree cover,755.4,Kerala,Palakkad,Alathur,Debris,2018,0–500 m,20–30°,2500–3000 mm,500–1000 m,2010s,1,3,4,5
2709,10.577431,76.622336,103.0,23.64,2345.0,25.4,48.7,25.9,40.6,33.6,17.9,0.179,Tree cover,38.4,Kerala,Palakkad,Chittur,Soil,2018,0–500 m,20–30°,2000–2500 mm,10–50 m,2010s,1,3,3,2
2712,10.582519,76.621567,139.0,17.63,2345.0,27.7,49.2,23.1,40.2,33.4,16.0,0.16,Tree cover,138.4,Kerala,Palakkad,Chittur,Debris,2018,0–500 m,10–20°,2000–2500 mm,100–500 m,2010s,1,2,3,4
2717,10.586928,76.604111,109.0,18.36,2392.0,26.6,48.5,24.9,40.0,33.2,17.1,0.171,Grassland,101.5,Kerala,Palakkad,Chittur,Soil,2018,0–500 m,10–20°,2000–2500 mm,100–500 m,2010s,1,2,3,4
2721,10.588025,76.606692,143.0,8.77,2392.0,27.5,47.7,24.8,40.0,33.0,16.5,0.165,Grassland,359.7,Kerala,Palakkad,Chittur,Debris,2018,0–500 m,0–10°,2000–2500 mm,100–500 m,2010s,1,1,3,4
2756,10.630083,76.525056,107.0,23.01,2648.0,28.9,48.4,22.7,40.3,31.4,16.4,0.164,Tree cover,267.4,Kerala,Palakkad,Alathur,Debris,2018,0–500 m,20–30°,2500–3000 mm,100–500 m,2010s,1,3,4,4
2758,10.632358,76.520253,98.0,8.62,2610.0,28.7,49.5,21.9,40.3,31.4,16.4,0.164,Tree cover,315.3,Kerala,Palakkad,Alathur,Debris,2018,0–500 m,0–10°,2500–3000 mm,100–500 m,2010s,1,1,4,4
2778,10.8505,76.2711,55.0,11.11,2767.0,26.7,48.9,24.4,39.3,32.2,15.3,0.153,Tree cover,307.6,Kerala,Malappuram,Ottappalam,Debris,1956,0–500 m,10–20°,2500–3000 mm,100–500 m,1950s,1,2,4,4
2779,10.8508,76.2712,62.0,12.24,2767.0,26.7,48.9,24.4,39.3,32.2,15.3,0.153,Tree cover,287.7,Kerala,Malappuram,Ottappalam,Debris,2007,0–500 m,10–20°,2500–3000 mm,100–500 m,2000s,1,2,4,4
2819,10.975989,76.572928,288.0,26.91,2252.0,32.9,36.8,30.2,40.7,32.4,19.3,0.193,Tree cover,172.5,Kerala,Palakkad,Mannarkad,Debris,2014,0–500 m,20–30°,2000–2500 mm,100–500 m,2010s,1,3,3,4
2840,11.017189,76.664061,855.0,17.8,2139.0,34.1,37.9,28.0,40.9,32.0,19.0,0.19,Tree cover,256.9,Kerala,Palakkad,Attappadi,Soil,1999,500–1000 m,10–20°,2000–2500 mm,100–500 m,1990s,2,2,3,4
2843,11.019092,76.664319,841.0,23.47,2139.0,33.6,37.9,28.4,40.9,32.0,19.0,0.19,Tree cover,92.2,Kerala,Palakkad,Attappadi,Debris,1998,500–1000 m,20–30°,2000–2500 mm,50–100 m,1990s,2,3,3,3
2851,11.027011,76.616214,724.0,29.59,2268.0,30.6,40.0,29.5,39.8,33.3,18.8,0.188,Tree cover,1163.3,Kerala,Palakkad,Attappadi,Debris,1996,500–1000 m,20–30°,2000–2500 mm,>1000 m,1990s,2,3,3,6
2853,11.027444,76.617342,702.0,21.38,2164.0,30.6,40.0,29.5,39.8,33.3,18.8,0.188,Tree cover,1286.9,Kerala,Palakkad,Attappadi,Debris,1996,500–1000 m,20–30°,2000–2500 mm,>1000 m,1990s,2,3,3,6
2854,11.027631,76.662803,875.0,12.77,2122.0,34.9,37.8,27.3,40.2,32.9,18.6,0.186,Grassland,0.1,Kerala,Palakkad,Attappadi,Debris,1999,500–1000 m,10–20°,2000–2500 mm,0–10 m,1990s,2,2,3,1
2855,11.027736,76.661681,877.0,18.23,2122.0,34.9,37.8,27.3,40.2,32.9,18.6,0.186,Tree cover,32.3,Kerala,Palakkad,Attappadi,Soil,1998,500–1000 m,10–20°,2000–2500 mm,10–50 m,1990s,2,2,3,2
2892,11.043378,76.639231,646.0,27.41,2003.0,31.9,40.0,28.2,40.2,31.9,19.4,0.194,Tree cover,254.1,Kerala,Palakkad,Attappadi,Debris,2009,500–1000 m,20–30°,2000–2500 mm,100–500 m,2000s,2,3,3,4
2897,11.046744,76.583922,777.0,37.41,2397.0,32.2,40.4,27.4,40.3,33.1,19.1,0.191,Tree cover,181.7,Kerala,Palakkad,Attappadi,Debris,2012,500–1000 m,30–40°,2000–2500 mm,100–500 m,2010s,2,4,3,4
2900,11.047383,76.596222,750.0,9.27,2338.0,32.0,39.2,28.8,40.8,33.5,18.5,0.185,Tree cover,12.9,Kerala,Palakkad,Attappadi,Soil,2012,500–1000 m,0–10°,2000–2500 mm,10–50 m,2010s,2,1,3,2
2906,11.0512,76.0709,24.0,3.42,2981.0,27.1,44.6,28.3,40.0,31.0,16.5,0.165,Tree cover,19.1,Kerala,Malappuram,Ernad,Debris,2007,0–500 m,0–10°,2500–3000 mm,10–50 m,2000s,1,1,4,2
2907,11.054544,76.686006,831.0,14.43,1947.0,30.1,36.0,33.9,40.9,33.9,19.0,0.19,Tree cover,356.4,Kerala,Palakkad,Attappadi,Soil,2015,500–1000 m,10–20°,1500–2000 mm,100–500 m,2010s,2,2,2,4
2908,11.055747,76.548056,537.0,15.6,2333.0,30.0,42.8,27.2,39.5,33.0,18.5,0.185,Tree cover,284.6,Kerala,Palakkad,Attappadi,Soil,2006,500–1000 m,10–20°,2000–2500 mm,100–500 m,2000s,2,2,3,4
2911,11.062219,76.551442,579.0,23.84,2311.0,29.7,46.3,24.0,40.5,32.4,18.7,0.187,Tree cover,21.9,Kerala,Palakkad,Attappadi,Rock,2006,500–1000 m,20–30°,2000–2500 mm,10–50 m,2000s,2,3,3,2
2917,11.067167,76.653944,601.0,33.24,1883.0,30.7,37.8,31.5,40.7,34.3,19.4,0.194,Tree cover,9.7,Kerala,Palakkad,Attappadi,Debris,2015,500–1000 m,30–40°,1500–2000 mm,0–10 m,2010s,2,4,2,1
2918,11.067333,76.654139,584.0,31.91,1883.0,30.0,38.4,31.5,40.2,34.3,18.5,0.185,Tree cover,4.4,Kerala,Palakkad,Attappadi,Debris,2015,500–1000 m,30–40°,1500–2000 mm,0–10 m,2010s,2,4,2,1
2924,11.07025,76.642528,710.0,17.96,2018.0,30.7,38.7,30.6,40.2,34.5,18.8,0.188,Tree cover,83.4,Kerala,Palakkad,Attappadi,Debris,2015,500–1000 m,10–20°,2000–2500 mm,50–100 m,2010s,2,2,3,3
2925,11.070667,76.641389,688.0,6.73,2036.0,30.7,38.7,30.6,40.2,34.5,18.8,0.188,Tree cover,7.5,Kerala,Palakkad,Attappadi,Debris,2015,500–1000 m,0–10°,2000–2500 mm,0–10 m,2010s,2,1,3,1
2926,11.070917,76.641583,687.0,10.2,2036.0,30.7,38.7,30.6,40.2,34.5,18.8,0.188,Tree cover,5.7,Kerala,Palakkad,Attappadi,Debris,2015,500–1000 m,10–20°,2000–2500 mm,0–10 m,2010s,2,2,3,1
2929,11.072083,76.640861,674.0,23.58,2036.0,29.5,39.4,31.1,40.2,34.5,18.8,0.188,Tree cover,4.5,Kerala,Palakkad,Attappadi,Debris,2015,500–1000 m,20–30°,2000–2500 mm,0–10 m,2010s,2,3,3,1
2931,11.073681,76.599097,806.0,13.01,2328.0,28.9,43.1,28.0,40.3,33.4,18.9,0.189,Tree cover,85.9,Kerala,Palakkad,Attappadi,Debris,1961,500–1000 m,10–20°,2000–2500 mm,50–100 m,1960s,2,2,3,3
2934,11.0755,76.640972,629.0,3.68,1967.0,30.0,40.9,29.1,40.2,34.5,18.8,0.188,Tree cover,58.0,Kerala,Palakkad,Attappadi,Debris,2015,500–1000 m,0–10°,1500–2000 mm,50–100 m,2010s,2,1,2,3
2935,11.075972,76.641972,652.0,15.95,1933.0,30.8,40.8,28.4,40.2,34.5,18.8,0.188,Built-up,8.6,Kerala,Palakkad,Attappadi,Debris,2015,500–1000 m,10–20°,1500–2000 mm,0–10 m,2010s,2,2,2,1
2937,11.076167,76.641472,651.0,24.44,1967.0,30.0,40.9,29.1,40.2,34.5,18.8,0.188,Tree cover,29.1,Kerala,Palakkad,Attappadi,Debris,2015,500–1000 m,20–30°,1500–2000 mm,10–50 m,2010s,2,3,2,2
2938,11.076194,76.642111,662.0,17.26,1933.0,30.8,40.8,28.4,40.2,34.5,18.8,0.188,Tree cover,23.0,Kerala,Palakkad,Attappadi,Debris,2015,500–1000 m,10–20°,1500–2000 mm,10–50 m,2010s,2,2,2,2
2940,11.0766,76.1606,105.0,6.73,2892.0,28.7,45.2,26.2,39.8,31.5,16.7,0.167,Tree cover,379.2,Kerala,Malappuram,Ernad,Debris,2007,0–500 m,0–10°,2500–3000 mm,100–500 m,2000s,1,1,4,4
2941,11.076611,76.641167,650.0,21.56,1967.0,29.3,41.8,28.8,40.2,33.7,18.1,0.181,Tree cover,25.3,Kerala,Palakkad,Attappadi,Debris,2015,500–1000 m,20–30°,1500–2000 mm,10–50 m,2010s,2,3,2,2
2945,11.077833,76.640694,613.0,9.72,1967.0,29.3,41.8,28.8,40.2,33.7,18.1,0.181,Tree cover,9.0,Kerala,Palakkad,Attappadi,Debris,2015,500–1000 m,0–10°,1500–2000 mm,0–10 m,2010s,2,1,2,1
2949,11.078167,76.641944,615.0,22.59,1933.0,29.3,41.8,28.8,40.2,33.7,18.1,0.181,Tree cover,33.4,Kerala,Palakkad,Attappadi,Debris,2015,500–1000 m,20–30°,1500–2000 mm,10–50 m,2010s,2,3,2,2
2952,11.079833,76.642833,618.0,23.34,1933.0,30.8,39.5,29.7,40.2,33.7,18.1,0.181,Tree cover,51.0,Kerala,Palakkad,Attappadi,Debris,2015,500–1000 m,20–30°,1500–2000 mm,50–100 m,2010s,2,3,2,3
2954,11.081139,76.644806,612.0,22.11,1933.0,31.1,38.3,30.5,40.3,33.9,17.9,0.179,Tree cover,81.7,Kerala,Palakkad,Attappadi,Debris,2015,500–1000 m,20–30°,1500–2000 mm,50–100 m,2010s,2,3,2,3
2956,11.082806,76.663083,587.0,30.5,1785.0,31.8,38.1,30.1,40.2,34.6,17.4,0.174,Tree cover,19.5,Kerala,Palakkad,Attappadi,Debris,2015,500–1000 m,30–40°,1500–2000 mm,10–50 m,2010s,2,4,2,2
2962,11.096811,76.556542,1257.0,42.52,2588.0,30.3,37.0,32.7,41.8,32.7,18.1,0.181,Grassland,1373.1,Kerala,Palakkad,Attappadi,Rock,1961,1000–1500 m,40–50°,2500–3000 mm,>1000 m,1960s,3,5,4,6
2965,11.123769,76.551275,1262.0,17.96,2572.0,27.5,38.0,34.4,43.1,33.6,18.4,0.184,Tree cover,1030.3,Kerala,Palakkad,Attappadi,Rock,2010,1000–1500 m,10–20°,2500–3000 mm,>1000 m,2010s,3,2,4,6
2970,11.134228,76.527867,983.0,26.34,2790.0,33.1,38.1,28.7,42.3,33.3,18.7,0.187,Tree cover,319.8,Kerala,Palakkad,Attappadi,Soil,2016,500–1000 m,20–30°,2500–3000 mm,100–500 m,2010s,2,3,4,4
2986,11.184089,76.644386,851.0,27.9,2086.0,31.4,36.5,32.1,41.5,32.4,18.4,0.184,Tree cover,1071.3,Kerala,Palakkad,Attappadi,Rock,2016,500–1000 m,20–30°,2000–2500 mm,>1000 m,2010s,2,3,3,6
2989,11.199392,76.328681,138.0,11.88,2652.0,32.9,39.4,27.7,40.0,32.9,19.1,0.191,Tree cover,203.9,Kerala,Malappuram,Nilambur,Soil,2018,0–500 m,10–20°,2500–3000 mm,100–500 m,2010s,1,2,4,4
3000,11.2133,76.1456,26.0,0.24,2948.0,27.5,47.0,25.6,40.2,32.0,15.6,0.156,Tree cover,67.6,Kerala,Malappuram,Ernad,Debris,2007,0–500 m,0–10°,2500–3000 mm,50–100 m,2000s,1,1,4,3
3053,11.272246,76.095465,64.0,20.38,3176.0,29.3,48.7,22.0,39.1,32.7,17.0,0.17,Tree cover,0.5,Kerala,Malappuram,Ernad,Debris,2015,0–500 m,20–30°,3000–4000 mm,0–10 m,2010s,1,3,5,1
3057,11.275,76.123,116.0,11.1,3265.0,30.3,46.7,23.0,40.3,32.8,18.8,0.188,Tree cover,16.8,Kerala,Malappuram,Ernad,Debris,2007,0–500 m,10–20°,3000–4000 mm,10–50 m,2000s,1,2,5,2
3094,11.2937,76.0504,143.0,19.74,3243.0,30.5,47.9,21.6,40.2,33.6,18.5,0.185,Tree cover,188.4,Kerala,Kozhikode,Kozhikode,Debris,2007,0–500 m,10–20°,3000–4000 mm,100–500 m,2000s,1,2,5,4
3247,11.337264,76.135661,391.0,25.29,3446.0,32.7,44.6,22.7,39.5,32.6,18.1,0.181,Tree cover,8.0,Kerala,Malappuram,Nilambur,Debris,2015,0–500 m,20–30°,3000–4000 mm,0–10 m,2010s,1,3,5,1
3255,11.337961,76.148764,203.0,24.08,3253.0,32.5,42.0,25.5,41.9,33.0,18.8,0.188,Tree cover,210.1,Kerala,Malappuram,Nilambur,Soil,2007,0–500 m,20–30°,3000–4000 mm,100–500 m,2000s,1,3,5,4
3258,11.338433,76.145994,202.0,12.77,3253.0,32.3,42.2,25.4,41.9,33.0,18.8,0.188,Tree cover,298.9,Kerala,Malappuram,Nilambur,Soil,2015,0–500 m,10–20°,3000–4000 mm,100–500 m,2010s,1,2,5,4
3276,11.3404,76.0681,92.0,11.61,3235.0,33.5,45.9,20.6,39.7,33.6,19.1,0.191,Tree cover,26.7,Kerala,Kozhikode,Thamarassery,Debris,2007,0–500 m,10–20°,3000–4000 mm,10–50 m,2000s,1,2,5,2
3339,11.359794,76.060058,92.0,20.33,3353.0,31.5,43.9,24.6,39.6,33.5,18.4,0.184,Tree cover,2.1,Kerala,Kozhikode,Thamarassery,Debris,2015,0–500 m,20–30°,3000–4000 mm,0–10 m,2010s,1,3,5,1
3344,11.361711,76.070767,255.0,22.1,3533.0,33.5,43.9,22.6,40.7,33.0,18.5,0.185,Tree cover,0.0,Kerala,Kozhikode,Thamarassery,Debris,2015,0–500 m,20–30°,3000–4000 mm,0–10 m,2010s,1,3,5,1
3345,11.361944,76.078469,335.0,28.38,3669.0,32.8,45.9,21.3,41.4,32.5,19.3,0.193,Tree cover,9.0,Kerala,Kozhikode,Thamarassery,Debris,2015,0–500 m,20–30°,3000–4000 mm,0–10 m,2010s,1,3,5,1
3358,11.366194,76.072064,433.0,26.61,3533.0,33.9,44.0,22.1,41.6,31.9,19.4,0.194,Tree cover,117.7,Kerala,Kozhikode,Thamarassery,Rock,2011,0–500 m,20–30°,3000–4000 mm,100–500 m,2010s,1,3,5,4
3396,11.384442,76.067714,446.0,18.43,3843.0,32.3,46.0,21.7,41.6,34.1,19.5,0.195,Tree cover,3.5,Kerala,Kozhikode,Thamarassery,Debris,2015,0–500 m,10–20°,3000–4000 mm,0–10 m,2010s,1,2,5,1
3421,11.395306,76.067806,666.0,18.79,4129.0,33.9,43.7,22.3,42.4,34.4,20.6,0.206,Tree cover,42.0,Kerala,Kozhikode,Thamarassery,Rock,1986,500–1000 m,10–20°,>4000 mm,10–50 m,1980s,2,2,6,2
3423,11.396989,76.082361,721.0,16.45,4078.0,35.2,44.2,20.7,42.1,33.8,20.1,0.201,Tree cover,0.3,Kerala,Kozhikode,Thamarassery,Rock,2014,500–1000 m,10–20°,>4000 mm,0–10 m,2010s,2,2,6,1
3433,11.401672,76.017956,118.0,16.59,3311.0,32.9,42.5,24.5,39.2,34.2,17.0,0.17,Tree cover,246.9,Kerala,Kozhikode,Thamarassery,Debris,2015,0–500 m,10–20°,3000–4000 mm,100–500 m,2010s,1,2,5,4
3435,11.404606,76.025594,64.0,18.24,3265.0,33.5,43.2,23.3,39.1,33.5,18.2,0.182,Tree cover,3.2,Kerala,Kozhikode,Thamarassery,Soil,2015,0–500 m,10–20°,3000–4000 mm,0–10 m,2010s,1,2,5,1
3436,11.405026,76.056631,289.0,27.38,3440.0,31.2,44.9,24.0,40.9,32.3,19.2,0.192,Tree cover,85.6,Kerala,Kozhikode,Thamarassery,Rock,2012,0–500 m,20–30°,3000–4000 mm,50–100 m,2010s,1,3,5,3
3441,11.407861,76.23675,205.0,35.47,2872.0,29.9,46.6,23.5,40.1,32.8,17.6,0.176,Grassland,326.4,Kerala,Malappuram,Nilambur,Debris,2019,0–500 m,30–40°,2500–3000 mm,100–500 m,2010s,1,4,4,4
3461,11.414406,76.035175,47.0,7.58,3247.0,30.9,45.2,24.0,39.6,33.0,17.9,0.179,Tree cover,3.6,Kerala,Kozhikode,Thamarassery,Soil,2015,0–500 m,0–10°,3000–4000 mm,0–10 m,2010s,1,1,5,1
3474,11.416489,76.016078,61.0,13.98,3289.0,28.4,47.1,24.6,39.4,33.1,17.2,0.172,Tree cover,7.1,Kerala,Kozhikode,Thamarassery,Debris,2015,0–500 m,10–20°,3000–4000 mm,0–10 m,2010s,1,2,5,1
3485,11.419903,76.23705,71.0,12.2,2794.0,29.0,45.1,25.9,39.8,34.1,17.7,0.177,Tree cover,5.8,Kerala,Malappuram,Nilambur,Rock,2015,0–500 m,10–20°,2500–3000 mm,0–10 m,2010s,1,2,4,1
3514,11.437447,76.067175,318.0,18.45,3587.0,33.3,44.9,21.7,40.5,33.8,18.8,0.188,Tree cover,4.5,Kerala,Kozhikode,Thamarassery,Rock,2015,0–500 m,10–20°,3000–4000 mm,0–10 m,2010s,1,2,5,1
3516,11.438214,76.064961,301.0,22.86,3492.0,33.0,45.4,21.6,40.5,33.8,18.8,0.188,Tree cover,3.2,Kerala,Kozhikode,Thamarassery,Rock,2015,0–500 m,20–30°,3000–4000 mm,0–10 m,2010s,1,3,5,1
3519,11.439406,76.038903,133.0,13.38,3342.0,30.5,46.3,23.1,40.3,33.7,18.7,0.187,Built-up,1.3,Kerala,Kozhikode,Thamarassery,Soil,2015,0–500 m,10–20°,3000–4000 mm,0–10 m,2010s,1,2,5,1
3523,11.442981,76.056111,236.0,21.06,3481.0,30.0,47.1,22.9,40.2,33.7,19.3,0.193,Tree cover,25.9,Kerala,Kozhikode,Thamarassery,Debris,2015,0–500 m,20–30°,3000–4000 mm,10–50 m,2010s,1,3,5,2
3526,11.444172,76.074897,383.0,14.43,3633.0,33.7,46.1,20.2,40.2,34.3,19.1,0.191,Tree cover,4.9,Kerala,Kozhikode,Thamarassery,Rock,2015,0–500 m,10–20°,3000–4000 mm,0–10 m,2010s,1,2,5,1
3545,11.455592,76.034178,183.0,7.73,3448.0,31.3,46.1,22.6,41.1,33.8,19.1,0.191,Tree cover,2.6,Kerala,Kozhikode,Thamarassery,Rock,2015,0–500 m,0–10°,3000–4000 mm,0–10 m,2010s,1,1,5,1
3549,11.457566,76.097791,728.0,14.07,3918.0,32.6,43.8,23.6,42.1,34.4,20.0,0.2,Tree cover,192.6,Kerala,Kozhikode,Thamarassery,Debris,2015,500–1000 m,10–20°,3000–4000 mm,100–500 m,2010s,2,2,5,4
3550,11.457868,75.93616,350.0,30.0,3645.0,32.0,49.2,18.8,40.3,34.3,18.4,0.184,Tree cover,106.9,Kerala,Kozhikode,Thamarassery,Debris,2018,0–500 m,20–30°,3000–4000 mm,100–500 m,2010s,1,3,5,4
3567,11.469539,76.049333,406.0,26.78,3638.0,32.5,46.2,21.3,40.0,35.3,19.5,0.195,Tree cover,4.4,Kerala,Kozhikode,Thamarassery,Soil,2015,0–500 m,20–30°,3000–4000 mm,0–10 m,2010s,1,3,5,1
3584,11.4926,75.8665,275.0,28.42,3988.0,33.9,44.1,21.9,42.2,32.4,19.6,0.196,Tree cover,151.4,Kerala,Kozhikode,Koyilandi,Debris,2007,0–500 m,20–30°,3000–4000 mm,100–500 m,2000s,1,3,5,4
3592,11.501078,76.003206,115.0,16.07,3574.0,31.8,46.2,22.0,41.5,34.3,19.2,0.192,Tree cover,9.4,Kerala,Kozhikode,Thamarassery,Debris,2008,0–500 m,10–20°,3000–4000 mm,0–10 m,2000s,1,2,5,1
3593,11.501625,76.004372,129.0,10.96,3574.0,31.8,46.2,22.0,41.5,34.3,19.2,0.192,Tree cover,50.2,Kerala,Kozhikode,Thamarassery,Debris,2008,0–500 m,10–20°,3000–4000 mm,50–100 m,2000s,1,2,5,3
3594,11.502122,76.007044,163.0,15.77,3574.0,32.2,45.8,22.0,41.5,34.3,19.2,0.192,Tree cover,141.0,Kerala,Kozhikode,Thamarassery,Debris,2007,0–500 m,10–20°,3000–4000 mm,100–500 m,2000s,1,2,5,4
3610,11.51,76.28,867.0,7.71,3423.0,27.1,42.6,30.3,39.6,32.4,18.7,0.187,Tree cover,78.7,Tamil Nadu,Nilgiri,Panthalur,Debris,2020,500–1000 m,0–10°,3000–4000 mm,50–100 m,2020s,2,1,5,3
3630,11.519206,76.135783,870.0,21.07,3788.0,26.7,41.5,31.8,40.7,33.7,18.5,0.185,Tree cover,2.1,Kerala,Wayanad,Vythiri,Debris,2008,500–1000 m,20–30°,3000–4000 mm,0–10 m,2000s,2,3,5,1
3638,11.525275,76.145222,818.0,24.59,3708.0,30.2,44.1,25.7,40.5,34.0,18.0,0.18,Tree cover,33.4,Kerala,Wayanad,Vythiri,Debris,2009,500–1000 m,20–30°,3000–4000 mm,10–50 m,2000s,2,3,5,2
3641,11.526258,76.154406,804.0,18.69,3689.0,31.6,42.3,26.1,40.0,32.0,18.0,0.18,Tree cover,0.8,Kerala,Wayanad,Vythiri,Rock,2009,500–1000 m,10–20°,3000–4000 mm,0–10 m,2000s,2,2,5,1
3642,11.526589,76.144019,844.0,22.15,3708.0,31.2,43.4,25.4,40.6,32.9,18.7,0.187,Tree cover,82.4,Kerala,Wayanad,Vythiri,Debris,2009,500–1000 m,20–30°,3000–4000 mm,50–100 m,2000s,2,3,5,3
3649,11.529722,75.876111,66.0,3.76,3638.0,31.9,46.4,21.7,39.9,33.4,17.2,0.172,Tree cover,91.1,Kerala,Kozhikode,Thamarassery,Rock,2014,0–500 m,0–10°,3000–4000 mm,50–100 m,2010s,1,1,5,3
3654,11.53,76.47,960.0,22.07,2425.0,28.6,40.8,30.5,40.5,32.8,17.6,0.176,Tree cover,13.9,Tamil Nadu,Nilgiri,Gudalur,Debris,2019,500–1000 m,20–30°,2000–2500 mm,10–50 m,2010s,2,3,3,2
3664,11.534194,76.228447,994.0,25.18,3467.0,30.8,39.1,30.0,40.2,34.7,18.3,0.183,Tree cover,336.7,Kerala,Wayanad,Vythiri,Debris,2008,500–1000 m,20–30°,3000–4000 mm,100–500 m,2000s,2,3,5,4
3666,11.534597,76.189739,848.0,13.25,3583.0,28.3,43.9,27.8,40.4,32.7,18.2,0.182,Tree cover,97.1,Kerala,Wayanad,Vythiri,Debris,2010,500–1000 m,10–20°,3000–4000 mm,50–100 m,2010s,2,2,5,3
3668,11.534744,76.228631,1001.0,31.79,3467.0,28.8,40.9,30.3,41.3,32.5,17.4,0.174,Tree cover,272.5,Kerala,Wayanad,Vythiri,Debris,2008,1000–1500 m,30–40°,3000–4000 mm,100–500 m,2000s,3,4,5,4
3672,11.536478,76.229122,980.0,22.1,3467.0,28.8,40.9,30.3,41.3,32.5,17.4,0.174,Tree cover,72.8,Kerala,Wayanad,Vythiri,Rock,2008,500–1000 m,20–30°,3000–4000 mm,50–100 m,2000s,2,3,5,3
3677,11.538819,76.150189,825.0,24.18,3674.0,32.1,41.9,26.0,40.4,34.2,18.7,0.187,Tree cover,68.9,Kerala,Wayanad,Vythiri,Debris,2009,500–1000 m,20–30°,3000–4000 mm,50–100 m,2000s,2,3,5,3
3679,11.539167,75.905278,95.0,8.84,3756.0,32.8,45.9,21.2,39.7,33.9,18.1,0.181,Tree cover,1.3,Kerala,Kozhikode,Thamarassery,Rock,2014,0–500 m,0–10°,3000–4000 mm,0–10 m,2010s,1,1,5,1
3692,11.540794,76.154522,869.0,23.02,3674.0,31.8,41.7,26.5,40.0,31.8,17.9,0.179,Tree cover,22.7,Kerala,Wayanad,Vythiri,Debris,2010,500–1000 m,20–30°,3000–4000 mm,10–50 m,2010s,2,3,5,2
3694,11.541958,76.137411,850.0,15.71,3688.0,31.6,41.8,26.6,40.7,34.5,18.4,0.184,Tree cover,139.6,Kerala,Wayanad,Vythiri,Debris,1961,500–1000 m,10–20°,3000–4000 mm,100–500 m,1960s,2,2,5,4
3697,11.543053,76.156533,900.0,14.6,3653.0,31.3,41.7,27.0,40.0,31.8,17.9,0.179,Tree cover,45.9,Kerala,Wayanad,Vythiri,Debris,1982,500–1000 m,10–20°,3000–4000 mm,10–50 m,1980s,2,2,5,2
3698,11.54315,76.154031,856.0,24.22,3653.0,31.5,41.9,26.6,40.0,31.8,17.9,0.179,Tree cover,9.4,Kerala,Wayanad,Vythiri,Debris,1961,500–1000 m,20–30°,3000–4000 mm,0–10 m,1960s,2,3,5,1
3700,11.543214,76.154,841.0,12.98,3653.0,31.5,41.9,26.6,40.0,31.8,17.9,0.179,Tree cover,1.7,Kerala,Wayanad,Vythiri,Debris,2008,500–1000 m,10–20°,3000–4000 mm,0–10 m,2000s,2,2,5,1
3718,11.548056,75.926944,716.0,19.63,4153.0,35.3,41.9,22.8,40.8,34.0,19.7,0.197,Tree cover,41.3,Kerala,Kozhikode,Koyilandi,Rock,2014,500–1000 m,10–20°,>4000 mm,10–50 m,2010s,2,2,6,2
3721,11.548333,75.926667,709.0,11.7,4153.0,35.3,41.9,22.8,40.8,34.0,19.7,0.197,Tree cover,56.6,Kerala,Kozhikode,Koyilandi,Debris,2007,500–1000 m,10–20°,>4000 mm,50–100 m,2000s,2,2,6,3
3740,11.552539,76.0895,1089.0,16.59,3820.0,28.4,42.7,28.9,41.7,33.9,18.4,0.184,Tree cover,127.0,Kerala,Wayanad,Vythiri,Debris,1961,1000–1500 m,10–20°,3000–4000 mm,100–500 m,1960s,3,2,5,4
3743,11.553164,76.085942,1112.0,34.18,3820.0,29.2,42.8,28.0,41.1,34.3,18.6,0.186,Tree cover,39.5,Kerala,Wayanad,Vythiri,Debris,2015,1000–1500 m,30–40°,3000–4000 mm,10–50 m,2010s,3,4,5,2
3744,11.553283,76.101244,969.0,21.26,3768.0,33.7,41.6,24.7,40.1,33.4,18.4,0.184,Tree cover,1.1,Kerala,Wayanad,Vythiri,Debris,2008,500–1000 m,20–30°,3000–4000 mm,0–10 m,2000s,2,3,5,1
3749,11.554256,76.0928,1027.0,14.27,3803.0,28.9,42.5,28.5,41.7,33.9,18.4,0.184,Tree cover,18.8,Kerala,Wayanad,Vythiri,Debris,1961,1000–1500 m,10–20°,3000–4000 mm,10–50 m,1960s,3,2,5,2
3761,11.556978,76.198161,831.0,23.29,3496.0,27.1,44.7,28.2,40.8,34.4,18.5,0.185,Tree cover,7.0,Kerala,Wayanad,Vythiri,Soil,2015,500–1000 m,20–30°,3000–4000 mm,0–10 m,2010s,2,3,5,1
3765,11.557222,75.916611,736.0,42.11,3978.0,34.7,42.2,23.1,41.4,33.8,19.1,0.191,Tree cover,1.0,Kerala,Kozhikode,Koyilandi,Debris,1984,500–1000 m,40–50°,3000–4000 mm,0–10 m,1980s,2,5,5,1
3774,11.559564,76.136561,862.0,29.97,3614.0,31.9,43.1,25.0,40.9,32.1,18.0,0.18,Tree cover,169.9,Kerala,Wayanad,Vythiri,Debris,1961,500–1000 m,20–30°,3000–4000 mm,100–500 m,1960s,2,3,5,4
3849,11.632778,75.955,745.0,9.67,3855.0,33.9,41.9,24.2,41.5,35.9,19.3,0.193,Grassland,44.2,Kerala,Wayanad,Vythiri,Debris,2007,500–1000 m,0–10°,3000–4000 mm,10–50 m,2000s,2,1,5,2
3866,11.650556,75.873056,478.0,8.7,3940.0,36.2,42.8,21.1,40.5,33.6,18.8,0.188,Tree cover,16.1,Kerala,Kozhikode,Koyilandi,Rock,2007,0–500 m,0–10°,3000–4000 mm,10–50 m,2000s,1,1,5,2
3874,11.666886,75.8525,519.0,26.44,3958.0,35.2,44.5,20.3,41.8,34.8,19.5,0.195,Tree cover,170.6,Kerala,Kozhikode,Vatakara,Debris,2007,500–1000 m,20–30°,3000–4000 mm,100–500 m,2000s,2,3,5,4
3878,11.670833,75.811111,70.0,9.46,3938.0,30.0,46.7,23.3,39.8,33.9,17.4,0.174,Tree cover,101.4,Kerala,Kozhikode,Vatakara,Rock,2004,0–500 m,0–10°,3000–4000 mm,100–500 m,2000s,1,1,5,4
3881,11.673056,75.840833,497.0,39.31,4023.0,35.8,44.7,19.5,42.1,34.1,19.6,0.196,Tree cover,270.5,Kerala,Kozhikode,Vatakara,Debris,1994,0–500 m,30–40°,>4000 mm,100–500 m,1990s,1,4,6,4
3885,11.678889,75.893056,1070.0,25.73,4030.0,33.6,40.4,26.0,42.6,33.4,20.1,0.201,Tree cover,3636.7,Kerala,Kozhikode,Vatakara,Debris,2007,1000–1500 m,20–30°,>4000 mm,>1000 m,2000s,3,3,6,6
3888,11.682222,75.894167,1092.0,25.54,4030.0,34.8,40.2,25.0,42.6,33.4,20.1,0.201,Tree cover,3741.5,Kerala,Kozhikode,Vatakara,Debris,2007,1000–1500 m,20–30°,>4000 mm,>1000 m,2000s,3,3,6,6
3895,11.6925,75.806389,129.0,17.12,4065.0,30.7,46.2,23.1,40.0,33.9,17.7,0.177,Tree cover,4.8,Kerala,Kozhikode,Vatakara,Rock,2014,0–500 m,10–20°,>4000 mm,0–10 m,2010s,1,2,6,1
3899,11.699598,75.772301,302.0,27.75,4121.0,30.8,46.4,22.8,42.2,33.6,19.9,0.199,Tree cover,162.7,Kerala,Wayanad,Vatakara,Rock,1984,0–500 m,20–30°,>4000 mm,100–500 m,1980s,1,3,6,4
3903,11.704444,75.788438,294.0,16.51,4158.0,32.7,46.2,21.0,41.2,33.5,18.6,0.186,Tree cover,82.2,Kerala,Kozhikode,Vatakara,Debris,1995,0–500 m,10–20°,>4000 mm,50–100 m,1990s,1,2,6,3
3918,11.723056,75.799722,398.0,21.94,4093.0,33.5,44.9,21.5,43.0,35.2,19.5,0.195,Tree cover,33.4,Kerala,Kozhikode,Vatakara,Debris,2008,0–500 m,20–30°,>4000 mm,10–50 m,2000s,1,3,6,2
3919,11.723611,75.809444,483.0,30.99,4032.0,32.6,41.7,25.7,42.3,35.8,18.9,0.189,Tree cover,5.5,Kerala,Kozhikode,Vatakara,Debris,2009,0–500 m,30–40°,>4000 mm,0–10 m,2000s,1,4,6,1
3920,11.726111,75.798889,554.0,31.2,4081.0,33.0,43.7,23.2,43.0,35.2,19.5,0.195,Tree cover,135.7,Kerala,Kozhikode,Vatakara,Debris,1995,500–1000 m,30–40°,>4000 mm,100–500 m,1990s,2,4,6,4
3921,11.726389,75.812222,580.0,30.11,4003.0,33.0,41.8,25.2,42.3,35.8,18.9,0.189,Tree cover,3.6,Kerala,Kozhikode,Vatakara,Debris,2014,500–1000 m,30–40°,>4000 mm,0–10 m,2010s,2,4,6,1
3941,11.812283,75.931206,806.0,4.65,3228.0,31.6,42.9,25.5,40.6,34.9,18.5,0.185,Tree cover,2.3,Kerala,Wayanad,Mananthavady,Debris,2004,500–1000 m,0–10°,3000–4000 mm,0–10 m,2000s,2,1,5,1
3942,11.813381,75.899742,776.0,19.36,3398.0,31.7,43.0,25.3,40.2,36.0,18.2,0.182,Tree cover,60.9,Kerala,Wayanad,Mananthavady,Debris,1958,500–1000 m,10–20°,3000–4000 mm,50–100 m,1950s,2,2,5,3
3943,11.817508,76.031861,823.0,21.95,2753.0,31.1,43.0,25.8,40.6,33.6,17.3,0.173,Tree cover,87.9,Kerala,Wayanad,Mananthavady,Debris,1962,500–1000 m,20–30°,2500–3000 mm,50–100 m,1960s,2,3,4,3
3944,11.818889,75.910019,775.0,13.38,3289.0,30.2,43.1,26.7,40.2,35.0,17.6,0.176,Tree cover,96.2,Kerala,Wayanad,Mananthavady,Debris,2004,500–1000 m,10–20°,3000–4000 mm,50–100 m,2000s,2,2,5,3
3945,11.825406,75.899028,773.0,24.47,3347.0,29.3,43.1,27.5,40.1,35.8,17.8,0.178,Tree cover,13.7,Kerala,Wayanad,Mananthavady,Debris,2010,500–1000 m,20–30°,3000–4000 mm,10–50 m,2010s,2,3,5,2
3946,11.826019,75.927853,818.0,15.52,3180.0,32.7,44.1,23.2,40.6,35.4,18.5,0.185,Tree cover,108.0,Kerala,Wayanad,Mananthavady,Debris,2013,500–1000 m,10–20°,3000–4000 mm,100–500 m,2010s,2,2,5,4
3951,11.835667,75.889422,798.0,19.72,3365.0,31.2,42.8,26.0,40.7,33.4,19.0,0.19,Tree cover,60.9,Kerala,Wayanad,Mananthavady,Debris,1976,500–1000 m,10–20°,3000–4000 mm,50–100 m,1970s,2,2,5,3
3967,11.8475,76.013944,916.0,3.32,2747.0,32.0,41.0,27.1,39.9,33.1,18.2,0.182,Grassland,149.3,Kerala,Wayanad,Mananthavady,Debris,1989,500–1000 m,0–10°,2500–3000 mm,100–500 m,1980s,2,1,4,4
3974,11.850967,75.755111,207.0,20.6,4377.0,34.0,40.2,25.9,40.2,34.4,19.1,0.191,Tree cover,119.8,Kerala,Kannur,Iritty,Debris,1965,0–500 m,20–30°,>4000 mm,100–500 m,1960s,1,3,6,4
3975,11.851636,75.910939,491.0,28.23,3563.0,32.4,44.5,23.1,40.3,33.6,18.6,0.186,Grassland,0.7,Kerala,Kannur,Iritty,Debris,2004,0–500 m,20–30°,3000–4000 mm,0–10 m,2000s,1,3,5,1
3979,11.853167,75.785297,523.0,15.38,4058.0,33.7,43.8,22.5,42.1,34.1,19.8,0.198,Tree cover,21.2,Kerala,Kannur,Iritty,Debris,2014,500–1000 m,10–20°,>4000 mm,10–50 m,2010s,2,2,6,2
3983,11.856686,75.678053,131.0,20.04,4358.0,29.7,43.9,26.4,39.4,34.4,18.4,0.184,Tree cover,240.4,Kerala,Kannur,Thalassery,Debris,1978,0–500 m,20–30°,>4000 mm,100–500 m,1970s,1,3,6,4
3988,11.86155,75.814519,666.0,18.03,3743.0,30.0,41.7,28.3,42.9,35.4,20.9,0.209,Tree cover,132.4,Kerala,Kannur,Iritty,Debris,1996,500–1000 m,10–20°,3000–4000 mm,100–500 m,1990s,2,2,5,4
3994,11.867225,75.793769,560.0,12.19,4034.0,29.5,45.9,24.6,41.5,34.6,19.2,0.192,Tree cover,29.3,Kerala,Kannur,Iritty,Debris,2014,500–1000 m,10–20°,>4000 mm,10–50 m,2010s,2,2,6,2
3995,11.867667,75.802511,493.0,18.91,4060.0,29.8,44.7,25.5,41.9,33.8,18.8,0.188,Tree cover,241.4,Kerala,Kannur,Iritty,Debris,2008,0–500 m,10–20°,>4000 mm,100–500 m,2000s,1,2,6,4
3996,11.869411,75.794333,513.0,23.85,4034.0,32.6,45.4,22.0,41.5,34.6,19.2,0.192,Tree cover,26.9,Kerala,Kannur,Iritty,Debris,1978,500–1000 m,20–30°,>4000 mm,10–50 m,1970s,2,3,6,2
3998,11.869667,75.757442,176.0,32.03,4388.0,31.6,44.2,24.1,40.4,33.4,17.9,0.179,Tree cover,133.9,Kerala,Kannur,Iritty,Debris,2015,0–500 m,30–40°,>4000 mm,100–500 m,2010s,1,4,6,4
4000,11.875272,75.831086,274.0,28.43,4173.0,32.3,44.3,23.4,40.2,33.4,19.4,0.194,Tree cover,122.3,Kerala,Kannur,Iritty,Debris,1957,0–500 m,20–30°,>4000 mm,100–500 m,1950s,1,3,6,4
4002,11.879906,75.832717,184.0,23.88,4173.0,29.9,44.6,25.5,40.1,33.4,18.2,0.182,Tree cover,178.1,Kerala,Kannur,Iritty,Debris,2006,0–500 m,20–30°,>4000 mm,100–500 m,2000s,1,3,6,4
4007,11.887897,75.803164,169.0,16.77,4305.0,31.5,45.9,22.7,40.0,34.1,18.4,0.184,Tree cover,125.5,Kerala,Kannur,Iritty,Debris,2007,0–500 m,10–20°,>4000 mm,100–500 m,2000s,1,2,6,4
4021,11.910208,75.861494,462.0,27.86,3706.0,33.6,45.1,21.4,41.7,34.1,19.0,0.19,Tree cover,5.4,Kerala,Kannur,Iritty,Debris,2004,0–500 m,20–30°,3000–4000 mm,0–10 m,2000s,1,3,5,1
4027,11.915508,75.836161,265.0,16.96,3916.0,32.3,46.7,20.9,39.7,34.3,17.9,0.179,Tree cover,128.1,Kerala,Kannur,Iritty,Debris,2014,0–500 m,10–20°,3000–4000 mm,100–500 m,2010s,1,2,5,4
4035,12.011325,75.620589,164.0,20.52,4728.0,30.3,45.7,24.0,39.4,33.2,18.0,0.18,Tree cover,27.4,Kerala,Kannur,Iritty,Debris,2012,0–500 m,20–30°,>4000 mm,10–50 m,2010s,1,3,6,2
4037,12.017186,75.653308,100.0,30.79,4712.0,27.7,47.2,25.1,39.3,32.8,17.5,0.175,Tree cover,102.5,Kerala,Kannur,Iritty,Debris,1966,0–500 m,30–40°,>4000 mm,100–500 m,1960s,1,4,6,4
4041,12.034658,75.701978,187.0,26.18,4727.0,30.4,47.1,22.6,39.7,33.1,17.7,0.177,Tree cover,251.4,Kerala,Kannur,Iritty,Debris,1999,0–500 m,20–30°,>4000 mm,100–500 m,1990s,1,3,6,4
4047,12.069883,75.586253,38.0,14.07,4658.0,28.5,48.1,23.4,40.2,32.9,16.8,0.168,Tree cover,147.2,Kerala,Kannur,Taliparamba,Debris,2012,0–500 m,10–20°,>4000 mm,100–500 m,2010s,1,2,6,4
4053,12.076078,75.788742,326.0,23.91,4304.0,31.7,46.9,21.4,40.3,34.2,17.1,0.171,Tree cover,419.5,Kerala,Kannur,Iritty,Debris,1993,0–500 m,20–30°,>4000 mm,100–500 m,1990s,1,3,6,4
4055,12.088144,75.693306,202.0,4.51,4677.0,29.7,45.9,24.4,41.6,34.4,19.4,0.194,Tree cover,22.2,Kerala,Kannur,Iritty,Debris,2004,0–500 m,0–10°,>4000 mm,10–50 m,2000s,1,1,6,2
4061,12.103539,75.698908,443.0,19.13,4423.0,33.4,46.7,19.9,41.9,35.0,18.3,0.183,Tree cover,116.0,Kerala,Kannur,Iritty,Debris,2002,0–500 m,10–20°,>4000 mm,100–500 m,2000s,1,2,6,4
4071,12.137561,75.588283,567.0,37.64,4689.0,32.3,46.5,21.1,41.4,36.0,19.2,0.192,Tree cover,0.2,Kerala,Kannur,Taliparamba,Debris,1977,500–1000 m,30–40°,>4000 mm,0–10 m,1970s,2,4,6,1
4076,12.141408,75.622753,524.0,24.41,4437.0,31.3,44.0,24.7,42.9,35.7,19.3,0.193,Tree cover,408.5,Kerala,Kannur,Taliparamba,Debris,2002,500–1000 m,20–30°,>4000 mm,100–500 m,2000s,2,3,6,4
4079,12.145739,75.597869,429.0,13.63,4758.0,32.6,47.1,20.3,41.7,34.3,18.6,0.186,Tree cover,34.6,Kerala,Kannur,Taliparamba,Debris,2000,0–500 m,10–20°,>4000 mm,10–50 m,2000s,1,2,6,2
4080,12.147497,75.623733,403.0,15.12,4520.0,32.2,46.3,21.5,41.6,35.3,19.3,0.193,Tree cover,18.8,Kerala,Kannur,Taliparamba,Debris,2010,0–500 m,10–20°,>4000 mm,10–50 m,2010s,1,2,6,2
4083,12.149322,75.588769,531.0,23.12,4705.0,33.9,45.7,20.3,42.0,35.0,19.2,0.192,Tree cover,4.9,Kerala,Kannur,Taliparamba,Debris,2014,500–1000 m,20–30°,>4000 mm,0–10 m,2010s,2,3,6,1
4101,12.159978,75.534558,702.0,37.02,4922.0,32.8,46.9,20.3,42.5,35.1,19.3,0.193,Tree cover,501.2,Kerala,Kannur,Taliparamba,Debris,2016,500–1000 m,30–40°,>4000 mm,500–1000 m,2010s,2,4,6,5
4108,12.162886,75.568642,635.0,14.44,4741.0,32.4,44.0,23.5,42.2,34.9,18.6,0.186,Tree cover,75.4,Kerala,Kannur,Taliparamba,Debris,2016,500–1000 m,10–20°,>4000 mm,50–100 m,2010s,2,2,6,3
4139,12.192731,75.523633,554.0,33.19,4989.0,36.6,45.5,17.9,40.8,33.1,19.5,0.195,Tree cover,9.8,Kerala,Kannur,Taliparamba,Debris,2012,500–1000 m,30–40°,>4000 mm,0–10 m,2010s,2,4,6,1
4172,12.237417,75.508767,363.0,27.16,4957.0,31.0,45.8,23.2,40.1,33.2,19.5,0.195,Tree cover,373.2,Kerala,Kannur,Taliparamba,Debris,1991,0–500 m,20–30°,>4000 mm,100–500 m,1990s,1,3,6,4
5503,13.643111,79.386778,295.0,18.96,882.0,32.4,36.2,31.4,37.8,29.5,17.5,0.175,Tree cover,0.6,Andhra Pradesh,Tirupati,Tirupati Urban,Debris,2021,0–500 m,10–20°,<1500 mm,0–10 m,2020s,1,2,1,1
5504,13.647667,79.355639,429.0,15.29,873.0,33.3,36.9,29.9,38.0,32.9,18.3,0.183,Tree cover,23.6,Andhra Pradesh,Tirupati,Tirupati Urban,Rock,2021,0–500 m,10–20°,<1500 mm,10–50 m,2020s,1,2,1,2
5505,13.647722,79.351,447.0,28.76,873.0,32.1,37.9,30.0,38.5,29.8,18.4,0.184,Tree cover,2.1,Andhra Pradesh,Tirupati,Tirupati Urban,Rock,2021,0–500 m,20–30°,<1500 mm,0–10 m,2020s,1,3,1,1
5506,13.649083,79.34775,454.0,29.71,864.0,32.6,37.4,30.1,38.5,29.8,18.4,0.184,Tree cover,27.2,Andhra Pradesh,Tirupati,Tirupati Urban,Debris,2021,0–500 m,20–30°,<1500 mm,10–50 m,2020s,1,3,1,2
5507,13.649333,79.346278,465.0,28.65,864.0,32.6,37.7,29.7,38.5,29.8,18.4,0.184,Tree cover,8.9,Andhra Pradesh,Tirupati,Tirupati Urban,Debris,2021,0–500 m,20–30°,<1500 mm,0–10 m,2020s,1,3,1,1
5508,13.6495,79.34675,461.0,29.58,864.0,32.6,37.7,29.7,38.5,29.8,18.4,0.184,Tree cover,7.6,Andhra Pradesh,Tirupati,Tirupati Urban,Rock,2021,0–500 m,20–30°,<1500 mm,0–10 m,2020s,1,3,1,1
5513,13.650083,79.341639,490.0,26.57,856.0,31.2,38.2,30.6,38.0,28.7,17.1,0.171,Tree cover,5.5,Andhra Pradesh,Tirupati,Tirupati Urban,Debris,2021,0–500 m,20–30°,<1500 mm,0–10 m,2020s,1,3,1,1
5514,13.65025,79.345417,510.0,32.54,887.0,31.0,38.6,30.4,38.5,29.8,18.4,0.184,Tree cover,47.0,Andhra Pradesh,Tirupati,Tirupati Urban,Debris,2021,500–1000 m,30–40°,<1500 mm,10–50 m,2020s,2,4,1,2
5515,13.651611,79.340444,503.0,21.52,856.0,32.7,38.6,28.6,38.0,28.7,17.1,0.171,Tree cover,4.6,Andhra Pradesh,Tirupati,Tirupati Urban,Debris,2021,500–1000 m,20–30°,<1500 mm,0–10 m,2020s,2,3,1,1
5516,13.651694,79.410806,225.0,21.64,886.0,33.1,38.1,28.9,36.8,32.5,17.5,0.175,Tree cover,2.9,Andhra Pradesh,Tirupati,Tirupati Urban,Debris,2021,0–500 m,20–30°,<1500 mm,0–10 m,2020s,1,3,1,1
5517,13.652917,79.341306,487.0,31.48,856.0,31.5,38.2,30.3,38.0,28.7,17.1,0.171,Tree cover,35.0,Andhra Pradesh,Tirupati,Tirupati Urban,Rock,2021,0–500 m,30–40°,<1500 mm,10–50 m,2020s,1,4,1,2
5519,13.656333,79.347833,550.0,27.72,887.0,32.3,37.5,30.2,38.4,31.9,18.2,0.182,Tree cover,1.8,Andhra Pradesh,Tirupati,Tirupati Urban,Debris,2021,500–1000 m,20–30°,<1500 mm,0–10 m,2020s,2,3,1,1
5520,13.656361,79.366056,892.0,21.47,958.0,32.5,38.5,29.1,35.0,33.3,17.0,0.17,Tree cover,914.4,Andhra Pradesh,Tirupati,Tirupati Urban,Debris,2021,500–1000 m,20–30°,<1500 mm,500–1000 m,2020s,2,3,1,5
5521,13.656389,79.347833,550.0,27.72,887.0,32.3,37.5,30.2,38.4,31.9,18.2,0.182,Tree cover,0.6,Andhra Pradesh,Tirupati,Tirupati Urban,Debris,2021,500–1000 m,20–30°,<1500 mm,0–10 m,2020s,2,3,1,1
5523,13.656778,79.348167,555.0,28.65,887.0,32.3,37.5,30.2,38.4,31.9,18.2,0.182,Tree cover,5.2,Andhra Pradesh,Tirupati,Tirupati Urban,Debris,2021,500–1000 m,20–30°,<1500 mm,0–10 m,2020s,2,3,1,1
5524,13.656889,79.34875,572.0,28.7,887.0,32.3,37.5,30.2,38.4,31.9,18.2,0.182,Tree cover,31.1,Andhra Pradesh,Tirupati,Tirupati Urban,Debris,2021,500–1000 m,20–30°,<1500 mm,10–50 m,2020s,2,3,1,2
5525,13.6573,79.348489,564.0,26.83,887.0,32.3,37.5,30.2,38.4,31.9,18.2,0.182,Tree cover,5.2,Andhra Pradesh,Tirupati,Tirupati Urban,Debris,2020,500–1000 m,20–30°,<1500 mm,0–10 m,2020s,2,3,1,1
5526,13.657306,79.3485,564.0,26.83,887.0,32.3,37.5,30.2,38.4,31.9,18.2,0.182,Tree cover,4.1,Andhra Pradesh,Tirupati,Tirupati Urban,Debris,2021,500–1000 m,20–30°,<1500 mm,0–10 m,2020s,2,3,1,1
5527,13.658944,79.3435,420.0,7.93,881.0,31.7,38.2,30.1,38.4,30.2,17.6,0.176,Tree cover,468.3,Andhra Pradesh,Tirupati,Tirupati Urban,Rock,2021,0–500 m,0–10°,<1500 mm,100–500 m,2020s,1,1,1,4
5529,13.659175,79.349417,584.0,30.5,881.0,33.2,37.8,29.0,38.4,31.9,18.2,0.182,Tree cover,0.8,Andhra Pradesh,Tirupati,Tirupati Urban,Debris,2020,500–1000 m,30–40°,<1500 mm,0–10 m,2020s,2,4,1,1
5531,13.65925,79.349361,584.0,30.5,881.0,33.2,37.8,29.0,38.4,31.9,18.2,0.182,Tree cover,9.4,Andhra Pradesh,Tirupati,Tirupati Urban,Debris,2021,500–1000 m,30–40°,<1500 mm,0–10 m,2020s,2,4,1,1
5537,13.663683,79.351611,617.0,19.0,946.0,32.9,39.5,27.6,36.6,32.5,17.7,0.177,Tree cover,0.5,Andhra Pradesh,Tirupati,Tirupati Urban,Debris,2020,500–1000 m,10–20°,<1500 mm,0–10 m,2020s,2,2,1,1
5542,13.666194,79.351972,775.0,34.37,946.0,32.4,39.4,28.2,36.6,32.5,17.7,0.177,Tree cover,29.4,Andhra Pradesh,Tirupati,Tirupati Urban,Debris,2021,500–1000 m,30–40°,<1500 mm,10–50 m,2020s,2,4,1,2
5545,13.666467,79.346806,698.0,32.71,881.0,33.0,39.6,27.4,36.6,32.5,17.7,0.177,Tree cover,0.7,Andhra Pradesh,Tirupati,Tirupati Urban,Debris,2021,500–1000 m,30–40°,<1500 mm,0–10 m,2020s,2,4,1,1
5547,13.667528,79.347611,779.0,30.58,934.0,33.0,39.6,27.4,36.6,32.5,17.7,0.177,Tree cover,1.2,Andhra Pradesh,Tirupati,Tirupati Urban,Debris,2021,500–1000 m,30–40°,<1500 mm,0–10 m,2020s,2,4,1,1
5549,13.667639,79.352528,904.0,7.93,967.0,32.4,39.4,28.2,36.6,32.5,17.7,0.177,Tree cover,66.8,Andhra Pradesh,Tirupati,Tirupati Urban,Debris,2021,500–1000 m,0–10°,<1500 mm,50–100 m,2020s,2,1,1,3
5550,13.667667,79.347222,793.0,33.57,934.0,33.0,39.6,27.4,36.6,32.5,17.7,0.177,Tree cover,4.9,Andhra Pradesh,Tirupati,Tirupati Urban,Debris,2021,500–1000 m,30–40°,<1500 mm,0–10 m,2020s,2,4,1,1
5552,13.668222,79.349861,876.0,36.3,934.0,33.0,38.5,28.5,36.6,32.5,17.7,0.177,Tree cover,4.0,Andhra Pradesh,Tirupati,Tirupati Urban,Rock,2021,500–1000 m,30–40°,<1500 mm,0–10 m,2020s,2,4,1,1
6410,15.4,74.03,117.0,11.81,3093.0,29.2,39.1,31.7,38.9,35.2,15.3,0.153,Tree cover,323.6,Goa,South Goa,Ponda,Debris,2020,0–500 m,10–20°,3000–4000 mm,100–500 m,2020s,1,2,5,4
6457,15.61,74.11,317.0,26.34,3520.0,33.8,39.4,26.8,37.7,34.4,15.8,0.158,Tree cover,75.5,Goa,North Goa,Satari,Debris,2020,0–500 m,20–30°,3000–4000 mm,50–100 m,2020s,1,3,5,3
6462,15.64,74.11,412.0,23.78,3623.0,38.0,35.7,26.3,38.5,33.6,16.2,0.162,Tree cover,362.2,Goa,North Goa,Satari,Debris,2020,0–500 m,20–30°,3000–4000 mm,100–500 m,2020s,1,3,5,4
6461,15.64,74.12,333.0,42.44,3533.0,33.3,39.4,27.2,38.9,34.0,17.0,0.17,Tree cover,375.2,Goa,North Goa,Satari,Debris,2020,0–500 m,40–50°,3000–4000 mm,100–500 m,2020s,1,5,5,4
6464,15.65,74.12,601.0,20.9,3747.0,38.1,36.5,25.3,38.6,34.2,17.6,0.176,Tree cover,22.7,Goa,North Goa,Satari,Debris,2020,500–1000 m,20–30°,3000–4000 mm,10–50 m,2020s,2,3,5,2
6473,15.755333,73.73075,43.0,20.0,3413.0,31.6,37.4,31.0,39.1,33.9,15.0,0.15,Tree cover,2.8,Maharashtra,Sindhudurg,Sawantwadi,Debris,2016,0–500 m,10–20°,3000–4000 mm,0–10 m,2010s,1,2,5,1
6474,15.774194,74.0,228.0,9.01,3762.0,31.9,37.9,30.2,38.6,34.8,15.8,0.158,Tree cover,3010.3,Maharashtra,Sindhudurg,Dodamarg,Rock,2016,0–500 m,0–10°,3000–4000 mm,>1000 m,2010s,1,1,5,6
6476,15.776333,73.985917,183.0,13.57,3859.0,33.4,36.9,29.7,40.0,35.1,15.8,0.158,Tree cover,4270.1,Maharashtra,Sindhudurg,Dodamarg,Soil,2016,0–500 m,10–20°,3000–4000 mm,>1000 m,2010s,1,2,5,6
6477,15.776778,73.987639,158.0,13.44,3859.0,32.3,36.9,30.8,40.0,35.1,15.8,0.158,Tree cover,4079.6,Maharashtra,Sindhudurg,Dodamarg,Rock,2016,0–500 m,10–20°,3000–4000 mm,>1000 m,2010s,1,2,5,6
6478,15.777278,73.989139,166.0,12.88,3859.0,32.3,36.9,30.8,40.0,35.1,15.8,0.158,Tree cover,3909.5,Maharashtra,Sindhudurg,Dodamarg,Debris,2016,0–500 m,10–20°,3000–4000 mm,>1000 m,2010s,1,2,5,6
6479,15.788611,73.874667,72.0,8.62,3769.0,33.0,36.4,30.6,39.8,34.3,14.9,0.149,Tree cover,817.1,Maharashtra,Sindhudurg,Sawantwadi,Debris,2016,0–500 m,0–10°,3000–4000 mm,500–1000 m,2010s,1,1,5,5
6480,15.789667,73.874333,79.0,29.72,3769.0,33.0,36.4,30.6,39.8,34.3,14.9,0.149,Tree cover,885.4,Maharashtra,Sindhudurg,Sawantwadi,Debris,2016,0–500 m,20–30°,3000–4000 mm,500–1000 m,2010s,1,3,5,5
6481,15.790722,73.8705,54.0,14.71,3769.0,33.0,37.1,29.9,38.6,34.2,14.6,0.146,Tree cover,762.2,Maharashtra,Sindhudurg,Sawantwadi,Debris,2016,0–500 m,10–20°,3000–4000 mm,500–1000 m,2010s,1,2,5,5
6482,15.798694,73.864583,22.0,14.53,3773.0,34.0,36.3,29.7,39.1,34.1,14.8,0.148,Tree cover,66.8,Maharashtra,Sindhudurg,Sawantwadi,Debris,2016,0–500 m,10–20°,3000–4000 mm,50–100 m,2010s,1,2,5,3
6483,15.802306,73.946806,170.0,15.51,3897.0,34.6,36.1,29.3,40.1,35.5,15.8,0.158,Tree cover,7.0,Maharashtra,Sindhudurg,Dodamarg,Soil,2015,0–500 m,10–20°,3000–4000 mm,0–10 m,2010s,1,2,5,1
6486,15.803833,73.947556,191.0,22.02,3897.0,34.9,35.9,29.2,40.1,35.5,15.8,0.158,Tree cover,4.4,Maharashtra,Sindhudurg,Dodamarg,Soil,2015,0–500 m,20–30°,3000–4000 mm,0–10 m,2010s,1,3,5,1
6490,15.812083,73.970278,133.0,23.63,3780.0,36.4,35.6,28.0,40.2,35.2,16.1,0.161,Tree cover,1433.6,Maharashtra,Sindhudurg,Dodamarg,Soil,2016,0–500 m,20–30°,3000–4000 mm,>1000 m,2010s,1,3,5,6
6492,15.816,73.9765,187.0,28.11,3848.0,33.8,36.0,30.2,40.0,35.2,16.2,0.162,Tree cover,2184.3,Maharashtra,Sindhudurg,Dodamarg,Rock,2016,0–500 m,20–30°,3000–4000 mm,>1000 m,2010s,1,3,5,6
6493,15.816528,73.976167,195.0,16.76,3848.0,33.8,36.0,30.2,40.0,35.2,16.2,0.162,Tree cover,2169.0,Maharashtra,Sindhudurg,Dodamarg,Debris,2016,0–500 m,10–20°,3000–4000 mm,>1000 m,2010s,1,2,5,6
6494,15.816889,73.978167,216.0,27.36,3975.0,34.6,35.9,29.5,40.0,35.2,16.2,0.162,Tree cover,2384.7,Maharashtra,Sindhudurg,Dodamarg,Debris,2016,0–500 m,20–30°,3000–4000 mm,>1000 m,2010s,1,3,5,6
6495,15.817306,73.978,210.0,28.83,3975.0,34.9,36.0,29.1,40.0,35.2,16.2,0.162,Tree cover,2383.0,Maharashtra,Sindhudurg,Dodamarg,Rock,2016,0–500 m,20–30°,3000–4000 mm,>1000 m,2010s,1,3,5,6
6503,15.838472,73.905139,142.0,8.32,3934.0,35.7,36.8,27.5,40.5,34.6,15.2,0.152,Tree cover,2320.2,Maharashtra,Sindhudurg,Sawantwadi,Rock,2016,0–500 m,0–10°,3000–4000 mm,>1000 m,2010s,1,1,5,6
6504,15.840889,73.928556,114.0,24.68,3909.0,36.6,34.8,28.6,40.0,35.3,15.5,0.155,Tree cover,3743.5,Maharashtra,Sindhudurg,Sawantwadi,Debris,2016,0–500 m,20–30°,3000–4000 mm,>1000 m,2010s,1,3,5,6
6505,15.841361,73.956444,413.0,26.6,4008.0,33.3,36.5,30.2,39.5,34.9,16.7,0.167,Tree cover,3482.1,Maharashtra,Sindhudurg,Dodamarg,Soil,2015,0–500 m,20–30°,>4000 mm,>1000 m,2010s,1,3,6,6
6509,15.8565,73.953333,349.0,26.67,4198.0,33.5,36.8,29.6,40.0,33.0,16.6,0.166,Tree cover,5181.7,Maharashtra,Sindhudurg,Sawantwadi,Debris,2016,0–500 m,20–30°,>4000 mm,>1000 m,2010s,1,3,6,6
6510,15.856833,73.953556,363.0,22.36,4198.0,33.5,36.8,29.6,40.0,33.0,16.6,0.166,Tree cover,5216.9,Maharashtra,Sindhudurg,Sawantwadi,Rock,2016,0–500 m,20–30°,>4000 mm,>1000 m,2010s,1,3,6,6
6511,15.858139,73.955139,389.0,24.92,4198.0,32.9,36.4,30.7,40.0,33.0,16.6,0.166,Tree cover,5352.7,Maharashtra,Sindhudurg,Sawantwadi,Debris,2016,0–500 m,20–30°,>4000 mm,>1000 m,2010s,1,3,6,6
6513,15.860528,73.955972,396.0,21.9,4174.0,33.0,36.6,30.4,40.0,33.0,16.6,0.166,Tree cover,5615.9,Maharashtra,Sindhudurg,Sawantwadi,Debris,2016,0–500 m,20–30°,>4000 mm,>1000 m,2010s,1,3,6,6
6514,15.863389,73.92275,64.0,13.37,3784.0,36.1,36.4,27.5,39.8,34.9,15.8,0.158,Tree cover,3711.4,Maharashtra,Sindhudurg,Sawantwadi,Debris,2016,0–500 m,10–20°,3000–4000 mm,>1000 m,2010s,1,2,5,6
6515,15.86425,73.966306,409.0,14.9,4347.0,33.9,36.5,29.6,39.0,30.8,16.6,0.166,Tree cover,6109.7,Maharashtra,Sindhudurg,Sawantwadi,Debris,2016,0–500 m,10–20°,>4000 mm,>1000 m,2010s,1,2,6,6
6516,15.864972,73.957944,467.0,11.6,4174.0,34.6,36.8,28.6,38.9,30.6,16.6,0.166,Tree cover,6110.0,Maharashtra,Sindhudurg,Sawantwadi,Soil,2016,0–500 m,10–20°,>4000 mm,>1000 m,2010s,1,2,6,6
6517,15.865333,73.957722,455.0,11.74,4174.0,34.6,36.8,28.6,38.9,30.6,16.6,0.166,Tree cover,6149.8,Maharashtra,Sindhudurg,Sawantwadi,Soil,2016,0–500 m,10–20°,>4000 mm,>1000 m,2010s,1,2,6,6
6520,15.868806,73.838528,101.0,17.51,4056.0,37.4,35.6,27.0,39.3,34.5,14.1,0.141,Tree cover,3.1,Maharashtra,Sindhudurg,Sawantwadi,Debris,2016,0–500 m,10–20°,>4000 mm,0–10 m,2010s,1,2,6,1
6521,15.869167,73.837917,102.0,14.91,4056.0,37.4,35.6,27.0,39.3,34.5,14.1,0.141,Tree cover,5.1,Maharashtra,Sindhudurg,Sawantwadi,Debris,2016,0–500 m,10–20°,>4000 mm,0–10 m,2010s,1,2,6,1
6522,15.869306,73.837083,110.0,19.97,4056.0,37.4,35.6,27.0,39.3,34.5,14.1,0.141,Tree cover,4.6,Maharashtra,Sindhudurg,Sawantwadi,Debris,2016,0–500 m,10–20°,>4000 mm,0–10 m,2010s,1,2,6,1
6523,15.869667,73.836806,120.0,22.25,4056.0,35.0,36.0,29.1,39.3,34.5,14.1,0.141,Tree cover,8.8,Maharashtra,Sindhudurg,Sawantwadi,Debris,2016,0–500 m,20–30°,>4000 mm,0–10 m,2010s,1,3,6,1
6528,15.893333,73.891278,52.0,5.05,3826.0,36.1,36.4,27.6,40.0,34.4,15.0,0.15,Tree cover,0.5,Maharashtra,Sindhudurg,Sawantwadi,Soil,2016,0–500 m,0–10°,3000–4000 mm,0–10 m,2010s,1,1,5,1
6532,15.933667,73.9395,163.0,19.48,3856.0,35.4,36.3,28.3,39.0,35.4,16.7,0.167,Tree cover,18.0,Maharashtra,Sindhudurg,Sawantwadi,Debris,2016,0–500 m,10–20°,3000–4000 mm,10–50 m,2010s,1,2,5,2
6541,15.980333,73.834778,81.0,15.25,4139.0,36.0,36.3,27.7,39.5,34.0,14.3,0.143,Tree cover,2513.0,Maharashtra,Sindhudurg,Kudal,Debris,2016,0–500 m,10–20°,>4000 mm,>1000 m,2010s,1,2,6,6
6542,16.006472,73.788806,51.0,4.52,3951.0,33.8,34.1,32.1,39.9,34.4,15.1,0.151,Grassland,130.4,Maharashtra,Sindhudurg,Kudal,Debris,2016,0–500 m,0–10°,3000–4000 mm,100–500 m,2010s,1,1,5,4
6544,16.032139,73.933361,142.0,12.64,3954.0,36.2,35.0,28.9,39.8,34.1,16.5,0.165,Tree cover,2205.1,Maharashtra,Sindhudurg,Kudal,Debris,2016,0–500 m,10–20°,3000–4000 mm,>1000 m,2010s,1,2,5,6
6545,16.032222,73.929778,123.0,9.66,3953.0,36.5,36.3,27.2,39.8,34.1,16.5,0.165,Tree cover,1896.8,Maharashtra,Sindhudurg,Kudal,Soil,2016,0–500 m,0–10°,3000–4000 mm,>1000 m,2010s,1,1,5,6
6546,16.034194,73.974722,208.0,16.38,3819.0,34.8,36.9,28.3,39.1,35.4,15.7,0.157,Tree cover,76.5,Maharashtra,Sindhudurg,Sawantwadi,Debris,2016,0–500 m,10–20°,3000–4000 mm,50–100 m,2010s,1,2,5,3
6548,16.042444,73.975417,338.0,23.62,3881.0,33.5,37.6,28.9,39.5,35.0,16.8,0.168,Tree cover,9.7,Maharashtra,Sindhudurg,Sawantwadi,Rock,2016,0–500 m,20–30°,3000–4000 mm,0–10 m,2010s,1,3,5,1
6549,16.043972,73.977222,357.0,26.49,3881.0,34.0,36.1,29.9,39.0,34.0,16.6,0.166,Tree cover,0.0,Maharashtra,Sindhudurg,Sawantwadi,Debris,2016,0–500 m,20–30°,3000–4000 mm,0–10 m,2010s,1,3,5,1
6550,16.044444,73.976583,378.0,24.45,3881.0,34.0,36.1,29.9,39.0,34.0,16.6,0.166,Tree cover,1.9,Maharashtra,Sindhudurg,Sawantwadi,Rock,2016,0–500 m,20–30°,3000–4000 mm,0–10 m,2010s,1,3,5,1
6552,16.044833,73.977056,372.0,26.03,3881.0,34.0,36.1,29.9,39.0,34.0,16.6,0.166,Tree cover,0.1,Maharashtra,Sindhudurg,Sawantwadi,Rock,2016,0–500 m,20–30°,3000–4000 mm,0–10 m,2010s,1,3,5,1
6553,16.045444,73.977667,361.0,23.01,3881.0,34.0,36.1,29.9,39.0,34.0,16.6,0.166,Tree cover,6.0,Maharashtra,Sindhudurg,Sawantwadi,Rock,2016,0–500 m,20–30°,3000–4000 mm,0–10 m,2010s,1,3,5,1
6555,16.051472,73.788806,130.0,21.84,4191.0,35.1,36.6,28.4,39.3,33.7,14.0,0.14,Tree cover,79.6,Maharashtra,Sindhudurg,Kudal,Debris,2016,0–500 m,20–30°,>4000 mm,50–100 m,2010s,1,3,6,3
6557,16.052972,73.789861,158.0,21.02,4191.0,34.6,36.0,29.4,39.3,34.8,14.7,0.147,Tree cover,1.7,Maharashtra,Sindhudurg,Kudal,Debris,2016,0–500 m,20–30°,>4000 mm,0–10 m,2010s,1,3,6,1
6558,16.053,73.984333,380.0,25.06,3859.0,33.7,35.4,30.8,39.7,34.5,16.2,0.162,Tree cover,4.9,Maharashtra,Sindhudurg,Kudal,Rock,2016,0–500 m,20–30°,3000–4000 mm,0–10 m,2010s,1,3,5,1
6559,16.053333,73.983611,373.0,16.1,3859.0,33.7,35.4,30.8,39.7,34.5,16.2,0.162,Tree cover,2.7,Maharashtra,Sindhudurg,Kudal,Rock,2016,0–500 m,10–20°,3000–4000 mm,0–10 m,2010s,1,2,5,1
6564,16.053861,73.984444,365.0,25.6,3859.0,33.7,35.4,30.8,39.7,34.5,16.2,0.162,Tree cover,7.9,Maharashtra,Sindhudurg,Kudal,Rock,2016,0–500 m,20–30°,3000–4000 mm,0–10 m,2010s,1,3,5,1
6566,16.058694,73.983472,276.0,17.6,3775.0,32.2,34.9,32.9,39.7,34.5,16.2,0.162,Tree cover,3.5,Maharashtra,Sindhudurg,Kudal,Debris,2016,0–500 m,10–20°,3000–4000 mm,0–10 m,2010s,1,2,5,1
6567,16.062472,73.982111,242.0,15.49,3753.0,31.5,36.5,32.0,39.0,34.1,15.7,0.157,Tree cover,4.7,Maharashtra,Sindhudurg,Kudal,Debris,2016,0–500 m,10–20°,3000–4000 mm,0–10 m,2010s,1,2,5,1
6568,16.064,73.955972,165.0,11.94,3829.0,36.0,35.2,28.7,38.9,35.2,17.1,0.171,Tree cover,0.0,Maharashtra,Sindhudurg,Kudal,Debris,2016,0–500 m,10–20°,3000–4000 mm,0–10 m,2010s,1,2,5,1
6571,16.172611,73.884667,224.0,23.56,4087.0,35.6,35.2,29.2,38.5,34.8,17.1,0.171,Tree cover,669.4,Maharashtra,Sindhudurg,Kudal,Debris,2016,0–500 m,20–30°,>4000 mm,500–1000 m,2010s,1,3,6,5
6573,16.172972,73.883639,204.0,25.85,4087.0,35.6,35.2,29.2,38.5,34.8,17.1,0.171,Tree cover,609.1,Maharashtra,Sindhudurg,Kudal,Debris,2016,0–500 m,20–30°,>4000 mm,500–1000 m,2010s,1,3,6,5
6576,16.191389,73.895472,269.0,26.49,4107.0,36.5,34.6,28.8,40.1,34.2,17.5,0.175,Grassland,1.9,Maharashtra,Sindhudurg,Kudal,Rock,2016,0–500 m,20–30°,>4000 mm,0–10 m,2010s,1,3,6,1
6577,16.191417,73.89625,261.0,27.58,4107.0,35.7,34.8,29.5,40.2,34.7,17.6,0.176,Tree cover,7.3,Maharashtra,Sindhudurg,Kudal,Rock,2016,0–500 m,20–30°,>4000 mm,0–10 m,2010s,1,3,6,1
6620,16.521,73.909,767.0,7.49,3246.0,39.0,34.1,26.9,39.6,36.3,17.5,0.175,Tree cover,73.5,Maharashtra,Kolhapur,Gaganbawada,Debris,2016,500–1000 m,0–10°,3000–4000 mm,50–100 m,2010s,2,1,5,3
6622,16.527,73.813,168.0,4.59,4606.0,32.4,36.2,31.4,39.4,35.1,16.5,0.165,Tree cover,686.8,Maharashtra,Sindhudurg,Vaibhavvadi,Debris,2016,0–500 m,0–10°,>4000 mm,500–1000 m,2010s,1,1,6,5
6624,16.53,73.804,211.0,21.72,4646.0,34.3,34.7,31.0,39.3,34.7,17.1,0.171,Tree cover,33.9,Maharashtra,Sindhudurg,Vaibhavvadi,Debris,2016,0–500 m,20–30°,>4000 mm,10–50 m,2010s,1,3,6,2
6623,16.53,73.803,242.0,29.01,4646.0,35.2,34.3,30.5,39.4,35.7,15.6,0.156,Tree cover,37.1,Maharashtra,Sindhudurg,Vaibhavvadi,Debris,2016,0–500 m,20–30°,>4000 mm,10–50 m,2010s,1,3,6,2
6629,16.532,73.805,257.0,27.36,4646.0,35.0,34.0,30.9,39.3,34.7,17.1,0.171,Grassland,32.7,Maharashtra,Sindhudurg,Vaibhavvadi,Debris,2016,0–500 m,20–30°,>4000 mm,10–50 m,2010s,1,3,6,2
6633,16.533,73.825,477.0,43.26,4107.0,35.4,34.4,30.2,39.5,35.8,16.3,0.163,Grassland,20.6,Maharashtra,Sindhudurg,Vaibhavvadi,Debris,2016,0–500 m,40–50°,>4000 mm,10–50 m,2010s,1,5,6,2
6632,16.533,73.829,501.0,38.53,4107.0,35.3,34.1,30.6,39.5,35.8,16.3,0.163,Tree cover,54.2,Maharashtra,Sindhudurg,Vaibhavvadi,Debris,2016,500–1000 m,30–40°,>4000 mm,50–100 m,2010s,2,4,6,3
6634,16.533,73.824,447.0,29.25,4419.0,35.4,34.4,30.2,39.5,35.8,16.3,0.163,Tree cover,64.6,Maharashtra,Sindhudurg,Vaibhavvadi,Debris,2015,0–500 m,20–30°,>4000 mm,50–100 m,2010s,1,3,6,3
6635,16.533,73.823,464.0,24.96,4419.0,35.0,33.9,31.1,39.5,35.0,16.6,0.166,Tree cover,58.8,Maharashtra,Sindhudurg,Vaibhavvadi,Debris,2016,0–500 m,20–30°,>4000 mm,50–100 m,2010s,1,3,6,3
6636,16.534,73.805,277.0,30.0,4547.0,34.8,33.6,31.5,39.3,34.7,17.1,0.171,Grassland,21.4,Maharashtra,Sindhudurg,Vaibhavvadi,Debris,2016,0–500 m,20–30°,>4000 mm,10–50 m,2010s,1,3,6,2
6639,16.539,73.812,311.0,29.18,4474.0,36.5,32.9,30.6,39.3,36.2,15.9,0.159,Grassland,51.4,Maharashtra,Sindhudurg,Vaibhavvadi,Debris,2016,0–500 m,20–30°,>4000 mm,50–100 m,2010s,1,3,6,3
6638,16.539,73.814,329.0,25.16,4474.0,36.4,33.0,30.6,39.3,36.2,15.9,0.159,Tree cover,99.3,Maharashtra,Sindhudurg,Vaibhavvadi,Debris,2016,0–500 m,20–30°,>4000 mm,50–100 m,2010s,1,3,6,3
6641,16.54,73.817,370.0,27.88,4183.0,36.3,33.1,30.6,39.4,36.0,17.4,0.174,Tree cover,45.4,Maharashtra,Sindhudurg,Vaibhavvadi,Debris,2016,0–500 m,20–30°,>4000 mm,10–50 m,2010s,1,3,6,2
6646,16.56,73.892,689.0,11.82,3253.0,35.8,35.7,28.6,39.4,35.8,15.2,0.152,Tree cover,1792.7,Maharashtra,Sindhudurg,Gaganbawada,Debris,2015,500–1000 m,10–20°,3000–4000 mm,>1000 m,2010s,2,2,5,6
6647,16.56,73.828,375.0,29.8,4087.0,36.7,32.4,30.9,39.5,36.0,17.0,0.17,Tree cover,11.2,Maharashtra,Sindhudurg,Vaibhavvadi,Debris,2016,0–500 m,20–30°,>4000 mm,10–50 m,2010s,1,3,6,2
6648,16.563,73.83,393.0,28.22,4087.0,36.7,31.8,31.6,39.6,35.4,17.8,0.178,Tree cover,32.0,Maharashtra,Sindhudurg,Vaibhavvadi,Debris,2016,0–500 m,20–30°,>4000 mm,10–50 m,2010s,1,3,6,2
6663,16.641,73.736,42.0,5.25,4546.0,34.6,32.9,32.5,40.4,34.9,14.9,0.149,Cropland,2631.6,Maharashtra,Ratnagiri,Rajapur,Debris,2016,0–500 m,0–10°,>4000 mm,>1000 m,2010s,1,1,6,6
6666,16.673,73.768,105.0,3.91,4519.0,34.4,33.1,32.5,39.4,35.1,14.7,0.147,Tree cover,95.3,Maharashtra,Ratnagiri,Rajapur,Debris,2014,0–500 m,0–10°,>4000 mm,50–100 m,2010s,1,1,6,3
6668,16.674,73.811,155.0,22.93,4362.0,32.8,36.2,31.0,39.2,34.5,15.2,0.152,Tree cover,2515.4,Maharashtra,Ratnagiri,Rajapur,Debris,2015,0–500 m,20–30°,>4000 mm,>1000 m,2010s,1,3,6,6
6672,16.684,73.726,162.0,20.58,4637.0,32.9,34.9,32.2,39.9,34.7,14.8,0.148,Grassland,1734.9,Maharashtra,Ratnagiri,Rajapur,Debris,2015,0–500 m,20–30°,>4000 mm,>1000 m,2010s,1,3,6,6
6673,16.686,73.724,186.0,23.74,4650.0,32.9,35.0,32.1,39.9,34.7,14.8,0.148,Tree cover,1769.5,Maharashtra,Ratnagiri,Rajapur,Rock,2016,0–500 m,20–30°,>4000 mm,>1000 m,2010s,1,3,6,6
6674,16.709,73.614,103.0,19.65,4415.0,33.2,34.9,32.0,40.2,35.0,14.1,0.141,Tree cover,23.7,Maharashtra,Ratnagiri,Rajapur,Soil,2016,0–500 m,10–20°,>4000 mm,10–50 m,2010s,1,2,6,2
6677,16.723,73.797,235.0,14.45,4152.0,33.8,35.7,30.5,39.1,34.2,15.4,0.154,Tree cover,2481.1,Maharashtra,Ratnagiri,Rajapur,Rock,2016,0–500 m,10–20°,>4000 mm,>1000 m,2010s,1,2,6,6
6680,16.736,73.772,169.0,18.43,4321.0,33.7,34.9,31.5,40.1,34.5,14.6,0.146,Grassland,9.8,Maharashtra,Ratnagiri,Rajapur,Debris,2016,0–500 m,10–20°,>4000 mm,0–10 m,2010s,1,2,6,1
6683,16.745,73.739,198.0,8.64,4401.0,33.9,34.9,31.2,38.8,35.1,15.9,0.159,Tree cover,3113.1,Maharashtra,Ratnagiri,Rajapur,Debris,2016,0–500 m,0–10°,>4000 mm,>1000 m,2010s,1,1,6,6
6685,16.746,73.459,150.0,16.86,3680.0,38.3,31.8,29.9,39.3,35.5,15.3,0.153,Tree cover,95.4,Maharashtra,Ratnagiri,Rajapur,Debris,2016,0–500 m,10–20°,3000–4000 mm,50–100 m,2010s,1,2,5,3
6727,17.016,73.494,172.0,9.45,3700.0,35.0,34.3,30.7,39.2,34.9,14.2,0.142,Tree cover,3197.8,Maharashtra,Sangameshwar,Ratnagiri,Debris,2014,0–500 m,0–10°,3000–4000 mm,>1000 m,2010s,1,1,5,6
6730,17.017,73.35,39.0,14.11,2751.0,33.6,36.0,30.3,38.3,34.2,16.4,0.164,Tree cover,537.5,Maharashtra,Ratnagiri,Ratnagiri,Debris,2005,0–500 m,10–20°,2500–3000 mm,500–1000 m,2000s,1,2,4,5
6756,17.055,73.438,147.0,21.48,3394.0,32.4,38.6,29.0,38.0,35.5,14.7,0.147,Tree cover,32.5,Maharashtra,Ratnagiri,Ratnagiri,Debris,2010,0–500 m,20–30°,3000–4000 mm,10–50 m,2010s,1,3,5,2
6757,17.058,73.447,92.0,17.13,3295.0,35.9,34.6,29.4,38.6,35.8,15.2,0.152,Grassland,26.6,Maharashtra,Ratnagiri,Ratnagiri,Debris,2010,0–500 m,10–20°,3000–4000 mm,10–50 m,2010s,1,2,5,2
6766,17.094,73.437,212.0,2.72,3528.0,32.2,37.3,30.5,38.2,35.4,15.4,0.154,Grassland,47.3,Maharashtra,Ratnagiri,Ratnagiri,Debris,2010,0–500 m,0–10°,3000–4000 mm,10–50 m,2010s,1,1,5,2
6771,17.105,73.466,222.0,0.86,3514.0,34.4,34.5,31.1,38.6,35.0,14.8,0.148,Grassland,1166.6,Maharashtra,Sangameshwar,Sangameshwar,Debris,2013,0–500 m,0–10°,3000–4000 mm,>1000 m,2010s,1,1,5,6
6772,17.106,73.444,169.0,10.64,3411.0,34.3,34.6,31.0,38.1,34.2,15.3,0.153,Grassland,46.2,Maharashtra,Ratnagiri,Ratnagiri,Debris,2014,0–500 m,10–20°,3000–4000 mm,10–50 m,2010s,1,2,5,2
6773,17.107,73.417,134.0,9.12,3294.0,36.3,32.8,30.9,37.6,35.1,16.3,0.163,Tree cover,1969.4,Maharashtra,Ratnagiri,Ratnagiri,Debris,2014,0–500 m,0–10°,3000–4000 mm,>1000 m,2010s,1,1,5,6
6777,17.112,73.451,15.0,14.71,3379.0,35.2,32.7,32.1,39.0,34.7,14.5,0.145,Tree cover,116.4,Maharashtra,Sangameshwar,Ratnagiri,Debris,2010,0–500 m,10–20°,3000–4000 mm,100–500 m,2010s,1,2,5,4
6781,17.123,73.445,152.0,24.01,3394.0,33.3,37.5,29.3,39.0,35.0,14.6,0.146,Tree cover,863.9,Maharashtra,Ratnagiri,Ratnagiri,Debris,2014,0–500 m,20–30°,3000–4000 mm,500–1000 m,2010s,1,3,5,5
6782,17.123,73.352,113.0,21.4,3088.0,32.5,36.4,31.1,37.3,34.4,15.5,0.155,Tree cover,845.1,Maharashtra,Ratnagiri,Ratnagiri,Debris,2014,0–500 m,20–30°,3000–4000 mm,500–1000 m,2010s,1,3,5,5
6784,17.13,73.443,187.0,20.1,3537.0,32.9,38.5,28.6,37.8,35.4,14.8,0.148,Tree cover,1593.3,Maharashtra,Ratnagiri,Ratnagiri,Debris,2011,0–500 m,20–30°,3000–4000 mm,>1000 m,2010s,1,3,5,6
6783,17.13,73.481,61.0,15.7,3558.0,34.5,35.0,30.5,39.0,35.4,15.0,0.15,Tree cover,105.4,Maharashtra,Sangameshwar,Sangameshwar,Debris,2010,0–500 m,10–20°,3000–4000 mm,100–500 m,2010s,1,2,5,4
6789,17.135,73.463,164.0,21.82,3641.0,33.5,35.5,31.0,38.6,34.9,14.5,0.145,Tree cover,896.0,Maharashtra,Ratnagiri,Sangameshwar,Debris,2014,0–500 m,20–30°,3000–4000 mm,500–1000 m,2010s,1,3,5,5
6795,17.161,73.495,41.0,15.39,3593.0,33.4,35.7,30.9,38.8,34.8,15.4,0.154,Tree cover,20.6,Maharashtra,Sangameshwar,Sangameshwar,Debris,2010,0–500 m,10–20°,3000–4000 mm,10–50 m,2010s,1,2,5,2
6828,17.225,73.398,163.0,18.41,3332.0,33.7,35.7,30.7,37.4,35.3,14.4,0.144,Tree cover,32.4,Maharashtra,Guhagar,Guhagar,Debris,2007,0–500 m,10–20°,3000–4000 mm,10–50 m,2000s,1,2,5,2
6830,17.23,73.335,46.0,10.78,3015.0,31.5,38.1,30.4,38.1,35.1,15.7,0.157,Tree cover,2598.0,Maharashtra,Ratnagiri,Ratnagiri,Debris,2013,0–500 m,10–20°,3000–4000 mm,>1000 m,2010s,1,2,5,6
6854,17.298,73.362,68.0,18.65,3402.0,34.3,35.3,30.5,38.2,35.6,15.3,0.153,Tree cover,44.0,Maharashtra,Ratnagiri,Guhagar,Debris,2009,0–500 m,10–20°,3000–4000 mm,10–50 m,2000s,1,2,5,2
6947,17.477,73.443,35.0,9.97,3926.0,37.3,31.9,30.7,39.5,34.0,14.9,0.149,Tree cover,26.6,Maharashtra,Ratnagiri,Chiplun,Debris,2009,0–500 m,0–10°,3000–4000 mm,10–50 m,2000s,1,1,5,2
6952,17.482,73.223,104.0,8.76,3283.0,33.8,38.7,27.5,38.9,35.1,14.7,0.147,Tree cover,31.8,Maharashtra,Guhagar,Guhagar,Debris,2009,0–500 m,0–10°,3000–4000 mm,10–50 m,2000s,1,1,5,2
6995,17.558,73.364,3.0,2.2,3883.0,34.2,36.0,29.8,38.5,34.6,15.2,0.152,Tree cover,42.7,Maharashtra,Ratnagiri,Chiplun,Debris,2017,0–500 m,0–10°,3000–4000 mm,10–50 m,2010s,1,1,5,2
6996,17.559,73.362,10.0,11.94,3831.0,34.2,36.8,29.0,38.5,34.6,15.2,0.152,Tree cover,3.8,Maharashtra,Ratnagiri,Chiplun,Debris,2014,0–500 m,10–20°,3000–4000 mm,0–10 m,2010s,1,2,5,1
6998,17.563,73.342,102.0,17.25,3827.0,32.9,36.7,30.4,39.1,35.0,15.5,0.155,Tree cover,10.2,Maharashtra,Ratnagiri,Chiplun,Debris,2009,0–500 m,10–20°,3000–4000 mm,10–50 m,2000s,1,2,5,2
7005,17.572,73.454,40.0,18.08,4003.0,33.7,36.0,30.4,39.0,34.4,16.2,0.162,Tree cover,35.9,Maharashtra,Ratnagiri,Chiplun,Debris,2014,0–500 m,10–20°,>4000 mm,10–50 m,2010s,1,2,6,2
7013,17.585,73.202,10.0,23.7,3234.0,33.6,35.0,31.4,38.5,34.7,14.7,0.147,Tree cover,800.0,Maharashtra,Guhagar,Guhagar,Debris,2014,0–500 m,20–30°,3000–4000 mm,500–1000 m,2010s,1,3,5,5
7018,17.589,73.231,116.0,20.55,3494.0,33.8,40.1,26.1,38.4,35.6,16.8,0.168,Tree cover,39.9,Maharashtra,Dapoli,Dapoli,Debris,2014,0–500 m,20–30°,3000–4000 mm,10–50 m,2010s,1,3,5,2
7023,17.593,73.21,5.0,4.15,3419.0,33.0,36.2,30.8,38.3,34.3,14.5,0.145,Built-up,11.2,Maharashtra,Dapoli,Dapoli,Debris,2014,0–500 m,0–10°,3000–4000 mm,10–50 m,2010s,1,1,5,2
7028,17.614,73.286,166.0,15.42,3824.0,34.4,36.3,29.2,38.3,35.1,15.6,0.156,Tree cover,82.9,Maharashtra,Ratnagiri,Dapoli,Debris,2009,0–500 m,10–20°,3000–4000 mm,50–100 m,2000s,1,2,5,3
7046,17.667,73.417,76.0,8.06,4050.0,38.2,33.1,28.7,38.9,34.1,13.9,0.139,Tree cover,708.5,Maharashtra,Ratnagiri,Khed,Debris,2009,0–500 m,0–10°,>4000 mm,500–1000 m,2000s,1,1,6,5
7066,17.717,73.416,19.0,8.13,4019.0,34.1,30.8,35.1,39.8,34.2,14.3,0.143,Tree cover,47.2,Maharashtra,Ratnagiri,Khed,Debris,2016,0–500 m,0–10°,>4000 mm,10–50 m,2010s,1,1,6,2
7065,17.717,73.46,47.0,12.23,4002.0,35.8,32.9,31.3,39.4,30.7,14.6,0.146,Grassland,31.2,Maharashtra,Ratnagiri,Khed,Debris,2016,0–500 m,10–20°,>4000 mm,10–50 m,2010s,1,2,6,2
7068,17.719,73.433,52.0,9.46,4022.0,34.6,31.9,33.5,40.1,34.0,15.6,0.156,Tree cover,27.0,Maharashtra,Ratnagiri,Khed,Debris,2017,0–500 m,0–10°,>4000 mm,10–50 m,2010s,1,1,6,2
7069,17.72,73.474,66.0,24.02,3991.0,34.2,32.1,33.7,40.3,33.8,14.4,0.144,Tree cover,84.7,Maharashtra,Ratnagiri,Khed,Debris,2009,0–500 m,20–30°,3000–4000 mm,50–100 m,2000s,1,3,5,3
7126,17.884433,73.442056,383.0,25.26,3792.0,41.4,31.0,27.6,38.9,32.4,15.9,0.159,Grassland,485.3,Maharashtra,Ratnagiri,Poladpur,Debris,2019,0–500 m,20–30°,3000–4000 mm,100–500 m,2010s,1,3,5,4
7152,17.912117,73.766383,1200.0,11.64,3297.0,33.0,36.1,30.9,39.4,35.4,17.8,0.178,Tree cover,385.5,Maharashtra,Satara,Mahabaleshwar,Soil,2017,1000–1500 m,10–20°,3000–4000 mm,100–500 m,2010s,3,2,5,4
7160,17.92325,73.836583,960.0,16.95,1412.0,34.7,33.5,31.8,40.0,35.9,17.8,0.178,Grassland,677.2,Maharashtra,Satara,Wai,Debris,2019,500–1000 m,10–20°,<1500 mm,500–1000 m,2010s,2,2,1,5
7164,17.92375,73.837722,954.0,16.15,1412.0,31.3,36.0,32.7,40.0,35.9,17.8,0.178,Grassland,618.1,Maharashtra,Satara,Wai,Debris,2021,500–1000 m,10–20°,<1500 mm,500–1000 m,2020s,2,2,1,5
7165,17.923778,73.8215,1074.0,29.51,2187.0,33.7,33.0,33.3,38.7,35.6,18.5,0.185,Grassland,596.2,Maharashtra,Satara,Mahabaleshwar,Debris,2021,1000–1500 m,20–30°,2000–2500 mm,500–1000 m,2020s,3,3,3,5
7166,17.924333,73.835797,1026.0,25.35,1412.0,31.3,36.0,32.7,40.0,35.9,17.8,0.178,Grassland,564.8,Maharashtra,Satara,Wai,Debris,2021,1000–1500 m,20–30°,<1500 mm,500–1000 m,2020s,3,3,1,5
7171,17.925306,73.840278,972.0,22.68,1548.0,35.3,33.9,30.7,40.0,35.9,17.8,0.178,Grassland,499.1,Maharashtra,Satara,Wai,Debris,2021,500–1000 m,20–30°,1500–2000 mm,100–500 m,2020s,2,3,2,4
7172,17.925444,73.8405,978.0,24.02,1548.0,35.3,33.9,30.7,40.0,35.9,17.8,0.178,Grassland,493.1,Maharashtra,Satara,Wai,Rock,2021,500–1000 m,20–30°,1500–2000 mm,100–500 m,2020s,2,3,2,4
7177,17.927306,73.842306,990.0,26.11,1353.0,33.2,36.0,30.8,40.0,35.9,17.8,0.178,Grassland,355.8,Maharashtra,Satara,Mahabaleshwar,Rock,2021,500–1000 m,20–30°,<1500 mm,100–500 m,2020s,2,3,1,4
7182,17.929139,73.838194,1025.0,26.61,1548.0,32.0,36.4,31.6,40.0,35.9,17.8,0.178,Grassland,28.6,Maharashtra,Satara,Mahabaleshwar,Debris,2021,1000–1500 m,20–30°,1500–2000 mm,10–50 m,2020s,3,3,2,2
7184,17.929222,73.838222,1028.0,26.92,1548.0,32.0,36.4,31.6,40.0,35.9,17.8,0.178,Grassland,20.2,Maharashtra,Satara,Mahabaleshwar,Rock,2021,1000–1500 m,20–30°,1500–2000 mm,10–50 m,2020s,3,3,2,2
7190,17.929389,73.838806,1019.0,29.62,1548.0,32.0,36.4,31.6,40.0,35.9,17.8,0.178,Grassland,19.1,Maharashtra,Satara,Mahabaleshwar,Debris,2021,1000–1500 m,20–30°,1500–2000 mm,10–50 m,2020s,3,3,2,2
7193,17.9295,73.826222,1280.0,28.54,2323.0,33.0,34.2,32.8,39.1,35.7,17.7,0.177,Grassland,550.7,Maharashtra,Satara,Mahabaleshwar,Debris,2021,1000–1500 m,20–30°,2000–2500 mm,500–1000 m,2020s,3,3,3,5
7195,17.929528,73.839333,1027.0,27.94,1548.0,33.4,34.9,31.7,40.0,35.9,17.8,0.178,Grassland,22.3,Maharashtra,Satara,Mahabaleshwar,Debris,2021,1000–1500 m,20–30°,1500–2000 mm,10–50 m,2020s,3,3,2,2
7194,17.929528,73.83925,1023.0,28.45,1548.0,32.0,36.4,31.6,40.0,35.9,17.8,0.178,Grassland,19.6,Maharashtra,Satara,Mahabaleshwar,Debris,2021,1000–1500 m,20–30°,1500–2000 mm,10–50 m,2020s,3,3,2,2
7197,17.929583,73.839389,1027.0,27.94,1548.0,33.4,34.9,31.7,40.0,35.9,17.8,0.178,Grassland,18.6,Maharashtra,Satara,Mahabaleshwar,Debris,2021,1000–1500 m,20–30°,1500–2000 mm,10–50 m,2020s,3,3,2,2
7198,17.929806,73.840833,1028.0,30.52,1548.0,33.4,34.9,31.7,40.0,35.9,17.8,0.178,Grassland,43.4,Maharashtra,Satara,Mahabaleshwar,Debris,2021,1000–1500 m,30–40°,1500–2000 mm,10–50 m,2020s,3,4,2,2
7200,17.929917,73.841389,1017.0,29.59,1548.0,33.4,34.9,31.7,40.0,35.9,17.8,0.178,Grassland,49.4,Maharashtra,Satara,Mahabaleshwar,Debris,2021,1000–1500 m,20–30°,1500–2000 mm,10–50 m,2020s,3,3,2,2
7202,17.929972,73.844278,1025.0,18.32,1353.0,32.9,36.4,30.7,39.3,35.4,17.7,0.177,Grassland,201.7,Maharashtra,Satara,Mahabaleshwar,Rock,2021,1000–1500 m,10–20°,<1500 mm,100–500 m,2020s,3,2,1,4
7203,17.930028,73.841833,1027.0,27.15,1353.0,33.0,36.4,30.6,40.0,35.9,17.8,0.178,Grassland,63.4,Maharashtra,Satara,Mahabaleshwar,Rock,2021,1000–1500 m,20–30°,<1500 mm,50–100 m,2020s,3,3,1,3
7204,17.930056,73.841833,1027.0,27.15,1353.0,33.0,36.4,30.6,40.0,35.9,17.8,0.178,Grassland,61.0,Maharashtra,Satara,Mahabaleshwar,Rock,2021,1000–1500 m,20–30°,<1500 mm,50–100 m,2020s,3,3,1,3
7207,17.930278,73.8275,1282.0,23.96,2323.0,33.0,34.2,32.8,39.1,35.7,17.7,0.177,Grassland,390.1,Maharashtra,Satara,Mahabaleshwar,Debris,2021,1000–1500 m,20–30°,2000–2500 mm,100–500 m,2020s,3,3,3,4
7214,17.931417,73.843139,975.0,32.2,1353.0,36.4,35.1,28.4,39.8,35.5,17.3,0.173,Grassland,0.8,Maharashtra,Satara,Wai,Rock,2021,500–1000 m,30–40°,<1500 mm,0–10 m,2020s,2,4,1,1
7222,17.932639,73.849667,920.0,32.55,1353.0,36.9,35.6,27.5,39.4,36.5,17.0,0.17,Grassland,8.1,Maharashtra,Satara,Wai,Rock,2021,500–1000 m,30–40°,<1500 mm,0–10 m,2020s,2,4,1,1
7223,17.93275,73.848556,927.0,36.57,1353.0,37.6,35.6,26.7,39.4,36.5,17.0,0.17,Grassland,13.4,Maharashtra,Satara,Wai,Rock,2021,500–1000 m,30–40°,<1500 mm,10–50 m,2020s,2,4,1,2
7224,17.932806,73.848139,946.0,37.85,1353.0,37.6,35.6,26.7,39.4,36.5,17.0,0.17,Grassland,0.1,Maharashtra,Satara,Wai,Rock,2021,500–1000 m,30–40°,<1500 mm,0–10 m,2020s,2,4,1,1
7225,17.932833,73.8475,952.0,39.32,1353.0,37.6,35.6,26.7,39.4,36.5,17.0,0.17,Grassland,0.7,Maharashtra,Satara,Wai,Rock,2021,500–1000 m,30–40°,<1500 mm,0–10 m,2020s,2,4,1,1
7226,17.933139,73.830583,1074.0,35.55,2323.0,32.7,33.5,33.8,40.2,36.2,18.1,0.181,Grassland,8.7,Maharashtra,Satara,Mahabaleshwar,Debris,2021,1000–1500 m,30–40°,2000–2500 mm,0–10 m,2020s,3,4,3,1
7231,17.934083,73.818194,1198.0,29.22,1804.0,31.5,35.2,33.4,40.1,36.4,16.4,0.164,Tree cover,4.6,Maharashtra,Satara,Mahabaleshwar,Debris,2021,1000–1500 m,20–30°,1500–2000 mm,0–10 m,2020s,3,3,2,1
7235,17.93475,73.831139,1085.0,37.14,2049.0,33.4,33.1,33.4,40.2,36.2,18.1,0.181,Grassland,2.1,Maharashtra,Satara,Mahabaleshwar,Rock,2021,1000–1500 m,30–40°,2000–2500 mm,0–10 m,2020s,3,4,3,1
7241,17.936111,73.823556,1185.0,31.14,1804.0,33.2,34.0,32.8,40.1,36.4,16.4,0.164,Grassland,17.4,Maharashtra,Satara,Mahabaleshwar,Rock,2021,1000–1500 m,30–40°,1500–2000 mm,10–50 m,2020s,3,4,2,2
7242,17.936194,73.823222,1185.0,30.34,1804.0,33.2,34.0,32.8,40.1,36.4,16.4,0.164,Grassland,10.1,Maharashtra,Satara,Mahabaleshwar,Debris,2019,1000–1500 m,30–40°,1500–2000 mm,10–50 m,2010s,3,4,2,2
7244,17.936222,73.831722,1147.0,24.6,2049.0,33.3,33.5,33.2,40.2,36.2,18.1,0.181,Grassland,74.3,Maharashtra,Satara,Mahabaleshwar,Rock,2021,1000–1500 m,20–30°,2000–2500 mm,50–100 m,2020s,3,3,3,3
7247,17.936417,73.856222,874.0,24.86,1142.0,33.7,36.8,29.5,39.8,36.6,18.2,0.182,Tree cover,11.4,Maharashtra,Satara,Wai,Debris,2021,500–1000 m,20–30°,<1500 mm,10–50 m,2020s,2,3,1,2
7250,17.936889,73.825722,1168.0,30.72,2049.0,32.6,33.8,33.5,40.1,36.4,16.4,0.164,Grassland,9.8,Maharashtra,Satara,Mahabaleshwar,Rock,2021,1000–1500 m,30–40°,2000–2500 mm,0–10 m,2020s,3,4,3,1
7251,17.937056,73.825917,1168.0,30.72,2049.0,32.6,33.8,33.5,40.1,36.4,16.4,0.164,Grassland,13.1,Maharashtra,Satara,Mahabaleshwar,Rock,2021,1000–1500 m,30–40°,2000–2500 mm,10–50 m,2020s,3,4,3,2
7252,17.937278,73.826167,1165.0,30.57,2049.0,32.9,34.1,33.0,40.1,36.4,16.4,0.164,Grassland,16.7,Maharashtra,Satara,Mahabaleshwar,Rock,2021,1000–1500 m,30–40°,2000–2500 mm,10–50 m,2020s,3,4,3,2
7254,17.938,73.831389,1106.0,35.38,2049.0,32.6,33.0,34.4,40.2,36.2,18.1,0.181,Grassland,8.1,Maharashtra,Satara,Wai,Rock,2021,1000–1500 m,30–40°,2000–2500 mm,0–10 m,2020s,3,4,3,1
7456,18.34,73.62,823.0,21.87,2516.0,43.2,31.7,25.1,39.7,35.4,17.6,0.176,Tree cover,31.5,Maharashtra,Pune,Velhe,Rock,2019,500–1000 m,20–30°,2500–3000 mm,10–50 m,2010s,2,3,4,2
7476,18.361783,73.772761,1106.0,34.84,1851.0,35.5,32.7,31.8,38.7,35.7,17.3,0.173,Tree cover,3.7,Maharashtra,Pune,Haveli,Rock,2021,1000–1500 m,30–40°,1500–2000 mm,0–10 m,2020s,3,4,2,1
7477,18.361828,73.7727,1081.0,38.72,1851.0,36.2,32.5,31.3,38.2,36.1,17.6,0.176,Tree cover,2.6,Maharashtra,Pune,Haveli,Rock,2021,1000–1500 m,30–40°,1500–2000 mm,0–10 m,2020s,3,4,2,1
7478,18.361884,73.773797,1085.0,22.83,1851.0,35.5,32.7,31.8,38.7,35.7,17.3,0.173,Grassland,3.8,Maharashtra,Pune,Haveli,Debris,2021,1000–1500 m,20–30°,1500–2000 mm,0–10 m,2020s,3,3,2,1
7483,18.362164,73.77048,1113.0,28.35,1851.0,36.2,32.5,31.3,38.2,36.1,17.6,0.176,Grassland,2.7,Maharashtra,Pune,Haveli,Rock,2021,1000–1500 m,20–30°,1500–2000 mm,0–10 m,2020s,3,3,2,1
7490,18.363122,73.766504,1177.0,36.04,2177.0,35.9,30.2,33.9,38.2,36.1,17.6,0.176,Grassland,1.0,Maharashtra,Pune,Haveli,Rock,2021,1000–1500 m,30–40°,2000–2500 mm,0–10 m,2020s,3,4,3,1
7491,18.363223,73.775261,1056.0,5.05,1617.0,35.5,32.7,31.8,38.7,35.7,17.3,0.173,Tree cover,14.2,Maharashtra,Pune,Haveli,Rock,2021,1000–1500 m,0–10°,1500–2000 mm,10–50 m,2020s,3,1,2,2
7492,18.36352,73.765914,1179.0,37.85,2177.0,35.3,30.8,33.9,38.2,36.1,17.6,0.176,Grassland,5.4,Maharashtra,Pune,Haveli,Rock,2021,1000–1500 m,30–40°,2000–2500 mm,0–10 m,2020s,3,4,3,1
7504,18.364692,73.779706,919.0,27.08,1617.0,35.3,32.9,31.8,38.7,35.7,17.3,0.173,Built-up,8.5,Maharashtra,Pune,Haveli,Rock,2021,500–1000 m,20–30°,1500–2000 mm,0–10 m,2020s,2,3,2,1
7514,18.365483,73.760324,1224.0,41.24,2177.0,37.7,31.4,30.9,38.8,35.7,17.4,0.174,Grassland,4.8,Maharashtra,Pune,Haveli,Rock,2021,1000–1500 m,40–50°,2000–2500 mm,0–10 m,2020s,3,5,3,1
7525,18.368317,73.778497,1002.0,19.58,1714.0,35.9,32.9,31.2,38.7,35.7,17.3,0.173,Tree cover,8.7,Maharashtra,Pune,Haveli,Rock,2021,1000–1500 m,10–20°,1500–2000 mm,0–10 m,2020s,3,2,2,1
7544,18.379806,73.776944,971.0,21.28,1438.0,37.8,36.0,26.2,40.5,36.5,18.0,0.18,Tree cover,9.2,Maharashtra,Pune,Haveli,Rock,2021,500–1000 m,20–30°,<1500 mm,0–10 m,2020s,2,3,1,1
7550,18.38,73.57,673.0,18.56,2652.0,42.6,31.2,26.2,38.8,36.0,17.9,0.179,Tree cover,120.5,Maharashtra,Pune,Mulshi,Rock,2019,500–1000 m,10–20°,2500–3000 mm,100–500 m,2010s,2,2,4,4
7548,18.38,73.58,830.0,3.13,2628.0,43.2,31.7,25.1,38.8,33.1,18.7,0.187,Grassland,52.3,Maharashtra,Pune,Mulshi,Debris,2019,500–1000 m,0–10°,2500–3000 mm,50–100 m,2010s,2,1,4,3
7559,18.380472,73.776829,952.0,27.5,1438.0,37.8,36.0,26.2,40.5,36.5,18.0,0.18,Tree cover,9.9,Maharashtra,Pune,Haveli,Rock,2021,500–1000 m,20–30°,<1500 mm,0–10 m,2020s,2,3,1,1
7595,18.39,73.63,625.0,7.82,2068.0,42.5,32.2,25.3,39.4,35.6,17.3,0.173,Grassland,48.4,Maharashtra,Pune,Mulshi,Rock,2019,500–1000 m,0–10°,2000–2500 mm,10–50 m,2010s,2,1,3,2
7600,18.39,73.54,723.0,29.22,2893.0,40.7,31.8,27.5,38.6,37.0,18.1,0.181,Tree cover,198.4,Maharashtra,Pune,Mulshi,Rock,2015,500–1000 m,20–30°,2500–3000 mm,100–500 m,2010s,2,3,4,4
7613,18.390826,73.772364,763.0,19.92,1244.0,37.2,36.0,26.8,40.4,35.8,18.0,0.18,Tree cover,1.0,Maharashtra,Pune,Haveli,Rock,2021,500–1000 m,10–20°,<1500 mm,0–10 m,2020s,2,2,1,1
7614,18.390844,73.773461,775.0,17.68,1244.0,37.3,36.3,26.5,40.4,35.8,18.0,0.18,Tree cover,6.2,Maharashtra,Pune,Haveli,Rock,2021,500–1000 m,10–20°,<1500 mm,0–10 m,2020s,2,2,1,1
7624,18.4,73.56,758.0,22.62,2642.0,44.4,27.1,28.5,37.6,36.5,18.6,0.186,Grassland,221.3,Maharashtra,Pune,Mulshi,Rock,2009,500–1000 m,20–30°,2500–3000 mm,100–500 m,2000s,2,3,4,4
7632,18.41,73.7,659.0,24.26,1507.0,39.4,34.0,26.7,41.3,35.8,17.5,0.175,Grassland,189.2,Maharashtra,Pune,Haveli,Rock,2019,500–1000 m,20–30°,1500–2000 mm,100–500 m,2010s,2,3,2,4
7671,18.53,73.38,683.0,11.68,4182.0,41.2,30.8,28.0,39.0,35.0,16.7,0.167,Tree cover,166.4,Maharashtra,Pune,Mulshi,Rock,2019,500–1000 m,10–20°,>4000 mm,100–500 m,2010s,2,2,6,4
7675,18.58,73.36,693.0,14.24,4246.0,41.3,31.5,27.2,38.7,35.6,17.0,0.17,Grassland,42.4,Maharashtra,Pune,Mulshi,Debris,2019,500–1000 m,10–20°,>4000 mm,10–50 m,2010s,2,2,6,2
7687,18.63,73.56,802.0,17.07,2317.0,41.4,32.3,26.3,40.6,35.4,17.1,0.171,Tree cover,216.0,Maharashtra,Pune,Mawal,Rock,2019,500–1000 m,10–20°,2000–2500 mm,100–500 m,2010s,2,2,3,4
7688,18.65,73.5,667.0,28.02,2715.0,44.9,30.5,24.6,38.8,34.1,20.7,0.207,Grassland,309.4,Maharashtra,Pune,Mawal,Rock,2019,500–1000 m,20–30°,2500–3000 mm,100–500 m,2010s,2,3,4,4
7691,18.67,73.45,783.0,6.85,3218.0,44.6,29.2,26.2,39.1,36.5,18.4,0.184,Grassland,116.3,Maharashtra,Pune,Mawal,Debris,2019,500–1000 m,0–10°,3000–4000 mm,100–500 m,2010s,2,1,5,4
7696,18.69,73.29,116.0,23.51,4176.0,36.3,34.3,29.4,39.6,34.4,16.7,0.167,Tree cover,625.1,Maharashtra,Raigad,Sudhagad,Debris,2019,0–500 m,20–30°,>4000 mm,500–1000 m,2010s,1,3,6,5
7704,18.72,73.46,694.0,24.91,3270.0,45.6,28.9,25.5,38.6,36.5,17.4,0.174,Tree cover,283.4,Maharashtra,Pune,Mawal,Debris,2019,500–1000 m,20–30°,3000–4000 mm,100–500 m,2010s,2,3,5,4
7707,18.75,73.34,383.0,31.97,4594.0,38.0,33.3,28.7,38.8,35.5,16.7,0.167,Tree cover,1627.1,Maharashtra,Raigad,Khalapur,Debris,2019,0–500 m,30–40°,>4000 mm,>1000 m,2010s,1,4,6,6
7720,18.94,73.31,170.0,24.5,4202.0,35.7,36.9,27.3,38.9,35.7,17.2,0.172,Grassland,1107.6,Maharashtra,Raigad,Karjat,Rock,2019,0–500 m,20–30°,>4000 mm,>1000 m,2010s,1,3,6,6
7724,18.97,73.32,96.0,18.97,3965.0,37.3,37.2,25.5,38.9,34.2,17.5,0.175,Grassland,8.0,Maharashtra,Raigad,Karjat,Debris,2017,0–500 m,10–20°,3000–4000 mm,0–10 m,2010s,1,2,5,1
7728,19.0,73.31,125.0,29.56,3886.0,35.0,39.3,25.7,38.5,35.7,17.0,0.17,Grassland,394.6,Maharashtra,Raigad,Karjat,Rock,2019,0–500 m,20–30°,3000–4000 mm,100–500 m,2010s,1,3,5,4
7726,19.0,73.29,502.0,43.19,5433.0,35.7,37.0,27.3,38.1,36.4,17.2,0.172,Tree cover,369.1,Maharashtra,Raigad,Karjat,Debris,2018,500–1000 m,40–50°,>4000 mm,100–500 m,2010s,2,5,6,4
7739,19.01,73.85,745.0,7.9,882.0,38.8,30.8,30.5,36.8,32.5,18.4,0.184,Cropland,143.8,Maharashtra,Pune,Ambegaon,Rock,2019,500–1000 m,0–10°,<1500 mm,100–500 m,2010s,2,1,1,4
7801,19.33642,73.779522,618.0,53.63,1469.0,39.2,26.8,34.0,39.4,36.1,19.9,0.199,Grassland,0.3,Maharashtra,Pune,Murbad,Rock,2019,500–1000 m,>50°,<1500 mm,0–10 m,2010s,2,6,1,1
7802,19.337283,73.78455,628.0,16.69,1415.0,39.2,26.7,34.1,39.4,36.0,19.2,0.192,Tree cover,8.2,Maharashtra,Pune,Murbad,Rock,2019,500–1000 m,10–20°,<1500 mm,0–10 m,2010s,2,2,1,1
7805,19.338017,73.784967,621.0,21.83,1415.0,39.2,26.7,34.1,39.4,36.0,19.2,0.192,Tree cover,11.7,Maharashtra,Pune,Murbad,Rock,2019,500–1000 m,20–30°,<1500 mm,10–50 m,2010s,2,3,1,2
7806,19.338483,73.784967,611.0,34.35,1415.0,39.0,26.7,34.3,39.4,36.0,19.2,0.192,Tree cover,8.7,Maharashtra,Pune,Murbad,Rock,2019,500–1000 m,30–40°,<1500 mm,0–10 m,2010s,2,4,1,1
7809,19.34125,73.774267,580.0,41.34,1509.0,39.4,27.1,33.5,39.7,34.9,19.1,0.191,Grassland,8.1,Maharashtra,Pune,Murbad,Rock,2019,500–1000 m,40–50°,1500–2000 mm,0–10 m,2010s,2,5,2,1
7810,19.3445,73.772667,545.0,31.54,1594.0,39.6,26.5,33.9,40.0,34.8,18.5,0.185,Built-up,7.3,Maharashtra,Pune,Murbad,Rock,2019,500–1000 m,30–40°,1500–2000 mm,0–10 m,2010s,2,4,2,1
7879,22.1,92.85,127.0,26.19,2865.0,25.9,35.6,38.5,39.3,34.2,16.5,0.165,Tree cover,499.2,Mizoram,Saiha,Tuipang,Debris,2017,0–500 m,20–30°,2500–3000 mm,100–500 m,2010s,1,3,4,4
7883,22.11,92.85,289.0,35.45,2893.0,27.6,35.8,36.6,40.7,34.7,17.6,0.176,Tree cover,192.2,Mizoram,Saiha,Tuipang,Debris,2017,0–500 m,30–40°,2500–3000 mm,100–500 m,2010s,1,4,4,4
7888,22.11,92.88,378.0,32.04,2918.0,26.9,36.4,36.7,41.0,34.2,18.0,0.18,Tree cover,219.7,Mizoram,Saiha,Tuipang,Debris,2017,0–500 m,30–40°,2500–3000 mm,100–500 m,2010s,1,4,4,4
7886,22.11,92.86,414.0,30.42,2952.0,27.2,37.1,35.7,40.8,35.1,18.3,0.183,Tree cover,59.4,Mizoram,Saiha,Tuipang,Debris,2017,0–500 m,30–40°,2500–3000 mm,50–100 m,2010s,1,4,4,3
7895,22.15,92.88,587.0,24.22,3009.0,26.3,37.9,35.8,41.4,36.1,19.4,0.194,Tree cover,119.9,Mizoram,Saiha,Tuipang,Debris,2017,500–1000 m,20–30°,3000–4000 mm,100–500 m,2010s,2,3,5,4
7896,22.15,92.99,635.0,34.14,2989.0,27.1,36.1,36.8,41.2,34.6,18.2,0.182,Tree cover,123.5,Mizoram,Saiha,Tuipang,Debris,2017,500–1000 m,30–40°,2500–3000 mm,100–500 m,2010s,2,4,4,4
7892,22.15,92.62,144.0,1.48,3111.0,28.4,39.4,32.2,39.9,31.6,17.9,0.179,Tree cover,162.9,Mizoram,Lawngtlai,Chawngte,Debris,2019,0–500 m,0–10°,3000–4000 mm,100–500 m,2010s,1,1,5,4
7894,22.15,92.78,101.0,17.89,2778.0,29.3,37.9,32.8,39.2,35.0,17.0,0.17,Tree cover,600.3,Mizoram,Lawngtlai,Lawngtlai,Debris,2017,0–500 m,10–20°,2500–3000 mm,500–1000 m,2010s,1,2,4,5
7893,22.15,92.63,156.0,2.75,3052.0,27.5,39.7,32.7,39.8,31.8,17.2,0.172,Tree cover,199.2,Mizoram,Lawngtlai,Chawngte,Debris,2019,0–500 m,0–10°,3000–4000 mm,100–500 m,2010s,1,1,5,4
7903,22.16,92.62,159.0,14.57,3145.0,29.8,38.2,32.0,40.7,31.4,18.2,0.182,Tree cover,352.7,Mizoram,Lawngtlai,Chawngte,Debris,2019,0–500 m,10–20°,3000–4000 mm,100–500 m,2010s,1,2,5,4
7907,22.17,92.99,1272.0,20.41,3182.0,29.8,35.1,35.1,41.9,34.4,18.9,0.189,Tree cover,2.0,Mizoram,Saiha,Tuipang,Debris,2017,1000–1500 m,20–30°,3000–4000 mm,0–10 m,2010s,3,3,5,1
7925,22.18,93.01,1110.0,12.57,3005.0,28.0,34.2,37.7,41.6,35.4,18.5,0.185,Tree cover,421.8,Mizoram,Saiha,Tuipang,Debris,2017,1000–1500 m,10–20°,3000–4000 mm,100–500 m,2010s,3,2,5,4
7920,22.18,92.77,169.0,19.96,2798.0,28.3,38.8,32.9,39.1,33.6,15.7,0.157,Grassland,1043.9,Mizoram,Lawngtlai,Lawngtlai,Debris,2017,0–500 m,10–20°,2500–3000 mm,>1000 m,2010s,1,2,4,6
7927,22.19,92.69,222.0,13.44,3080.0,29.3,36.9,33.8,39.8,31.6,17.4,0.174,Tree cover,278.9,Mizoram,Lawngtlai,S Bungtlang,Debris,2019,0–500 m,10–20°,3000–4000 mm,100–500 m,2010s,1,2,5,4
7932,22.2,93.13,1138.0,34.3,2773.0,30.0,31.3,38.7,42.9,34.5,19.8,0.198,Tree cover,143.4,Mizoram,Saiha,Tuipang,Debris,2017,1000–1500 m,30–40°,2500–3000 mm,100–500 m,2010s,3,4,4,4
7933,22.21,92.61,232.0,16.88,3180.0,30.4,37.2,32.4,40.7,32.9,19.0,0.19,Tree cover,347.3,Mizoram,Lawngtlai,Chawngte,Debris,2017,0–500 m,10–20°,3000–4000 mm,100–500 m,2010s,1,2,5,4
7935,22.21,92.96,1049.0,31.35,3190.0,31.2,36.9,32.0,41.6,34.7,18.5,0.185,Grassland,42.3,Mizoram,Saiha,Tuipang,Debris,2017,1000–1500 m,30–40°,3000–4000 mm,10–50 m,2010s,3,4,5,2
7942,22.22,92.95,1000.0,21.81,3186.0,28.0,36.8,35.3,42.0,35.2,18.1,0.181,Tree cover,28.3,Mizoram,Saiha,Tuipang,Debris,2019,500–1000 m,20–30°,3000–4000 mm,10–50 m,2010s,2,3,5,2
7953,22.24,93.1,1330.0,30.64,2870.0,31.7,33.4,34.9,42.0,33.9,19.0,0.19,Tree cover,19.3,Mizoram,Saiha,Tuipang,Debris,2017,1000–1500 m,30–40°,2500–3000 mm,10–50 m,2010s,3,4,4,2
7951,22.24,92.68,189.0,9.49,3018.0,28.6,37.8,33.6,39.6,33.2,17.7,0.177,Tree cover,113.6,Mizoram,Lawngtlai,S Bungtlang,Debris,2019,0–500 m,0–10°,3000–4000 mm,100–500 m,2010s,1,1,5,4
7956,22.25,92.62,228.0,14.08,3118.0,27.5,37.2,35.3,39.9,33.4,17.4,0.174,Tree cover,36.6,Mizoram,Lawngtlai,Chawngte,Debris,2019,0–500 m,10–20°,3000–4000 mm,10–50 m,2010s,1,2,5,2
7959,22.25,93.09,1485.0,41.41,3030.0,32.6,33.8,33.6,42.2,35.0,19.7,0.197,Tree cover,434.7,Mizoram,Saiha,Tuipang,Debris,2017,1000–1500 m,40–50°,3000–4000 mm,100–500 m,2010s,3,5,5,4
7954,22.25,92.63,178.0,20.44,3017.0,28.5,39.3,32.2,40.0,34.5,17.5,0.175,Tree cover,52.0,Mizoram,Lawngtlai,Chawngte,Debris,2019,0–500 m,20–30°,3000–4000 mm,50–100 m,2010s,1,3,5,3
7960,22.26,92.63,182.0,17.1,2974.0,27.8,40.1,32.1,39.7,32.4,17.5,0.175,Grassland,50.9,Mizoram,Lawngtlai,Chawngte,Debris,2019,0–500 m,10–20°,2500–3000 mm,50–100 m,2010s,1,2,4,3
7968,22.27,92.68,161.0,14.41,2947.0,28.9,37.1,33.9,40.1,36.3,17.6,0.176,Tree cover,169.3,Mizoram,Lawngtlai,S Bungtlang,Debris,2019,0–500 m,10–20°,2500–3000 mm,100–500 m,2010s,1,2,4,4
7967,22.27,92.63,161.0,22.26,2962.0,26.9,38.0,35.0,39.5,35.2,18.0,0.18,Tree cover,104.2,Mizoram,Lawngtlai,Chawngte,Debris,2019,0–500 m,20–30°,2500–3000 mm,100–500 m,2010s,1,3,4,4
7976,22.28,93.09,1227.0,28.42,2893.0,33.3,33.2,33.6,42.0,32.8,19.0,0.19,Tree cover,134.8,Mizoram,Saiha,Tuipang,Debris,2017,1000–1500 m,20–30°,2500–3000 mm,100–500 m,2010s,3,3,4,4
7972,22.28,92.63,116.0,13.97,2954.0,27.4,37.5,35.1,40.1,34.3,18.2,0.182,Tree cover,85.7,Mizoram,Lawngtlai,Chawngte,Debris,2019,0–500 m,10–20°,2500–3000 mm,50–100 m,2010s,1,2,4,3
7980,22.29,93.09,1284.0,34.09,2896.0,31.6,33.4,34.9,42.2,34.1,18.6,0.186,Tree cover,105.3,Mizoram,Saiha,Tuipang,Debris,2017,1000–1500 m,30–40°,2500–3000 mm,100–500 m,2010s,3,4,4,4
7984,22.31,92.63,117.0,10.34,2929.0,28.7,36.9,34.4,40.1,36.0,18.0,0.18,Tree cover,130.8,Mizoram,Lawngtlai,Chawngte,Debris,2019,0–500 m,10–20°,2500–3000 mm,100–500 m,2010s,1,2,4,4
7987,22.32,92.73,129.0,2.97,2905.0,28.2,36.9,34.8,40.1,33.8,17.0,0.17,Tree cover,136.7,Mizoram,Lawngtlai,S Bungtlang,Debris,2019,0–500 m,0–10°,2500–3000 mm,100–500 m,2010s,1,1,4,4
8002,22.33,92.63,104.0,9.1,2930.0,26.7,37.0,36.4,39.8,35.2,18.0,0.18,Tree cover,243.6,Mizoram,Lawngtlai,Chawngte,Debris,2019,0–500 m,0–10°,2500–3000 mm,100–500 m,2010s,1,1,4,4
7993,22.33,92.75,318.0,10.72,3002.0,27.0,36.6,36.4,40.4,33.8,17.6,0.176,Tree cover,178.2,Mizoram,Lawngtlai,Lawngtlai,Debris,2019,0–500 m,10–20°,3000–4000 mm,100–500 m,2010s,1,2,5,4
7995,22.33,92.74,209.0,30.12,2835.0,24.9,37.9,37.2,40.1,33.1,16.1,0.161,Tree cover,186.2,Mizoram,Lawngtlai,S Bungtlang,Debris,2019,0–500 m,30–40°,2500–3000 mm,100–500 m,2010s,1,4,4,4
8003,22.33,92.65,129.0,7.77,2858.0,26.5,36.5,37.0,39.8,35.6,17.6,0.176,Tree cover,301.0,Mizoram,Lawngtlai,S Bungtlang,Debris,2019,0–500 m,0–10°,2500–3000 mm,100–500 m,2010s,1,1,4,4
7999,22.33,92.72,303.0,20.92,3098.0,28.4,39.4,32.2,41.2,33.4,18.1,0.181,Tree cover,47.7,Mizoram,Lawngtlai,S Bungtlang,Debris,2019,0–500 m,20–30°,3000–4000 mm,10–50 m,2010s,1,3,5,2
8006,22.34,92.71,442.0,21.35,3198.0,28.5,37.5,34.0,40.0,33.9,18.4,0.184,Tree cover,0.7,Mizoram,Lawngtlai,S Bungtlang,Debris,2019,0–500 m,20–30°,3000–4000 mm,0–10 m,2010s,1,3,5,1
8012,22.34,92.65,117.0,8.0,2864.0,25.7,36.0,38.4,39.2,35.5,17.5,0.175,Tree cover,18.5,Mizoram,Lawngtlai,S Bungtlang,Debris,2019,0–500 m,0–10°,2500–3000 mm,10–50 m,2010s,1,1,4,2
8017,22.34,93.13,1882.0,39.75,3070.0,37.3,33.1,29.6,41.6,34.4,20.1,0.201,Tree cover,464.1,Mizoram,Saiha,Saiha,Rock,2019,1500–2000 m,30–40°,3000–4000 mm,100–500 m,2010s,4,4,5,4
8014,22.34,93.04,1151.0,26.02,3015.0,28.5,34.6,36.9,42.6,31.7,18.7,0.187,Tree cover,148.7,Mizoram,Saiha,Tuipang,Debris,2017,1000–1500 m,20–30°,3000–4000 mm,100–500 m,2010s,3,3,5,4
8004,22.34,92.75,422.0,22.75,3182.0,27.5,37.6,34.9,41.7,33.7,18.2,0.182,Tree cover,228.5,Mizoram,Lawngtlai,Lawngtlai,Debris,2019,0–500 m,20–30°,3000–4000 mm,100–500 m,2010s,1,3,5,4
8008,22.34,92.69,177.0,33.3,2914.0,26.6,39.2,34.2,40.3,33.7,17.8,0.178,Tree cover,301.3,Mizoram,Lawngtlai,S Bungtlang,Debris,2019,0–500 m,30–40°,2500–3000 mm,100–500 m,2010s,1,4,4,4
8005,22.34,92.74,178.0,24.21,2865.0,25.5,38.5,36.1,40.5,33.7,17.7,0.177,Tree cover,134.2,Mizoram,Lawngtlai,S Bungtlang,Debris,2019,0–500 m,20–30°,2500–3000 mm,100–500 m,2010s,1,3,4,4
8007,22.34,92.68,187.0,27.55,2908.0,28.4,36.9,34.7,40.1,33.2,17.9,0.179,Tree cover,7.8,Mizoram,Lawngtlai,S Bungtlang,Debris,2019,0–500 m,20–30°,2500–3000 mm,0–10 m,2010s,1,3,4,1
8020,22.35,92.74,288.0,8.86,2885.0,27.1,35.8,37.1,40.6,33.0,18.3,0.183,Tree cover,1170.3,Mizoram,Lawngtlai,S Bungtlang,Debris,2019,0–500 m,0–10°,2500–3000 mm,>1000 m,2010s,1,1,4,6
8027,22.36,93.05,1442.0,21.11,3057.0,35.0,32.8,32.3,42.1,34.9,19.7,0.197,Tree cover,33.7,Mizoram,Saiha,Tuipang,Debris,2018,1000–1500 m,20–30°,3000–4000 mm,10–50 m,2010s,3,3,5,2
8031,22.37,92.63,106.0,7.58,2881.0,29.2,35.3,35.5,40.4,33.5,17.7,0.177,Tree cover,232.4,Mizoram,Lawngtlai,Chawngte,Debris,2019,0–500 m,0–10°,2500–3000 mm,100–500 m,2010s,1,1,4,4
8034,22.38,92.59,184.0,27.11,2977.0,28.2,37.2,34.6,40.7,33.2,16.8,0.168,Tree cover,1874.2,Mizoram,Lawngtlai,Chawngte,Debris,2019,0–500 m,20–30°,2500–3000 mm,>1000 m,2010s,1,3,4,6
8044,22.39,92.59,224.0,20.14,2995.0,29.9,36.9,33.2,40.2,31.4,16.6,0.166,Tree cover,2170.1,Mizoram,Lawngtlai,Chawngte,Debris,2019,0–500 m,20–30°,2500–3000 mm,>1000 m,2010s,1,3,4,6
8043,22.39,92.61,247.0,17.27,3067.0,28.7,37.4,33.9,40.1,31.5,17.2,0.172,Tree cover,431.7,Mizoram,Lawngtlai,Chawngte,Debris,2019,0–500 m,10–20°,3000–4000 mm,100–500 m,2010s,1,2,5,4
8046,22.39,93.11,1341.0,17.76,2907.0,32.1,34.8,33.1,41.3,33.6,20.0,0.2,Tree cover,450.8,Mizoram,Saiha,Saiha,Rock,2018,1000–1500 m,10–20°,2500–3000 mm,100–500 m,2010s,3,2,4,4
8050,22.4,93.12,1445.0,15.1,2917.0,33.1,34.0,33.0,42.2,35.6,19.7,0.197,Tree cover,129.1,Mizoram,Saiha,Saiha,Rock,2017,1000–1500 m,10–20°,2500–3000 mm,100–500 m,2010s,3,2,4,4
8056,22.41,92.6,138.0,9.44,3064.0,29.9,36.1,33.9,40.7,32.3,16.7,0.167,Tree cover,2879.1,Mizoram,Lawngtlai,Chawngte,Debris,2019,0–500 m,0–10°,3000–4000 mm,>1000 m,2010s,1,1,5,6
8054,22.41,92.75,613.0,35.54,3208.0,27.8,38.5,33.7,41.7,34.2,19.2,0.192,Tree cover,142.0,Mizoram,Lawngtlai,S Bungtlang,Debris,2019,500–1000 m,30–40°,3000–4000 mm,100–500 m,2010s,2,4,5,4
8068,22.44,93.1,1500.0,17.3,2914.0,34.7,34.4,30.9,41.8,34.5,19.2,0.192,Grassland,51.5,Mizoram,Saiha,Saiha,Rock,2017,1000–1500 m,10–20°,2500–3000 mm,50–100 m,2010s,3,2,4,3
8076,22.45,93.09,1404.0,25.3,2997.0,33.1,32.8,34.1,42.7,34.7,19.9,0.199,Tree cover,40.9,Mizoram,Saiha,Saiha,Rock,2018,1000–1500 m,20–30°,2500–3000 mm,10–50 m,2010s,3,3,4,2
8088,22.46,93.05,1630.0,7.18,3072.0,33.7,34.9,31.4,42.3,34.5,19.9,0.199,Tree cover,191.7,Mizoram,Saiha,Saiha,Debris,2018,1500–2000 m,0–10°,3000–4000 mm,100–500 m,2010s,4,1,5,4
8086,22.46,92.73,924.0,16.73,3691.0,30.8,38.8,30.4,43.0,33.8,18.9,0.189,Tree cover,506.5,Mizoram,Lawngtlai,S Bungtlang,Debris,2018,500–1000 m,10–20°,3000–4000 mm,500–1000 m,2010s,2,2,5,5
8111,22.49,92.74,482.0,33.55,3415.0,31.0,38.7,30.3,41.7,34.0,19.4,0.194,Tree cover,457.1,Mizoram,Lawngtlai,Lawngtlai,Rock,2019,0–500 m,30–40°,3000–4000 mm,100–500 m,2010s,1,4,5,4
8124,22.5,93.01,1213.0,31.37,3128.0,34.0,33.0,33.0,42.7,34.2,18.8,0.188,Grassland,315.2,Mizoram,Saiha,Saiha,Debris,2018,1000–1500 m,30–40°,3000–4000 mm,100–500 m,2010s,3,4,5,4
8125,22.5,93.02,1635.0,21.35,3165.0,35.9,32.1,31.9,43.2,34.5,19.6,0.196,Grassland,7.6,Mizoram,Saiha,Saiha,Debris,2017,1500–2000 m,20–30°,3000–4000 mm,0–10 m,2010s,4,3,5,1
8118,22.5,92.75,234.0,22.83,2818.0,27.4,35.7,36.9,42.0,36.1,18.8,0.188,Tree cover,418.5,Mizoram,Lawngtlai,Lawngtlai,Rock,2019,0–500 m,20–30°,2500–3000 mm,100–500 m,2010s,1,3,4,4
8120,22.5,92.73,588.0,22.71,3439.0,30.4,38.4,31.2,41.5,33.5,17.2,0.172,Grassland,254.9,Mizoram,Lawngtlai,Lawngtlai,Debris,2019,500–1000 m,20–30°,3000–4000 mm,100–500 m,2010s,2,3,5,4
8130,22.51,92.74,596.0,26.97,3357.0,27.2,39.8,33.0,41.7,33.6,17.5,0.175,Tree cover,143.5,Mizoram,Lawngtlai,Lawngtlai,Rock,2019,500–1000 m,20–30°,3000–4000 mm,100–500 m,2010s,2,3,5,4
8137,22.52,92.71,322.0,25.04,3077.0,29.1,38.8,32.1,40.4,33.5,17.4,0.174,Tree cover,30.9,Mizoram,Lawngtlai,Lawngtlai,Rock,2019,0–500 m,20–30°,3000–4000 mm,10–50 m,2010s,1,3,5,2
8140,22.52,92.72,542.0,18.72,3339.0,30.3,38.2,31.5,40.9,33.5,17.1,0.171,Tree cover,234.6,Mizoram,Lawngtlai,Lawngtlai,Debris,2019,500–1000 m,10–20°,3000–4000 mm,100–500 m,2010s,2,2,5,4
8147,22.53,92.7,242.0,32.81,2951.0,26.9,36.5,36.6,40.8,34.2,17.4,0.174,Tree cover,111.3,Mizoram,Lawngtlai,Lawngtlai,Debris,2019,0–500 m,30–40°,2500–3000 mm,100–500 m,2010s,1,4,4,4
8161,22.54,92.68,554.0,19.21,3492.0,27.2,40.9,31.9,41.9,33.8,18.2,0.182,Tree cover,301.3,Mizoram,Lawngtlai,S Bungtlang,Debris,2019,500–1000 m,10–20°,3000–4000 mm,100–500 m,2010s,2,2,5,4
8160,22.54,92.69,389.0,15.44,3289.0,27.3,35.8,36.9,41.8,34.3,18.1,0.181,Tree cover,31.2,Mizoram,Lawngtlai,Lawngtlai,Debris,2019,0–500 m,10–20°,3000–4000 mm,10–50 m,2010s,1,2,5,2
8177,22.6,92.67,394.0,21.28,3126.0,29.6,38.6,31.8,40.9,33.9,18.3,0.183,Tree cover,6.2,Mizoram,Lawngtlai,Lawngtlai,Rock,2017,0–500 m,20–30°,3000–4000 mm,0–10 m,2010s,1,3,5,1
8178,22.61,92.66,161.0,12.31,2858.0,28.1,38.2,33.8,40.4,33.4,17.3,0.173,Tree cover,273.0,Mizoram,Lawngtlai,Lawngtlai,Debris,2019,0–500 m,10–20°,2500–3000 mm,100–500 m,2010s,1,2,4,4
8192,22.63,92.66,264.0,28.21,2973.0,27.3,37.1,35.6,40.8,34.1,16.8,0.168,Tree cover,220.2,Mizoram,Lunglei,Lungsen,Debris,2019,0–500 m,20–30°,2500–3000 mm,100–500 m,2010s,1,3,4,4
8195,22.64,92.61,135.0,3.72,2830.0,28.0,37.7,34.3,41.1,33.9,18.4,0.184,Tree cover,244.8,Mizoram,Lawngtlai,Chawngte,Debris,2019,0–500 m,0–10°,2500–3000 mm,100–500 m,2010s,1,1,4,4
8205,22.65,92.71,237.0,19.88,2836.0,26.7,34.7,38.6,41.5,34.4,17.3,0.173,Tree cover,3894.3,Mizoram,Lunglei,Lungsen,Debris,2019,0–500 m,10–20°,2500–3000 mm,>1000 m,2010s,1,2,4,6
8204,22.65,92.67,365.0,19.43,3246.0,28.5,35.4,36.2,41.6,34.1,18.2,0.182,Tree cover,111.8,Mizoram,Lunglei,Lungsen,Debris,2018,0–500 m,10–20°,3000–4000 mm,100–500 m,2010s,1,2,5,4
8221,22.67,92.69,218.0,9.88,2935.0,28.1,36.2,35.8,41.8,34.4,18.7,0.187,Tree cover,1470.7,Mizoram,Lunglei,Lungsen,Debris,2019,0–500 m,0–10°,2500–3000 mm,>1000 m,2010s,1,1,4,6
8224,22.68,92.59,127.0,15.97,2868.0,27.8,37.0,35.3,41.1,34.4,17.6,0.176,Tree cover,171.8,Mizoram,Lawngtlai,Chawngte,Debris,2019,0–500 m,10–20°,2500–3000 mm,100–500 m,2010s,1,2,4,4
8240,22.7,92.56,330.0,23.25,3269.0,30.6,38.1,31.3,42.2,34.0,18.4,0.184,Tree cover,122.0,Mizoram,Lawngtlai,Chawngte,Rock,2019,0–500 m,20–30°,3000–4000 mm,100–500 m,2010s,1,3,5,4
8249,22.71,92.66,609.0,22.05,3234.0,32.5,39.6,28.0,40.6,32.5,18.9,0.189,Tree cover,19.6,Mizoram,Lunglei,Lungsen,Debris,2019,500–1000 m,20–30°,3000–4000 mm,10–50 m,2010s,2,3,5,2
8252,22.73,92.65,656.0,21.3,3514.0,30.5,38.6,30.9,41.7,33.8,18.6,0.186,Tree cover,33.0,Mizoram,Lunglei,Lungsen,Debris,2019,500–1000 m,20–30°,3000–4000 mm,10–50 m,2010s,2,3,5,2
8255,22.74,92.52,74.0,12.18,2667.0,27.4,34.8,37.9,40.3,32.6,17.5,0.175,Tree cover,200.0,Mizoram,Lawngtlai,Chawngte,Debris,2019,0–500 m,10–20°,2500–3000 mm,100–500 m,2010s,1,2,4,4
8280,22.812588,92.807343,913.0,35.66,3409.0,29.0,38.7,32.2,42.6,34.6,19.8,0.198,Tree cover,1.6,Mizoram,Lunglei,Lunglei,Rock,2018,500–1000 m,30–40°,3000–4000 mm,0–10 m,2010s,2,4,5,1
8287,22.823893,93.036804,1362.0,40.85,2863.0,30.2,33.0,36.8,43.0,36.0,19.4,0.194,Grassland,3769.5,Mizoram,Lunglei,Hnahthial,Debris,2018,1000–1500 m,40–50°,2500–3000 mm,>1000 m,2010s,3,5,4,6
8308,22.838875,92.792801,1144.0,34.2,3477.0,29.4,38.9,31.7,42.8,35.8,19.3,0.193,Built-up,3.3,Mizoram,Lunglei,Lunglei,Debris,2018,1000–1500 m,30–40°,3000–4000 mm,0–10 m,2010s,3,4,5,1
8350,22.87,92.48,77.0,16.48,2606.0,28.7,33.3,38.0,39.6,34.5,17.6,0.176,Tree cover,134.1,Mizoram,Lunglei,Lungsen,Debris,2018,0–500 m,10–20°,2500–3000 mm,100–500 m,2010s,1,2,4,4
8349,22.87,92.49,156.0,26.68,2671.0,28.8,33.6,37.6,40.0,32.5,18.0,0.18,Tree cover,458.5,Mizoram,Lunglei,Lungsen,Debris,2017,0–500 m,20–30°,2500–3000 mm,100–500 m,2010s,1,3,4,4
8354,22.87056,92.822105,950.0,30.46,3325.0,29.7,36.4,33.9,41.9,34.5,18.6,0.186,Tree cover,2.3,Mizoram,Lunglei,Lunglei,Rock,2018,500–1000 m,30–40°,3000–4000 mm,0–10 m,2010s,2,4,5,1
8374,22.88,92.46,42.0,8.35,2582.0,28.6,31.3,40.1,39.6,33.8,17.9,0.179,Tree cover,211.7,Mizoram,Lunglei,Lungsen,Debris,2019,0–500 m,0–10°,2500–3000 mm,100–500 m,2010s,1,1,4,4
8370,22.88,92.48,61.0,22.2,2620.0,28.8,32.4,38.9,39.9,34.3,16.8,0.168,Tree cover,410.4,Mizoram,Lunglei,Lungsen,Debris,2018,0–500 m,20–30°,2500–3000 mm,100–500 m,2010s,1,3,4,4
8394,22.89,92.48,113.0,14.93,2622.0,30.3,37.0,32.7,39.8,34.3,16.8,0.168,Tree cover,263.1,Mizoram,Lunglei,Lungsen,Debris,2017,0–500 m,10–20°,2500–3000 mm,100–500 m,2010s,1,2,4,4
8392,22.89,92.46,120.0,20.97,2592.0,29.5,31.6,38.9,40.3,34.9,18.1,0.181,Tree cover,1291.0,Mizoram,Lunglei,Lungsen,Debris,2019,0–500 m,20–30°,2500–3000 mm,>1000 m,2010s,1,3,4,6
8393,22.89,92.47,62.0,11.62,2584.0,28.6,33.5,37.8,40.4,33.5,18.1,0.181,Tree cover,987.1,Mizoram,Lunglei,Lungsen,Rock,2018,0–500 m,10–20°,2500–3000 mm,500–1000 m,2010s,1,2,4,5
8397,22.89,92.49,313.0,18.27,2838.0,29.8,35.3,34.9,40.2,34.5,18.4,0.184,Tree cover,596.2,Mizoram,Lunglei,Lungsen,Debris,2017,0–500 m,10–20°,2500–3000 mm,500–1000 m,2010s,1,2,4,5
8418,22.9,92.48,136.0,25.62,2885.0,29.1,35.1,35.8,40.1,34.4,17.9,0.179,Tree cover,62.0,Mizoram,Lunglei,Lungsen,Debris,2017,0–500 m,20–30°,2500–3000 mm,50–100 m,2010s,1,3,4,3
8421,22.9,92.46,196.0,13.29,2676.0,29.2,34.1,36.7,40.2,34.2,17.5,0.175,Tree cover,1122.9,Mizoram,Lunglei,Lungsen,Rock,2017,0–500 m,10–20°,2500–3000 mm,>1000 m,2010s,1,2,4,6
8434,22.906252,92.93174,261.0,24.64,2476.0,25.8,33.6,40.5,41.5,33.7,18.3,0.183,Built-up,3.0,Mizoram,Lunglei,Hnahthial,Debris,2018,0–500 m,20–30°,2000–2500 mm,0–10 m,2010s,1,3,3,1
8441,22.91165,92.929871,367.0,27.53,2538.0,28.7,33.2,38.1,42.3,34.4,19.0,0.19,Tree cover,30.2,Mizoram,Lunglei,Hnahthial,Debris,2018,0–500 m,20–30°,2500–3000 mm,10–50 m,2010s,1,3,4,2
8454,22.93,92.5,107.0,20.93,2610.0,28.7,32.9,38.4,40.2,34.0,18.0,0.18,Tree cover,2042.3,Mizoram,Lunglei,Lungsen,Rock,2018,0–500 m,20–30°,2500–3000 mm,>1000 m,2010s,1,3,4,6
8474,22.979994,92.726112,491.0,21.66,3172.0,31.5,38.8,29.7,41.5,34.0,18.6,0.186,Grassland,16.4,Mizoram,Lunglei,Lunglei,Debris,2018,0–500 m,20–30°,3000–4000 mm,10–50 m,2010s,1,3,5,2
8478,23.001865,92.923225,745.0,32.52,2735.0,31.3,32.0,36.7,42.1,33.8,19.2,0.192,Tree cover,9.9,Mizoram,Lunglei,Hnahthial,Debris,2018,500–1000 m,30–40°,2500–3000 mm,0–10 m,2010s,2,4,4,1
8495,23.017555,92.771515,937.0,29.6,3228.0,33.1,35.1,31.9,43.0,34.4,19.2,0.192,Tree cover,6.6,Mizoram,Lunglei,Lunglei,Rock,2018,500–1000 m,20–30°,3000–4000 mm,0–10 m,2010s,2,3,5,1
8502,23.022125,92.919952,797.0,26.8,2790.0,30.1,33.1,36.9,42.8,35.5,20.2,0.202,Tree cover,11.7,Mizoram,Lunglei,Hnahthial,Debris,2018,500–1000 m,20–30°,2500–3000 mm,10–50 m,2010s,2,3,4,2
8504,23.022694,92.7455,667.0,42.72,3083.0,31.3,36.6,32.1,41.1,34.5,18.3,0.183,Tree cover,3.8,Mizoram,Lunglei,Lunglei,Rock,2020,500–1000 m,40–50°,3000–4000 mm,0–10 m,2020s,2,5,5,1
8505,23.023447,92.744919,690.0,39.69,3083.0,31.6,35.1,33.2,41.1,34.5,18.3,0.183,Tree cover,9.8,Mizoram,Lunglei,Lunglei,Soil,2020,500–1000 m,30–40°,3000–4000 mm,0–10 m,2020s,2,4,5,1
8506,23.025131,92.91922,765.0,20.56,2802.0,31.2,31.2,37.7,42.9,33.9,19.2,0.192,Tree cover,14.0,Mizoram,Lunglei,Hnahthial,Debris,2018,500–1000 m,20–30°,2500–3000 mm,10–50 m,2010s,2,3,4,2
8525,23.053747,92.704163,912.0,13.51,3181.0,30.9,36.8,32.2,42.1,34.6,18.3,0.183,Tree cover,255.0,Mizoram,Lunglei,West Bunghmun,Rock,2018,500–1000 m,10–20°,3000–4000 mm,100–500 m,2010s,2,2,5,4
8526,23.053806,92.704918,892.0,36.2,3181.0,30.9,36.8,32.2,42.1,34.6,18.3,0.183,Tree cover,332.6,Mizoram,Lunglei,West Bunghmun,Rock,2018,500–1000 m,30–40°,3000–4000 mm,100–500 m,2010s,2,4,5,4
8530,23.057222,93.080002,1570.0,16.15,2621.0,30.6,34.1,35.3,42.7,35.6,19.8,0.198,Tree cover,6662.8,Mizoram,Serchhip,East Lungdar,Rock,2017,1500–2000 m,10–20°,2500–3000 mm,>1000 m,2010s,4,2,4,6
8563,23.097,92.696358,934.0,21.95,3157.0,32.0,35.1,33.0,42.4,34.5,18.6,0.186,Tree cover,4.4,Mizoram,Lunglei,West Bunghmun,Rock,2018,500–1000 m,20–30°,3000–4000 mm,0–10 m,2010s,2,3,5,1
8599,23.14085,93.142487,1212.0,39.32,2314.0,31.8,31.8,36.4,41.4,36.1,19.2,0.192,Tree cover,5580.0,Mizoram,Serchhip,East Lungdar,Debris,2017,1000–1500 m,30–40°,2000–2500 mm,>1000 m,2010s,3,4,3,6
8602,23.142357,92.750961,854.0,36.27,2886.0,32.9,32.9,34.2,42.9,34.9,19.7,0.197,Tree cover,10.0,Mizoram,Lunglei,Lunglei,Debris,2018,500–1000 m,30–40°,2500–3000 mm,0–10 m,2010s,2,4,4,1
8617,23.148056,93.055832,953.0,28.63,2433.0,31.8,27.5,40.7,42.1,34.6,19.7,0.197,Tree cover,809.6,Mizoram,Serchhip,East Lungdar,Debris,2018,500–1000 m,20–30°,2000–2500 mm,500–1000 m,2010s,2,3,3,5
8620,23.150719,92.74826,877.0,29.55,2913.0,30.9,34.3,34.8,43.2,34.6,19.6,0.196,Tree cover,0.1,Mizoram,Lunglei,Lunglei,Debris,2018,500–1000 m,20–30°,2500–3000 mm,0–10 m,2010s,2,3,4,1
8634,23.168705,93.108017,1220.0,23.68,2343.0,29.3,29.1,41.6,41.9,36.6,20.6,0.206,Tree cover,971.6,Mizoram,Serchhip,East Lungdar,Debris,2018,1000–1500 m,20–30°,2000–2500 mm,500–1000 m,2010s,3,3,3,5
8644,23.182417,93.246498,1511.0,43.22,2276.0,32.7,30.8,36.5,42.1,35.8,18.8,0.188,Tree cover,2.6,Mizoram,Champhai,Khawbung,Debris,2018,1500–2000 m,40–50°,2000–2500 mm,0–10 m,2010s,4,5,3,1
8645,23.182667,93.026138,765.0,7.72,2367.0,28.6,27.5,43.9,41.4,33.7,19.7,0.197,Grassland,50.8,Mizoram,Serchhip,East Lungdar,Debris,2018,500–1000 m,0–10°,2000–2500 mm,50–100 m,2010s,2,1,3,3
8661,23.199879,93.00705,948.0,34.91,2376.0,29.6,28.6,41.7,42.9,33.7,20.2,0.202,Tree cover,14.4,Mizoram,Serchhip,East Lungdar,Debris,2018,500–1000 m,30–40°,2000–2500 mm,10–50 m,2010s,2,4,3,2
8665,23.204981,92.57457,802.0,45.96,3140.0,34.6,33.4,32.1,42.6,33.8,19.4,0.194,Tree cover,2877.1,Mizoram,Lunglei,West Bunghmun,Rock,2018,500–1000 m,40–50°,3000–4000 mm,>1000 m,2010s,2,5,5,6
8667,23.205961,92.538406,764.0,20.17,3121.0,33.4,34.5,32.1,41.0,32.8,19.4,0.194,Tree cover,3625.4,Mizoram,Lunglei,West Bunghmun,Rock,2018,500–1000 m,20–30°,3000–4000 mm,>1000 m,2010s,2,3,5,6
8677,23.208918,92.518692,796.0,27.56,3300.0,32.8,35.7,31.5,41.4,32.7,18.6,0.186,Tree cover,2854.1,Mizoram,Lunglei,West Bunghmun,Debris,2018,500–1000 m,20–30°,3000–4000 mm,>1000 m,2010s,2,3,5,6
8693,23.222853,92.941536,401.0,37.49,2268.0,30.4,29.1,40.5,42.4,33.4,20.3,0.203,Tree cover,0.9,Mizoram,Serchhip,East Lungdar,Rock,2018,0–500 m,30–40°,2000–2500 mm,0–10 m,2010s,1,4,3,1
8713,23.244541,93.099533,1087.0,27.06,2210.0,31.7,27.2,41.0,41.8,34.7,19.9,0.199,Tree cover,16.1,Mizoram,Champhai,Khawzawl,Debris,2017,1000–1500 m,20–30°,2000–2500 mm,10–50 m,2010s,3,3,3,2
8720,23.25,92.48,729.0,17.57,3202.0,31.4,35.5,33.2,41.3,33.1,18.7,0.187,Tree cover,583.2,Mizoram,Lunglei,West Bunghmun,Rock,2018,500–1000 m,10–20°,3000–4000 mm,500–1000 m,2010s,2,2,5,5
8722,23.254946,92.634239,800.0,32.67,2842.0,32.2,33.3,34.5,43.3,35.2,21.3,0.213,Tree cover,3218.6,Mizoram,Lunglei,West Bunghmun,Rock,2015,500–1000 m,30–40°,2500–3000 mm,>1000 m,2010s,2,4,4,6
8723,23.255288,92.888813,841.0,30.36,2447.0,29.1,30.9,40.1,42.6,33.2,20.0,0.2,Tree cover,5.8,Mizoram,Serchhip,Serchhip,Debris,2016,500–1000 m,30–40°,2000–2500 mm,0–10 m,2010s,2,4,3,1
8724,23.255426,92.890915,849.0,22.64,2447.0,29.7,30.9,39.5,42.6,33.2,20.0,0.2,Tree cover,10.6,Mizoram,Serchhip,Serchhip,Rock,2016,500–1000 m,20–30°,2000–2500 mm,10–50 m,2010s,2,3,3,2
8725,23.260038,92.882734,883.0,37.6,2488.0,29.8,31.3,38.9,42.5,33.4,20.2,0.202,Tree cover,1.9,Mizoram,Serchhip,Serchhip,Rock,2015,500–1000 m,30–40°,2000–2500 mm,0–10 m,2010s,2,4,3,1
8729,23.268811,92.665508,880.0,38.87,2842.0,32.0,33.0,34.9,43.0,35.8,20.1,0.201,Tree cover,2.6,Mizoram,Lunglei,West Bunghmun,Rock,2016,500–1000 m,30–40°,2500–3000 mm,0–10 m,2010s,2,4,4,1
8731,23.271781,92.637703,571.0,30.38,2701.0,28.8,33.5,37.7,42.4,35.7,19.4,0.194,Tree cover,1825.2,Mizoram,Lunglei,West Bunghmun,Rock,2015,500–1000 m,30–40°,2500–3000 mm,>1000 m,2010s,2,4,4,6
8732,23.272218,92.873298,968.0,30.45,2515.0,28.4,32.1,39.4,43.2,34.1,19.8,0.198,Grassland,11.0,Mizoram,Serchhip,Serchhip,Debris,2016,500–1000 m,30–40°,2500–3000 mm,10–50 m,2010s,2,4,4,2
8733,23.273513,92.65731,907.0,8.53,2857.0,32.9,32.3,34.8,42.9,35.8,19.0,0.19,Tree cover,81.8,Mizoram,Lunglei,West Bunghmun,Rock,2016,500–1000 m,0–10°,2500–3000 mm,50–100 m,2010s,2,1,4,3
8734,23.273728,92.846503,687.0,35.25,2390.0,30.9,31.1,38.0,43.1,34.2,19.6,0.196,Tree cover,5.2,Mizoram,Serchhip,Serchhip,Rock,2018,500–1000 m,30–40°,2000–2500 mm,0–10 m,2010s,2,4,3,1
8735,23.2741,92.848362,739.0,41.8,2390.0,31.5,30.1,38.5,43.1,34.2,19.6,0.196,Tree cover,15.8,Mizoram,Serchhip,Serchhip,Rock,2015,500–1000 m,40–50°,2000–2500 mm,10–50 m,2010s,2,5,3,2
8737,23.275305,92.850377,739.0,37.23,2458.0,31.5,30.1,38.5,43.1,34.2,19.6,0.196,Tree cover,5.8,Mizoram,Serchhip,Serchhip,Debris,2016,500–1000 m,30–40°,2000–2500 mm,0–10 m,2010s,2,4,3,1
8738,23.276999,92.850991,730.0,29.39,2458.0,30.4,29.8,39.8,43.2,34.5,20.6,0.206,Tree cover,8.9,Mizoram,Serchhip,Serchhip,Debris,2015,500–1000 m,20–30°,2000–2500 mm,0–10 m,2010s,2,3,3,1
8739,23.277412,92.870285,995.0,35.06,2538.0,31.5,33.6,34.9,43.3,34.5,20.1,0.201,Grassland,27.2,Mizoram,Serchhip,Serchhip,Rock,2016,500–1000 m,30–40°,2500–3000 mm,10–50 m,2010s,2,4,4,2
8740,23.277886,92.840388,641.0,27.75,2422.0,30.5,30.8,38.7,43.6,34.5,19.8,0.198,Tree cover,9.8,Mizoram,Serchhip,Serchhip,Debris,2015,500–1000 m,20–30°,2000–2500 mm,0–10 m,2010s,2,3,3,1
8741,23.279612,92.869602,981.0,28.67,2538.0,31.5,33.2,35.3,43.3,34.5,20.1,0.201,Tree cover,7.9,Mizoram,Serchhip,Serchhip,Debris,2015,500–1000 m,20–30°,2500–3000 mm,0–10 m,2010s,2,3,4,1
8743,23.280794,92.851803,778.0,42.77,2458.0,30.5,30.4,39.1,43.2,34.5,20.6,0.206,Built-up,1.9,Mizoram,Serchhip,Serchhip,Rock,2018,500–1000 m,40–50°,2000–2500 mm,0–10 m,2010s,2,5,3,1
8745,23.28113,92.651804,761.0,37.25,2889.0,32.7,32.3,35.0,41.2,35.6,19.5,0.195,Grassland,181.3,Mizoram,Lunglei,West Bunghmun,Rock,2011,500–1000 m,30–40°,2500–3000 mm,100–500 m,2010s,2,4,4,4
8749,23.282506,92.854583,799.0,30.93,2458.0,29.8,30.9,39.3,43.2,34.5,20.6,0.206,Tree cover,3.9,Mizoram,Serchhip,Serchhip,Debris,2018,500–1000 m,30–40°,2000–2500 mm,0–10 m,2010s,2,4,3,1
8750,23.28328,92.831766,574.0,39.95,2350.0,31.0,29.2,39.8,42.1,35.0,19.6,0.196,Grassland,7.1,Mizoram,Serchhip,Serchhip,Debris,2016,500–1000 m,30–40°,2000–2500 mm,0–10 m,2010s,2,4,3,1
8753,23.285967,92.856546,837.0,29.31,2529.0,30.3,33.5,36.2,43.3,34.2,20.2,0.202,Tree cover,19.4,Mizoram,Serchhip,Serchhip,Rock,2015,500–1000 m,20–30°,2500–3000 mm,10–50 m,2010s,2,3,4,2
8754,23.286001,92.857178,846.0,34.36,2529.0,30.3,33.5,36.2,43.3,34.2,20.2,0.202,Tree cover,0.9,Mizoram,Serchhip,Serchhip,Rock,2015,500–1000 m,30–40°,2500–3000 mm,0–10 m,2010s,2,4,4,1
8755,23.28611,92.85748,835.0,35.09,2529.0,30.3,33.5,36.2,43.3,34.2,20.2,0.202,Tree cover,8.0,Mizoram,Serchhip,Serchhip,Debris,2015,500–1000 m,30–40°,2500–3000 mm,0–10 m,2010s,2,4,4,1
8759,23.28985,92.860445,857.0,31.2,2470.0,29.9,32.8,37.3,43.3,34.2,20.2,0.202,Grassland,18.1,Mizoram,Serchhip,Serchhip,Debris,2015,500–1000 m,30–40°,2000–2500 mm,10–50 m,2010s,2,4,3,2
8760,23.291063,92.860374,877.0,29.17,2470.0,29.9,32.8,37.3,43.3,34.2,20.2,0.202,Tree cover,6.2,Mizoram,Serchhip,Serchhip,Debris,2015,500–1000 m,20–30°,2000–2500 mm,0–10 m,2010s,2,3,3,1
8761,23.293142,92.857091,917.0,31.49,2556.0,30.2,32.5,37.4,43.3,34.2,20.2,0.202,Tree cover,8.5,Mizoram,Serchhip,Serchhip,Debris,2016,500–1000 m,30–40°,2500–3000 mm,0–10 m,2010s,2,4,4,1
8767,23.297332,92.740677,734.0,30.69,2572.0,31.0,32.2,36.7,42.3,34.9,19.6,0.196,Tree cover,13.9,Mizoram,Serchhip,Serchhip,Rock,2016,500–1000 m,30–40°,2500–3000 mm,10–50 m,2010s,2,4,4,2
8768,23.297637,92.74119,744.0,40.2,2572.0,31.0,32.2,36.7,42.3,34.9,19.6,0.196,Tree cover,17.0,Mizoram,Serchhip,Serchhip,Debris,2016,500–1000 m,40–50°,2500–3000 mm,10–50 m,2010s,2,5,4,2
8774,23.299407,92.696714,358.0,27.81,2404.0,28.5,31.4,40.1,41.8,35.3,18.2,0.182,Tree cover,13.2,Mizoram,Serchhip,Serchhip,Rock,2016,0–500 m,20–30°,2000–2500 mm,10–50 m,2010s,1,3,3,2
8776,23.30028,92.741186,708.0,41.76,2507.0,30.9,32.1,37.0,42.3,34.9,19.6,0.196,Tree cover,21.5,Mizoram,Serchhip,Serchhip,Rock,2016,500–1000 m,40–50°,2500–3000 mm,10–50 m,2010s,2,5,4,2
8780,23.302106,92.649524,715.0,20.51,2667.0,28.8,33.9,37.3,41.3,34.4,19.6,0.196,Tree cover,4.7,Mizoram,Lunglei,West Bunghmun,Rock,2017,500–1000 m,20–30°,2500–3000 mm,0–10 m,2010s,2,3,4,1
8781,23.302417,92.7425,675.0,33.6,2615.0,30.7,33.8,35.5,43.9,34.9,19.4,0.194,Tree cover,0.1,Mizoram,Serchhip,Serchhip,Rock,2020,500–1000 m,30–40°,2500–3000 mm,0–10 m,2020s,2,4,4,1
8782,23.302456,92.853533,971.0,37.81,2514.0,28.9,31.3,39.8,43.4,34.1,18.2,0.182,Tree cover,16.4,Mizoram,Serchhip,Serchhip,Rock,2015,500–1000 m,30–40°,2500–3000 mm,10–50 m,2010s,2,4,4,2
8783,23.303412,93.31066,1482.0,17.33,2074.0,33.4,29.7,36.9,41.9,34.9,18.2,0.182,Tree cover,1.8,Mizoram,Champhai,Khawbung,Rock,2017,1000–1500 m,10–20°,2000–2500 mm,0–10 m,2010s,3,2,3,1
8784,23.303639,92.676083,480.0,33.59,2415.0,31.3,28.9,39.9,42.3,34.8,18.7,0.187,Tree cover,2.1,Mizoram,Lunglei,West Bunghmun,Debris,2020,0–500 m,30–40°,2000–2500 mm,0–10 m,2020s,1,4,3,1
8785,23.303639,93.311361,1488.0,12.78,2074.0,33.4,29.7,36.9,41.9,34.9,18.2,0.182,Built-up,5.8,Mizoram,Champhai,Khawbung,Rock,2017,1000–1500 m,10–20°,2000–2500 mm,0–10 m,2010s,3,2,3,1
8795,23.3065,92.8535,1004.0,31.03,2514.0,29.0,31.7,39.3,43.4,34.1,18.2,0.182,Grassland,38.6,Mizoram,Serchhip,Serchhip,Debris,2010,1000–1500 m,30–40°,2500–3000 mm,10–50 m,2010s,3,4,4,2
8798,23.308202,92.731268,552.0,25.96,2456.0,29.3,31.4,39.4,41.3,33.8,19.0,0.19,Grassland,15.4,Mizoram,Serchhip,Serchhip,Rock,2016,500–1000 m,20–30°,2000–2500 mm,10–50 m,2010s,2,3,3,2
8799,23.308769,92.862258,1020.0,21.01,2485.0,27.8,31.8,40.4,42.1,33.9,18.9,0.189,Tree cover,146.9,Mizoram,Serchhip,Serchhip,Rock,2016,1000–1500 m,20–30°,2000–2500 mm,100–500 m,2010s,3,3,3,4
8800,23.309091,92.86293,1040.0,36.81,2485.0,28.0,31.3,40.7,42.1,33.9,18.9,0.189,Tree cover,196.5,Mizoram,Serchhip,Serchhip,Debris,2016,1000–1500 m,30–40°,2000–2500 mm,100–500 m,2010s,3,4,3,4
8801,23.309383,92.710064,439.0,14.36,2477.0,31.0,30.5,38.5,41.6,35.3,18.1,0.181,Tree cover,5.7,Mizoram,Serchhip,Serchhip,Debris,2020,0–500 m,10–20°,2000–2500 mm,0–10 m,2020s,1,2,3,1
8803,23.310167,93.311889,1506.0,32.04,2024.0,31.0,30.1,38.9,42.3,35.0,18.4,0.184,Tree cover,24.8,Mizoram,Champhai,Khawbung,Rock,2017,1500–2000 m,30–40°,2000–2500 mm,10–50 m,2010s,4,4,3,2
8809,23.314208,92.858096,1059.0,27.74,2484.0,27.4,31.3,41.3,43.3,35.5,18.3,0.183,Tree cover,27.0,Mizoram,Serchhip,Serchhip,Rock,2016,1000–1500 m,20–30°,2000–2500 mm,10–50 m,2010s,3,3,3,2
8810,23.314408,92.808662,486.0,41.09,2431.0,28.6,30.0,41.4,43.4,34.6,20.5,0.205,Tree cover,10.1,Mizoram,Serchhip,Serchhip,Rock,2016,0–500 m,40–50°,2000–2500 mm,10–50 m,2010s,1,5,3,2
8811,23.3152,92.808,495.0,37.01,2361.0,28.0,30.0,41.9,43.4,34.6,20.5,0.205,Grassland,3.2,Mizoram,Serchhip,Aibawk,Debris,2018,0–500 m,30–40°,2000–2500 mm,0–10 m,2010s,1,4,3,1
8813,23.3154,92.791224,619.0,38.45,2497.0,32.8,29.9,37.3,41.8,34.9,20.0,0.2,Tree cover,6.2,Mizoram,Serchhip,Serchhip,Rock,2016,500–1000 m,30–40°,2000–2500 mm,0–10 m,2010s,2,4,3,1
8814,23.315806,92.859192,1052.0,19.93,2485.0,27.4,31.3,41.3,43.3,35.5,18.3,0.183,Grassland,68.3,Mizoram,Serchhip,Serchhip,Debris,2014,1000–1500 m,10–20°,2000–2500 mm,50–100 m,2010s,3,2,3,3
8815,23.316221,92.856217,989.0,32.12,2484.0,27.4,31.2,41.4,43.3,35.5,18.3,0.183,Built-up,1.5,Mizoram,Serchhip,Serchhip,Debris,2015,500–1000 m,30–40°,2000–2500 mm,0–10 m,2010s,2,4,3,1
8816,23.318805,92.853099,829.0,22.09,2452.0,29.3,31.4,39.3,42.7,35.1,19.8,0.198,Grassland,232.0,Mizoram,Serchhip,Serchhip,Debris,2016,500–1000 m,20–30°,2000–2500 mm,100–500 m,2010s,2,3,3,4
8819,23.320815,92.854748,959.0,33.12,2452.0,30.3,31.0,38.7,41.7,35.5,19.2,0.192,Tree cover,19.4,Mizoram,Serchhip,Serchhip,Debris,2014,500–1000 m,30–40°,2000–2500 mm,10–50 m,2010s,2,4,3,2
8820,23.321505,92.854734,951.0,35.67,2452.0,30.3,31.0,38.7,41.7,35.5,19.2,0.192,Tree cover,3.2,Mizoram,Serchhip,Serchhip,Rock,2015,500–1000 m,30–40°,2000–2500 mm,0–10 m,2010s,2,4,3,1
8824,23.322363,92.854689,948.0,30.89,2452.0,30.3,31.0,38.7,41.7,35.5,19.2,0.192,Tree cover,4.8,Mizoram,Serchhip,Serchhip,Rock,2016,500–1000 m,30–40°,2000–2500 mm,0–10 m,2010s,2,4,3,1
8829,23.333984,92.781878,708.0,27.95,2483.0,31.7,27.1,41.3,43.2,36.0,20.5,0.205,Tree cover,16.0,Mizoram,Aizawl,Aibawk,Debris,2016,500–1000 m,20–30°,2000–2500 mm,10–50 m,2010s,2,3,3,2
8840,23.349857,92.780208,890.0,46.57,2541.0,32.8,30.1,37.1,42.4,34.8,20.7,0.207,Tree cover,36.7,Mizoram,Aizawl,Aibawk,Rock,2015,500–1000 m,40–50°,2500–3000 mm,10–50 m,2010s,2,5,4,2
8843,23.351772,92.781701,885.0,40.77,2533.0,33.9,30.7,35.4,42.4,34.8,20.7,0.207,Tree cover,58.3,Mizoram,Aizawl,Aibawk,Rock,2015,500–1000 m,40–50°,2500–3000 mm,50–100 m,2010s,2,5,4,3
8845,23.353803,92.794306,1366.0,21.47,2697.0,33.4,30.7,35.8,42.4,34.4,20.0,0.2,Tree cover,1344.4,Mizoram,Aizawl,Aibawk,Debris,2016,1000–1500 m,20–30°,2500–3000 mm,>1000 m,2010s,3,3,4,6
8849,23.360199,92.632911,714.0,32.76,2606.0,27.5,33.6,38.9,43.8,35.7,19.0,0.19,Tree cover,2.8,Mizoram,Lunglei,West Bunghmun,Rock,2016,500–1000 m,30–40°,2500–3000 mm,0–10 m,2010s,2,4,4,1
8880,23.385211,92.844697,969.0,30.29,2356.0,30.7,29.1,40.2,41.6,35.7,20.0,0.2,Built-up,92.9,Mizoram,Serchhip,Serchhip,Debris,2016,500–1000 m,30–40°,2000–2500 mm,50–100 m,2010s,2,4,3,3
8881,23.38533,92.855433,804.0,22.71,2306.0,32.2,27.9,39.9,41.6,34.7,19.7,0.197,Tree cover,739.4,Mizoram,Serchhip,Serchhip,Debris,2016,500–1000 m,20–30°,2000–2500 mm,500–1000 m,2010s,2,3,3,5
8885,23.388377,92.845102,927.0,32.36,2356.0,30.1,28.0,41.9,41.6,35.7,20.0,0.2,Grassland,9.9,Mizoram,Serchhip,Serchhip,Rock,2014,500–1000 m,30–40°,2000–2500 mm,0–10 m,2010s,2,4,3,1
8892,23.393332,92.758148,1284.0,37.62,2737.0,32.9,30.6,36.4,42.8,34.3,19.3,0.193,Tree cover,2.7,Mizoram,Aizawl,Aibawk,Rock,2016,1000–1500 m,30–40°,2500–3000 mm,0–10 m,2010s,3,4,4,1
8900,23.397126,92.757203,1263.0,35.07,2737.0,33.2,30.6,36.2,42.4,34.9,19.2,0.192,Tree cover,10.6,Mizoram,Aizawl,Aibawk,Rock,2016,1000–1500 m,30–40°,2500–3000 mm,10–50 m,2010s,3,4,4,2
8905,23.401015,92.848482,899.0,20.12,2339.0,31.0,27.4,41.6,41.7,34.9,19.7,0.197,Tree cover,0.9,Mizoram,Serchhip,Serchhip,Rock,2016,500–1000 m,20–30°,2000–2500 mm,0–10 m,2010s,2,3,3,1
8906,23.40178,92.750005,1215.0,33.53,2592.0,31.7,31.1,37.1,42.7,34.0,19.5,0.195,Tree cover,8.2,Mizoram,Aizawl,Aibawk,Rock,2016,1000–1500 m,30–40°,2500–3000 mm,0–10 m,2010s,3,4,4,1
8908,23.403402,92.750288,1187.0,25.31,2592.0,31.7,31.1,37.3,42.8,34.7,19.6,0.196,Tree cover,1.8,Mizoram,Aizawl,Aibawk,Rock,2016,1000–1500 m,20–30°,2500–3000 mm,0–10 m,2010s,3,3,4,1
8916,23.409674,92.750935,1184.0,34.23,2546.0,31.4,31.4,37.2,42.8,34.7,19.6,0.196,Grassland,97.1,Mizoram,Aizawl,Aibawk,Rock,2016,1000–1500 m,30–40°,2500–3000 mm,50–100 m,2010s,3,4,4,3
8918,23.411146,92.752193,1165.0,30.29,2546.0,30.4,30.7,38.9,42.6,32.6,19.7,0.197,Tree cover,77.8,Mizoram,Aizawl,Aibawk,Debris,2016,1000–1500 m,30–40°,2500–3000 mm,50–100 m,2010s,3,4,4,3
8923,23.412879,92.75401,1100.0,35.1,2546.0,29.7,31.4,38.9,42.6,32.6,19.7,0.197,Grassland,17.2,Mizoram,Aizawl,Aibawk,Rock,2016,1000–1500 m,30–40°,2500–3000 mm,10–50 m,2010s,3,4,4,2
8925,23.414113,93.136272,864.0,29.93,1932.0,29.9,26.0,44.1,41.5,34.8,18.7,0.187,Grassland,1890.2,Mizoram,Champhai,Khawzawl,Rock,2017,500–1000 m,20–30°,1500–2000 mm,>1000 m,2010s,2,3,2,6
8926,23.415165,92.722199,1080.0,23.73,2602.0,31.4,30.9,37.8,42.6,35.0,19.4,0.194,Tree cover,3092.5,Mizoram,Aizawl,Aibawk,Rock,2016,1000–1500 m,20–30°,2500–3000 mm,>1000 m,2010s,3,3,4,6
8927,23.417482,92.770557,1205.0,34.18,2621.0,28.7,29.3,42.0,42.4,33.4,19.5,0.195,Tree cover,5.5,Mizoram,Aizawl,Aibawk,Rock,2016,1000–1500 m,30–40°,2500–3000 mm,0–10 m,2010s,3,4,4,1
8939,23.425583,93.168278,987.0,26.34,1890.0,28.4,24.8,46.8,41.4,34.9,19.3,0.193,Tree cover,7.9,Mizoram,Champhai,Khawzawl,Debris,2017,500–1000 m,20–30°,1500–2000 mm,0–10 m,2010s,2,3,2,1
8942,23.427681,92.714959,902.0,28.39,2495.0,32.6,30.4,37.0,42.9,34.4,20.0,0.2,Tree cover,4043.4,Mizoram,Aizawl,Aibawk,Debris,2016,500–1000 m,20–30°,2000–2500 mm,>1000 m,2010s,2,3,3,6
8950,23.434706,92.854894,910.0,14.45,2253.0,32.8,28.1,39.1,41.1,34.0,19.3,0.193,Built-up,2.2,Mizoram,Serchhip,Serchhip,Debris,2016,500–1000 m,10–20°,2000–2500 mm,0–10 m,2010s,2,2,3,1
8951,23.43481,92.873933,746.0,36.46,2206.0,31.6,26.7,41.7,40.9,34.4,19.7,0.197,Grassland,3.7,Mizoram,Serchhip,Serchhip,Rock,2016,500–1000 m,30–40°,2000–2500 mm,0–10 m,2010s,2,4,3,1
8952,23.435405,92.871814,769.0,33.22,2206.0,31.3,25.6,43.1,41.1,34.3,19.6,0.196,Grassland,5.0,Mizoram,Serchhip,Serchhip,Debris,2015,500–1000 m,30–40°,2000–2500 mm,0–10 m,2010s,2,4,3,1
8953,23.436999,92.875456,683.0,16.79,2176.0,31.6,26.7,41.7,40.9,34.4,19.7,0.197,Tree cover,17.3,Mizoram,Serchhip,Serchhip,Rock,2016,500–1000 m,10–20°,2000–2500 mm,10–50 m,2010s,2,2,3,2
8954,23.438997,92.877502,668.0,20.54,2176.0,30.4,25.8,43.8,42.1,35.0,19.7,0.197,Tree cover,18.1,Mizoram,Serchhip,Serchhip,Rock,2016,500–1000 m,20–30°,2000–2500 mm,10–50 m,2010s,2,3,3,2
8956,23.439894,92.702301,580.0,31.3,2450.0,32.0,28.6,39.4,42.4,34.6,18.8,0.188,Tree cover,3530.5,Mizoram,Aizawl,Aibawk,Debris,2016,500–1000 m,30–40°,2000–2500 mm,>1000 m,2010s,2,4,3,6
8957,23.440648,92.703726,612.0,31.77,2450.0,32.0,28.6,39.4,42.4,34.6,18.8,0.188,Tree cover,3369.7,Mizoram,Aizawl,Aibawk,Rock,2016,500–1000 m,30–40°,2000–2500 mm,>1000 m,2010s,2,4,3,6
8958,23.440711,92.864298,796.0,13.52,2216.0,32.7,26.6,40.6,41.9,34.5,20.0,0.2,Tree cover,2.6,Mizoram,Serchhip,Serchhip,Rock,2016,500–1000 m,10–20°,2000–2500 mm,0–10 m,2010s,2,2,3,1
8959,23.440973,92.87909,628.0,23.0,2176.0,32.2,24.8,43.0,42.1,35.0,19.7,0.197,Tree cover,2.8,Mizoram,Serchhip,Serchhip,Debris,2016,500–1000 m,20–30°,2000–2500 mm,0–10 m,2010s,2,3,3,1
8960,23.44129,92.865395,794.0,29.46,2216.0,32.7,26.6,40.6,41.9,34.5,20.0,0.2,Tree cover,1.9,Mizoram,Serchhip,Serchhip,Rock,2016,500–1000 m,20–30°,2000–2500 mm,0–10 m,2010s,2,3,3,1
8962,23.442118,92.868912,786.0,29.28,2211.0,33.0,26.5,40.6,41.2,33.4,20.2,0.202,Built-up,11.6,Mizoram,Serchhip,Serchhip,Rock,2016,500–1000 m,20–30°,2000–2500 mm,10–50 m,2010s,2,3,3,2
8963,23.442296,92.695903,475.0,31.86,2322.0,28.6,27.7,43.6,42.8,34.5,19.8,0.198,Tree cover,3655.1,Mizoram,Aizawl,Aibawk,Debris,2016,0–500 m,30–40°,2000–2500 mm,>1000 m,2010s,1,4,3,6
8965,23.443878,92.85593,894.0,32.52,2245.0,31.8,28.2,40.0,41.6,35.1,19.5,0.195,Built-up,2.3,Mizoram,Serchhip,Serchhip,Rock,2016,500–1000 m,30–40°,2000–2500 mm,0–10 m,2010s,2,4,3,1
8967,23.44608,92.861819,777.0,26.09,2221.0,33.5,27.6,38.9,43.2,35.3,19.9,0.199,Tree cover,1.4,Mizoram,Serchhip,Serchhip,Debris,2016,500–1000 m,20–30°,2000–2500 mm,0–10 m,2010s,2,3,3,1
8968,23.447015,92.866917,908.0,7.84,2211.0,31.2,26.6,42.2,43.2,35.3,19.9,0.199,Tree cover,370.4,Mizoram,Serchhip,Serchhip,Rock,2016,500–1000 m,0–10°,2000–2500 mm,100–500 m,2010s,2,1,3,4
8969,23.447093,92.863082,759.0,16.46,2221.0,33.5,27.6,38.9,43.2,35.3,19.9,0.199,Tree cover,7.6,Mizoram,Serchhip,Serchhip,Rock,2016,500–1000 m,10–20°,2000–2500 mm,0–10 m,2010s,2,2,3,1
8975,23.448368,92.899862,788.0,16.99,2174.0,33.5,27.4,39.1,41.2,34.7,19.3,0.193,Tree cover,4.5,Mizoram,Serchhip,Serchhip,Debris,2016,500–1000 m,10–20°,2000–2500 mm,0–10 m,2010s,2,2,3,1
8977,23.449827,92.8599,764.0,14.25,2221.0,32.0,27.9,40.0,42.8,35.1,19.9,0.199,Tree cover,1.7,Mizoram,Serchhip,Serchhip,Debris,2015,500–1000 m,10–20°,2000–2500 mm,0–10 m,2010s,2,2,3,1
8981,23.453389,93.2615,759.0,32.12,1795.0,37.0,25.1,37.9,41.7,32.9,19.1,0.191,Tree cover,1.2,Mizoram,Champhai,Khawzawl,Rock,2016,500–1000 m,30–40°,1500–2000 mm,0–10 m,2010s,2,4,2,1
8982,23.454081,92.857453,1026.0,39.47,2261.0,31.2,29.3,39.6,42.8,35.1,19.9,0.199,Tree cover,8.6,Mizoram,Serchhip,Serchhip,Rock,2015,1000–1500 m,30–40°,2000–2500 mm,0–10 m,2010s,3,4,3,1
8995,23.458124,92.9053,915.0,26.82,2155.0,31.6,27.0,41.4,41.3,35.8,20.1,0.201,Tree cover,11.2,Mizoram,Serchhip,Serchhip,Debris,2016,500–1000 m,20–30°,2000–2500 mm,10–50 m,2010s,2,3,3,2
8996,23.45835,93.263247,833.0,40.13,1787.0,34.8,25.3,39.9,41.4,32.5,19.4,0.194,Grassland,2.5,Mizoram,Champhai,Khawzawl,Rock,2017,500–1000 m,40–50°,1500–2000 mm,0–10 m,2010s,2,5,2,1
8998,23.458593,92.905313,901.0,25.82,2138.0,31.6,27.0,41.4,41.3,35.8,20.1,0.201,Grassland,6.6,Mizoram,Serchhip,Serchhip,Debris,2016,500–1000 m,20–30°,2000–2500 mm,0–10 m,2010s,2,3,3,1
9005,23.460697,92.747293,1455.0,8.99,2740.0,35.4,31.1,33.6,42.3,33.6,19.0,0.19,Tree cover,7.2,Mizoram,Aizawl,Aibawk,Rock,2016,1000–1500 m,0–10°,2500–3000 mm,0–10 m,2010s,3,1,4,1
9007,23.460968,92.597217,939.0,18.11,2692.0,31.9,30.3,37.8,42.9,34.7,19.1,0.191,Tree cover,51.6,Mizoram,Mamit,Reiek,Debris,2010,500–1000 m,10–20°,2500–3000 mm,50–100 m,2010s,2,2,4,3
9015,23.462805,92.856093,1052.0,20.1,2267.0,30.2,30.0,39.8,42.4,35.0,19.8,0.198,Built-up,2.0,Mizoram,Serchhip,Serchhip,Debris,2016,1000–1500 m,20–30°,2000–2500 mm,0–10 m,2010s,3,3,3,1
9019,23.463981,92.736875,1246.0,48.35,2582.0,29.6,30.7,39.7,43.0,34.3,19.0,0.19,Tree cover,13.6,Mizoram,Aizawl,Aibawk,Rock,2016,1000–1500 m,40–50°,2500–3000 mm,10–50 m,2010s,3,5,4,2
9036,23.469833,93.314889,1398.0,25.94,1932.0,32.5,25.9,41.6,41.1,35.0,19.3,0.193,Tree cover,0.8,Mizoram,Champhai,Champhai,Rock,2017,1000–1500 m,20–30°,1500–2000 mm,0–10 m,2010s,3,3,2,1
9039,23.470198,92.693264,376.0,18.18,2325.0,25.3,28.7,45.9,42.0,34.2,18.5,0.185,Tree cover,1423.3,Mizoram,Aizawl,Aibawk,Rock,2016,0–500 m,10–20°,2000–2500 mm,>1000 m,2010s,1,2,3,6
9043,23.470794,92.741413,1335.0,35.58,2477.0,34.3,30.7,34.9,42.8,33.5,19.5,0.195,Tree cover,13.2,Mizoram,Aizawl,Aibawk,Rock,2016,1000–1500 m,30–40°,2000–2500 mm,10–50 m,2010s,3,4,3,2
9045,23.470964,92.692902,386.0,24.24,2325.0,27.3,28.0,44.7,42.0,34.2,18.5,0.185,Tree cover,1405.1,Mizoram,Aizawl,Aibawk,Rock,2016,0–500 m,20–30°,2000–2500 mm,>1000 m,2010s,1,3,3,6
9059,23.475,93.2928,1164.0,32.85,1874.0,34.4,25.7,39.9,41.9,35.7,19.2,0.192,Tree cover,156.8,Mizoram,Champhai,Champhai,Debris,2019,1000–1500 m,30–40°,1500–2000 mm,100–500 m,2010s,3,4,2,4
9063,23.476232,92.913652,1010.0,31.1,2145.0,34.1,27.6,38.3,40.4,35.0,19.9,0.199,Grassland,9.1,Mizoram,Serchhip,Serchhip,Rock,2015,1000–1500 m,30–40°,2000–2500 mm,0–10 m,2010s,3,4,3,1
9067,23.477108,92.857281,1028.0,21.09,2217.0,31.2,26.6,42.2,41.2,32.9,19.6,0.196,Tree cover,15.4,Mizoram,Serchhip,Serchhip,Debris,2016,1000–1500 m,20–30°,2000–2500 mm,10–50 m,2010s,3,3,3,2
9068,23.477601,92.818801,1029.0,34.5,2282.0,30.4,29.0,40.6,43.6,34.6,18.7,0.187,Tree cover,10.5,Mizoram,Serchhip,Serchhip,Rock,2016,1000–1500 m,30–40°,2000–2500 mm,10–50 m,2010s,3,4,3,2
9072,23.47803,92.861256,1035.0,31.06,2208.0,30.9,26.8,42.3,41.2,32.9,19.6,0.196,Grassland,8.7,Mizoram,Serchhip,Serchhip,Rock,2016,1000–1500 m,30–40°,2000–2500 mm,0–10 m,2010s,3,4,3,1
9077,23.479766,92.870601,922.0,38.74,2176.0,32.2,26.4,41.4,42.5,32.9,19.9,0.199,Tree cover,2.9,Mizoram,Serchhip,Serchhip,Debris,2016,500–1000 m,30–40°,2000–2500 mm,0–10 m,2010s,2,4,3,1
9084,23.486909,92.856282,1003.0,18.99,2205.0,30.4,26.7,42.9,41.0,33.3,19.1,0.191,Tree cover,5.8,Mizoram,Serchhip,Serchhip,Debris,2014,1000–1500 m,10–20°,2000–2500 mm,0–10 m,2010s,3,2,3,1
9088,23.490702,93.33685,1362.0,15.77,1893.0,32.6,26.1,41.3,41.5,34.9,19.1,0.191,Tree cover,959.2,Mizoram,Champhai,Champhai,Rock,2017,1000–1500 m,10–20°,1500–2000 mm,500–1000 m,2010s,3,2,2,5
9090,23.491497,92.705503,957.0,52.05,2471.0,31.3,29.8,38.9,43.6,34.9,19.3,0.193,Tree cover,15.6,Mizoram,Aizawl,Aibawk,Rock,2016,500–1000 m,>50°,2000–2500 mm,10–50 m,2010s,2,6,3,2
9091,23.493913,92.854305,948.0,21.16,2183.0,30.1,27.0,42.9,40.8,32.6,18.9,0.189,Tree cover,6.2,Mizoram,Serchhip,Serchhip,Rock,2016,500–1000 m,20–30°,2000–2500 mm,0–10 m,2010s,2,3,3,1
9093,23.497388,92.855013,908.0,23.92,2183.0,29.9,26.5,43.6,40.8,32.6,18.9,0.189,Tree cover,1.6,Mizoram,Serchhip,Serchhip,Debris,2016,500–1000 m,20–30°,2000–2500 mm,0–10 m,2010s,2,3,3,1
9094,23.497919,92.854946,931.0,24.62,2183.0,31.0,26.6,42.4,40.8,32.6,18.9,0.189,Built-up,5.4,Mizoram,Serchhip,Serchhip,Debris,2016,500–1000 m,20–30°,2000–2500 mm,0–10 m,2010s,2,3,3,1
9095,23.498802,92.8546,898.0,34.82,2183.0,31.0,26.6,42.4,40.8,32.6,18.9,0.189,Tree cover,0.9,Mizoram,Serchhip,Serchhip,Debris,2016,500–1000 m,30–40°,2000–2500 mm,0–10 m,2010s,2,4,3,1
9099,23.499418,92.905021,971.0,25.18,2108.0,31.1,27.6,41.2,42.9,35.6,19.2,0.192,Grassland,19.7,Mizoram,Aizawl,Serchhip,Debris,2017,500–1000 m,20–30°,2000–2500 mm,10–50 m,2010s,2,3,3,2
9106,23.510275,93.360333,1320.0,42.27,1806.0,35.3,25.1,39.6,41.2,34.3,18.4,0.184,Tree cover,15.4,Mizoram,Champhai,Champhai,Debris,2015,1000–1500 m,40–50°,1500–2000 mm,10–50 m,2010s,3,5,2,2
9111,23.518162,93.366956,1391.0,35.52,1810.0,35.7,24.6,39.7,41.2,35.1,18.5,0.185,Tree cover,13.1,Mizoram,Champhai,Champhai,Debris,2016,1000–1500 m,30–40°,1500–2000 mm,10–50 m,2010s,3,4,2,2
9124,23.54294,93.384772,1477.0,39.06,1826.0,33.7,25.4,41.0,41.7,35.1,19.8,0.198,Tree cover,142.3,Mizoram,Champhai,Champhai,Rock,2017,1000–1500 m,30–40°,1500–2000 mm,100–500 m,2010s,3,4,2,4
9128,23.546048,93.147734,944.0,33.48,1796.0,32.7,23.4,43.9,41.0,33.4,19.8,0.198,Tree cover,3.2,Mizoram,Champhai,Khawzawl,Rock,2017,500–1000 m,30–40°,1500–2000 mm,0–10 m,2010s,2,4,2,1
9131,23.548173,93.131588,830.0,39.94,1807.0,31.8,22.3,45.9,40.6,33.6,19.0,0.19,Tree cover,12.8,Mizoram,Champhai,Khawzawl,Rock,2017,500–1000 m,30–40°,1500–2000 mm,10–50 m,2010s,2,4,2,2
9139,23.57,92.47,510.0,29.8,2578.0,29.8,33.4,36.8,41.2,33.5,17.7,0.177,Tree cover,263.6,Mizoram,Mamit,West Phaileng,Rock,2019,500–1000 m,20–30°,2500–3000 mm,100–500 m,2010s,2,3,4,4
9164,23.602395,93.084222,1172.0,39.71,1825.0,33.9,24.3,41.8,41.3,34.6,19.5,0.195,Grassland,4.5,Mizoram,Champhai,Khawzawl,Rock,2017,1000–1500 m,30–40°,1500–2000 mm,0–10 m,2010s,3,4,2,1
9178,23.608306,92.850583,1110.0,36.32,2094.0,31.6,26.3,42.0,42.8,34.5,19.6,0.196,Tree cover,2.3,Mizoram,Aizawl,Thingsulthliah,Soil,2016,1000–1500 m,30–40°,2000–2500 mm,0–10 m,2010s,3,4,3,1
9213,23.640693,93.084944,1143.0,38.97,1789.0,29.3,23.8,46.9,41.1,33.2,19.1,0.191,Tree cover,0.2,Mizoram,Champhai,Khawzawl,Rock,2017,1000–1500 m,30–40°,1500–2000 mm,0–10 m,2010s,3,4,2,1
9226,23.653556,92.035139,275.0,6.93,2527.0,30.0,33.8,36.2,40.0,31.2,19.0,0.19,Tree cover,22471.2,Tripura,Dhalai,Longtharai Valley,Debris,2015,0–500 m,0–10°,2500–3000 mm,>1000 m,2010s,1,1,4,6
9245,23.663354,93.023297,522.0,31.71,1808.0,28.5,26.3,45.2,41.8,34.4,19.6,0.196,Tree cover,12.3,Mizoram,Aizawl,Phullen,Rock,2017,500–1000 m,30–40°,1500–2000 mm,10–50 m,2010s,2,4,2,2
9246,23.663361,92.015111,325.0,30.27,2623.0,30.5,33.4,36.1,40.4,31.9,18.7,0.187,Tree cover,21064.0,Tripura,Dhalai,Longtharai Valley,Debris,2015,0–500 m,30–40°,2500–3000 mm,>1000 m,2010s,1,4,4,6
9273,23.679,92.039278,170.0,29.87,2315.0,28.2,33.9,37.9,40.2,32.2,18.9,0.189,Tree cover,20915.7,Tripura,Dhalai,Longtharai Valley,Debris,2015,0–500 m,20–30°,2000–2500 mm,>1000 m,2010s,1,3,3,6
9298,23.69,92.49,737.0,30.4,2663.0,30.5,30.6,38.9,41.5,35.2,18.6,0.186,Tree cover,43.2,Mizoram,Mamit,West Phaileng,Rock,2019,500–1000 m,30–40°,2500–3000 mm,10–50 m,2010s,2,4,4,2
9299,23.69,92.35,458.0,38.38,2761.0,29.1,34.0,36.9,41.6,32.4,17.9,0.179,Tree cover,5727.2,Mizoram,Mamit,West Phaileng,Rock,2018,0–500 m,30–40°,2500–3000 mm,>1000 m,2010s,1,4,4,6
9305,23.692222,92.015833,247.0,22.65,2362.0,27.6,36.1,36.4,41.2,33.0,18.0,0.18,Tree cover,19099.9,Tripura,Dhalai,Longtharai Valley,Soil,2015,0–500 m,20–30°,2000–2500 mm,>1000 m,2010s,1,3,3,6
9306,23.693,92.054472,252.0,21.26,2412.0,26.0,35.5,38.5,39.6,32.0,17.6,0.176,Tree cover,18928.9,Tripura,Dhalai,Longtharai Valley,Debris,2015,0–500 m,20–30°,2000–2500 mm,>1000 m,2010s,1,3,3,6
9310,23.694139,92.013278,216.0,21.6,2362.0,26.5,36.6,36.9,40.4,32.3,18.4,0.184,Tree cover,18763.8,Tripura,Dhalai,Longtharai Valley,Debris,2015,0–500 m,20–30°,2000–2500 mm,>1000 m,2010s,1,3,3,6
9318,23.697694,92.071194,220.0,14.6,2447.0,28.0,36.0,36.0,40.1,31.4,18.2,0.182,Tree cover,17146.0,Tripura,North Tripura,Longtharai Valley,Debris,2015,0–500 m,10–20°,2000–2500 mm,>1000 m,2010s,1,2,3,6
9328,23.701667,92.719444,1037.0,32.36,2229.0,30.4,28.0,41.6,41.8,31.9,18.3,0.183,Built-up,5.1,Mizoram,Aizawl,Tlangnuam,Rock,2021,1000–1500 m,30–40°,2000–2500 mm,0–10 m,2020s,3,4,3,1
9330,23.70272,92.71631,1094.0,36.77,2257.0,30.0,27.8,42.2,40.9,33.0,17.7,0.177,Tree cover,72.5,Mizoram,Aizawl,Tlangnuam,Rock,2007,1000–1500 m,30–40°,2000–2500 mm,50–100 m,2000s,3,4,3,3
9394,23.73436,92.75194,891.0,28.61,2142.0,30.6,27.6,41.8,42.2,34.0,19.8,0.198,Built-up,13.0,Mizoram,Aizawl,Tlangnuam,Rock,2012,500–1000 m,20–30°,2000–2500 mm,10–50 m,2010s,2,3,3,2
9410,23.741508,92.707858,883.0,42.53,2259.0,31.1,26.4,42.5,43.1,33.6,17.4,0.174,Tree cover,5.7,Mizoram,Aizawl,Tlangnuam,Rock,2023,500–1000 m,40–50°,2000–2500 mm,0–10 m,2020s,2,5,3,1
9413,23.741908,92.741614,886.0,33.74,2180.0,31.1,27.5,41.5,42.7,32.0,17.8,0.178,Built-up,1.2,Mizoram,Aizawl,Tlangnuam,Debris,2021,500–1000 m,30–40°,2000–2500 mm,0–10 m,2020s,2,4,3,1
9436,23.750676,92.679635,848.0,14.64,2284.0,32.5,28.0,39.5,43.1,34.3,18.9,0.189,Tree cover,55.0,Mizoram,Aizawl,Tlangnuam,Debris,2016,500–1000 m,10–20°,2000–2500 mm,50–100 m,2010s,2,2,3,3
9443,23.754359,92.690207,693.0,25.94,2253.0,29.0,26.6,44.4,42.6,33.8,19.3,0.193,Tree cover,2.6,Mizoram,Aizawl,Tlangnuam,Debris,2016,500–1000 m,20–30°,2000–2500 mm,0–10 m,2010s,2,3,3,1
9448,23.761734,92.573908,485.0,27.5,2458.0,29.1,29.7,41.1,42.6,35.0,18.8,0.188,Tree cover,1268.1,Mizoram,Mamit,Reiek,Debris,2016,0–500 m,20–30°,2000–2500 mm,>1000 m,2010s,1,3,3,6
9452,23.76821,92.539681,513.0,31.24,2418.0,31.0,29.2,39.8,42.3,35.0,19.4,0.194,Tree cover,175.7,Mizoram,Mamit,Reiek,Debris,2016,500–1000 m,30–40°,2000–2500 mm,100–500 m,2010s,2,4,3,4
9459,23.78,92.36,706.0,28.55,2947.0,27.0,34.8,38.1,42.2,33.6,17.9,0.179,Tree cover,9486.7,Mizoram,Mamit,Zawlnuam,Rock,2019,500–1000 m,20–30°,2500–3000 mm,>1000 m,2010s,2,3,4,6
9461,23.780864,92.577909,479.0,40.77,2439.0,28.4,29.8,41.7,41.3,34.4,18.6,0.186,Tree cover,749.0,Mizoram,Mamit,Reiek,Debris,2016,0–500 m,40–50°,2000–2500 mm,500–1000 m,2010s,1,5,3,5
9475,23.788722,92.837833,625.0,35.91,1994.0,31.9,23.6,44.4,41.4,35.7,19.4,0.194,Tree cover,4.5,Mizoram,Aizawl,Thingsulthliah,Debris,2016,500–1000 m,30–40°,1500–2000 mm,0–10 m,2010s,2,4,2,1
9478,23.79,92.36,697.0,28.48,2911.0,27.8,35.0,37.2,41.9,33.1,17.5,0.175,Tree cover,8623.8,Mizoram,Mamit,Zawlnuam,Rock,2019,500–1000 m,20–30°,2500–3000 mm,>1000 m,2010s,2,3,4,6
9479,23.790132,92.672097,363.0,31.37,2164.0,29.1,25.1,45.8,40.6,34.8,18.5,0.185,Tree cover,25.6,Mizoram,Aizawl,Tlangnuam,Rock,2016,0–500 m,30–40°,2000–2500 mm,10–50 m,2010s,1,4,3,2
9486,23.793417,93.387474,1169.0,38.02,1606.0,31.0,27.2,41.8,41.8,33.4,18.6,0.186,Tree cover,7.6,Mizoram,Champhai,Champhai,Debris,2017,1000–1500 m,30–40°,1500–2000 mm,0–10 m,2010s,3,4,2,1
9487,23.793444,92.125833,199.0,20.78,2281.0,26.8,33.4,39.8,40.7,32.5,17.3,0.173,Tree cover,9753.5,Tripura,Dhalai,Longtharai Valley,Debris,2015,0–500 m,20–30°,2000–2500 mm,>1000 m,2010s,1,3,3,6
9493,23.796268,92.54654,499.0,5.69,2327.0,28.1,30.7,41.2,41.6,34.6,18.4,0.184,Tree cover,1385.0,Mizoram,Mamit,Reiek,Debris,2016,0–500 m,0–10°,2000–2500 mm,>1000 m,2010s,1,1,3,6
9494,23.797306,92.120417,177.0,12.28,2246.0,25.3,33.9,40.8,41.2,33.0,18.4,0.184,Tree cover,10260.9,Tripura,Dhalai,Longtharai Valley,Debris,2015,0–500 m,10–20°,2000–2500 mm,>1000 m,2010s,1,2,3,6
9497,23.798861,92.642417,135.0,12.02,2035.0,27.6,27.2,45.2,40.8,35.1,18.2,0.182,Tree cover,11.1,Mizoram,Aizawl,Tlangnuam,Soil,2016,0–500 m,10–20°,2000–2500 mm,10–50 m,2010s,1,2,3,2
9498,23.799166,93.132919,1035.0,29.04,1643.0,34.9,23.3,41.8,41.9,34.2,19.5,0.195,Tree cover,3.2,Mizoram,Champhai,Ngopa,Debris,2017,1000–1500 m,20–30°,1500–2000 mm,0–10 m,2010s,3,3,2,1
9499,23.8,92.5,653.0,26.64,2582.0,29.2,32.5,38.3,42.5,34.8,19.7,0.197,Tree cover,102.5,Mizoram,Mamit,Zawlnuam,Rock,2019,500–1000 m,20–30°,2500–3000 mm,100–500 m,2010s,2,3,4,4
9500,23.800556,93.15889,456.0,35.96,1678.0,27.5,25.5,47.0,40.0,34.6,17.7,0.177,Tree cover,5.6,Mizoram,Champhai,Ngopa,Debris,2017,0–500 m,30–40°,1500–2000 mm,0–10 m,2010s,1,4,2,1
9505,23.802567,92.564045,852.0,25.41,2551.0,33.4,29.8,36.8,41.8,34.3,18.8,0.188,Tree cover,1180.5,Mizoram,Mamit,Reiek,Debris,2016,500–1000 m,20–30°,2500–3000 mm,>1000 m,2010s,2,3,4,6
9506,23.803055,93.160164,472.0,28.41,1678.0,28.0,26.0,46.1,40.0,34.6,17.7,0.177,Tree cover,3.9,Mizoram,Champhai,Ngopa,Debris,2017,0–500 m,20–30°,1500–2000 mm,0–10 m,2010s,1,3,2,1
9510,23.805313,92.592663,509.0,40.66,2291.0,28.6,29.0,42.4,42.3,35.0,18.6,0.186,Tree cover,12.7,Mizoram,Mamit,Reiek,Rock,2016,500–1000 m,40–50°,2000–2500 mm,10–50 m,2010s,2,5,3,2
9513,23.808111,93.041779,835.0,21.79,1682.0,36.4,19.4,44.2,40.7,34.4,18.6,0.186,Tree cover,11.0,Mizoram,Aizawl,Phullen,Rock,2016,500–1000 m,20–30°,1500–2000 mm,10–50 m,2010s,2,3,2,2
9514,23.808528,92.595222,359.0,25.56,2275.0,29.4,29.3,41.3,42.4,33.7,18.7,0.187,Built-up,10.5,Mizoram,Mamit,Reiek,Debris,2016,0–500 m,20–30°,2000–2500 mm,10–50 m,2010s,1,3,3,2
9515,23.81,92.5,600.0,28.78,2531.0,30.1,34.4,35.5,42.5,35.2,19.7,0.197,Tree cover,390.2,Mizoram,Mamit,Zawlnuam,Rock,2019,500–1000 m,20–30°,2500–3000 mm,100–500 m,2010s,2,3,4,4
9516,23.810083,92.833861,520.0,33.63,1978.0,29.8,24.1,46.1,41.9,35.0,19.5,0.195,Tree cover,1.7,Mizoram,Aizawl,Thingsulthliah,Debris,2015,500–1000 m,30–40°,1500–2000 mm,0–10 m,2010s,2,4,2,1
9517,23.810806,93.379028,1069.0,27.87,1538.0,29.9,27.5,42.6,40.6,31.9,17.6,0.176,Grassland,20.4,Mizoram,Champhai,Champhai,Debris,2017,1000–1500 m,20–30°,1500–2000 mm,10–50 m,2010s,3,3,2,2
9518,23.811722,92.959917,1330.0,43.48,1911.0,33.4,29.6,37.0,41.1,34.2,20.1,0.201,Tree cover,2.5,Mizoram,Aizawl,Phullen,Debris,2016,1000–1500 m,40–50°,1500–2000 mm,0–10 m,2010s,3,5,2,1
9519,23.811938,92.570804,605.0,15.7,2487.0,31.4,30.7,38.0,41.3,35.6,19.4,0.194,Tree cover,1949.3,Mizoram,Mamit,Reiek,Debris,2016,500–1000 m,10–20°,2000–2500 mm,>1000 m,2010s,2,2,3,6
9520,23.812139,92.954167,1311.0,23.76,2081.0,33.7,29.8,36.5,41.3,34.2,20.8,0.208,Tree cover,423.7,Mizoram,Aizawl,Phullen,Rock,2016,1000–1500 m,20–30°,2000–2500 mm,100–500 m,2010s,3,3,3,4
9521,23.812167,92.835194,502.0,37.47,1978.0,29.9,24.7,45.4,41.9,35.0,19.5,0.195,Tree cover,9.3,Mizoram,Aizawl,Thingsulthliah,Soil,2015,500–1000 m,30–40°,1500–2000 mm,0–10 m,2010s,2,4,2,1
9523,23.816611,92.662306,117.0,19.38,2017.0,26.1,31.8,42.0,40.8,35.3,19.0,0.19,Tree cover,12.8,Mizoram,Aizawl,Tlangnuam,Debris,2016,0–500 m,10–20°,2000–2500 mm,10–50 m,2010s,1,2,3,2
9529,23.822054,92.826453,455.0,31.37,2003.0,30.5,25.1,44.4,40.5,35.2,19.0,0.19,Tree cover,2.0,Mizoram,Aizawl,Thingsulthliah,Debris,2016,0–500 m,30–40°,2000–2500 mm,0–10 m,2010s,1,4,3,1
9532,23.823222,92.674861,410.0,26.11,2131.0,26.6,31.2,42.2,40.9,34.4,18.5,0.185,Tree cover,1034.5,Mizoram,Aizawl,Tlangnuam,Debris,2015,0–500 m,20–30°,2000–2500 mm,>1000 m,2010s,1,3,3,6
9536,23.825205,92.830469,374.0,32.94,1980.0,28.3,25.5,46.2,40.8,35.7,18.1,0.181,Tree cover,6.8,Mizoram,Aizawl,Thingsulthliah,Debris,2016,0–500 m,30–40°,1500–2000 mm,0–10 m,2010s,1,4,2,1
9538,23.828278,92.023389,110.0,16.8,2156.0,27.8,32.7,39.5,39.9,34.2,17.2,0.172,Tree cover,11298.6,Tripura,Dhalai,Longtharai Valley,Debris,2015,0–500 m,10–20°,2000–2500 mm,>1000 m,2010s,1,2,3,6
9539,23.832916,93.301888,1239.0,25.51,1844.0,32.5,28.1,39.4,40.7,32.3,18.8,0.188,Tree cover,3314.9,Mizoram,Champhai,Champhai,Debris,2017,1000–1500 m,20–30°,1500–2000 mm,>1000 m,2010s,3,3,2,6
9544,23.836056,93.37664,841.0,31.83,1511.0,32.2,29.4,38.4,40.5,33.0,17.3,0.173,Tree cover,11.5,Mizoram,Champhai,Champhai,Debris,2017,500–1000 m,30–40°,1500–2000 mm,10–50 m,2010s,2,4,2,2
9545,23.83675,92.916556,1127.0,24.77,1891.0,32.6,27.8,39.6,40.8,33.3,19.7,0.197,Tree cover,2165.4,Mizoram,Aizawl,Phullen,Debris,2016,1000–1500 m,20–30°,1500–2000 mm,>1000 m,2010s,3,3,2,6
9546,23.839417,92.910972,1142.0,17.5,1891.0,33.4,24.1,42.5,40.8,33.3,19.7,0.197,Tree cover,1770.6,Mizoram,Aizawl,Phullen,Debris,2016,1000–1500 m,10–20°,1500–2000 mm,>1000 m,2010s,3,2,2,6
9547,23.84,92.37,428.0,14.35,2691.0,29.8,32.2,38.0,40.9,32.5,18.7,0.187,Tree cover,2967.1,Mizoram,Mamit,Zawlnuam,Debris,2019,0–500 m,10–20°,2500–3000 mm,>1000 m,2010s,1,2,4,6
9550,23.842167,93.373917,788.0,35.35,1518.0,31.6,28.2,40.2,40.6,33.7,17.8,0.178,Tree cover,9.6,Mizoram,Champhai,Champhai,Debris,2017,500–1000 m,30–40°,1500–2000 mm,0–10 m,2010s,2,4,2,1
9551,23.844109,92.928779,1830.0,26.58,2552.0,36.2,33.4,30.5,41.9,32.9,19.7,0.197,Grassland,2081.1,Mizoram,Aizawl,Phullen,Debris,2016,1500–2000 m,20–30°,2500–3000 mm,>1000 m,2010s,4,3,4,6
9556,23.846056,93.371971,760.0,33.37,1518.0,32.1,30.7,37.2,40.4,33.5,17.7,0.177,Grassland,61.4,Mizoram,Champhai,Champhai,Debris,2017,500–1000 m,30–40°,1500–2000 mm,50–100 m,2010s,2,4,2,3
9559,23.847246,92.927341,1786.0,19.04,2552.0,35.6,33.3,31.1,41.9,32.9,19.7,0.197,Tree cover,1729.7,Mizoram,Aizawl,Phullen,Debris,2016,1500–2000 m,10–20°,2500–3000 mm,>1000 m,2010s,4,2,4,6
9565,23.85,92.33,187.0,11.42,2295.0,27.4,35.9,36.7,40.6,31.8,18.6,0.186,Tree cover,4785.0,Mizoram,Mamit,Zawlnuam,Debris,2019,0–500 m,10–20°,2000–2500 mm,>1000 m,2010s,1,2,3,6
9568,23.851361,92.742222,1296.0,25.46,2314.0,31.4,29.2,39.3,41.5,33.6,20.1,0.201,Tree cover,10.4,Mizoram,Aizawl,Tlangnuam,Soil,2016,1000–1500 m,20–30°,2000–2500 mm,10–50 m,2010s,3,3,3,2
9576,23.855535,92.648953,80.0,42.99,2073.0,23.9,29.7,46.4,40.9,35.1,17.7,0.177,Tree cover,8.4,Mizoram,Mamit,Tlangnuam,Soil,2016,0–500 m,40–50°,2000–2500 mm,0–10 m,2010s,1,5,3,1
9582,23.86,92.35,270.0,14.51,2346.0,27.1,36.2,36.7,41.1,31.5,19.0,0.19,Tree cover,2489.8,Mizoram,Mamit,Zawlnuam,Debris,2019,0–500 m,10–20°,2000–2500 mm,>1000 m,2010s,1,2,3,6
9587,23.860361,93.203804,952.0,25.29,1512.0,27.7,26.3,46.1,41.2,32.8,18.7,0.187,Tree cover,5.8,Mizoram,Champhai,Ngopa,Rock,2017,500–1000 m,20–30°,1500–2000 mm,0–10 m,2010s,2,3,2,1
9588,23.861805,93.364944,598.0,24.05,1545.0,28.9,31.7,39.4,40.6,34.0,18.2,0.182,Tree cover,5.0,Mizoram,Champhai,Champhai,Debris,2017,500–1000 m,20–30°,1500–2000 mm,0–10 m,2010s,2,3,2,1
9589,23.862638,93.204025,997.0,30.55,1512.0,28.0,27.5,44.5,41.2,32.8,18.7,0.187,Tree cover,6.1,Mizoram,Champhai,Ngopa,Debris,2017,500–1000 m,30–40°,1500–2000 mm,0–10 m,2010s,2,4,2,1
9596,23.869861,92.877444,971.0,19.43,1883.0,32.5,21.9,45.6,41.2,34.4,20.1,0.201,Built-up,2.3,Mizoram,Aizawl,Darlawn,Debris,2016,500–1000 m,10–20°,1500–2000 mm,0–10 m,2010s,2,2,2,1
9597,23.87,92.5,869.0,10.71,2637.0,28.8,33.7,37.5,41.0,33.8,18.0,0.18,Tree cover,129.5,Mizoram,Mamit,Zawlnuam,Rock,2019,500–1000 m,10–20°,2500–3000 mm,100–500 m,2010s,2,2,4,4
9598,23.870445,93.208611,1053.0,43.27,1636.0,32.5,24.8,42.6,41.9,33.2,19.0,0.19,Tree cover,6.5,Mizoram,Champhai,Ngopa,Debris,2017,1000–1500 m,40–50°,1500–2000 mm,0–10 m,2010s,3,5,2,1
9602,23.87075,93.078529,708.0,34.17,1594.0,33.8,21.0,45.2,41.4,33.6,19.1,0.191,Grassland,7.1,Mizoram,Aizawl,Phullen,Debris,2017,500–1000 m,30–40°,1500–2000 mm,0–10 m,2010s,2,4,2,1
9606,23.872722,92.874083,932.0,15.75,1912.0,32.9,21.1,46.0,42.7,34.5,19.5,0.195,Tree cover,29.1,Mizoram,Aizawl,Darlawn,Rock,1996,500–1000 m,10–20°,1500–2000 mm,10–50 m,1990s,2,2,2,2
9615,23.88139,93.243027,1351.0,29.46,1850.0,32.3,28.6,39.0,40.3,33.4,18.9,0.189,Tree cover,1.4,Mizoram,Champhai,Ngopa,Debris,2017,1000–1500 m,20–30°,1500–2000 mm,0–10 m,2010s,3,3,2,1
9619,23.882389,93.248947,1517.0,33.1,1850.0,32.7,29.4,37.9,40.0,32.0,19.7,0.197,Tree cover,2.0,Mizoram,Champhai,Ngopa,Debris,2017,1500–2000 m,30–40°,1500–2000 mm,0–10 m,2010s,4,4,2,1
9620,23.882583,92.877639,877.0,29.32,1887.0,32.9,21.8,45.3,41.8,35.7,20.5,0.205,Tree cover,10.6,Mizoram,Aizawl,Darlawn,Debris,2016,500–1000 m,20–30°,1500–2000 mm,10–50 m,2010s,2,3,2,2
9621,23.882833,92.241583,194.0,11.84,2218.0,27.3,37.2,35.5,40.5,33.1,18.4,0.184,Tree cover,2762.7,Tripura,North Tripura,Kanchanpur,Debris,2015,0–500 m,10–20°,2000–2500 mm,>1000 m,2010s,1,2,3,6
9622,23.88319,92.869,656.0,31.72,1911.0,33.8,23.1,43.2,41.9,35.4,20.2,0.202,Tree cover,127.7,Mizoram,Aizawl,Darlawn,Debris,2016,500–1000 m,30–40°,1500–2000 mm,100–500 m,2010s,2,4,2,4
9624,23.88375,92.866778,703.0,32.67,1953.0,33.9,23.0,43.2,41.9,35.4,20.2,0.202,Tree cover,0.4,Mizoram,Aizawl,Darlawn,Debris,2016,500–1000 m,30–40°,1500–2000 mm,0–10 m,2010s,2,4,2,1
9625,23.883944,92.880528,884.0,28.6,1904.0,32.9,21.8,45.3,41.8,35.7,20.5,0.205,Tree cover,10.7,Mizoram,Aizawl,Darlawn,Debris,2016,500–1000 m,20–30°,1500–2000 mm,10–50 m,2010s,2,3,2,2
9638,23.890694,93.275024,1702.0,23.05,2058.0,31.7,31.6,36.8,41.8,34.8,20.4,0.204,Tree cover,6.3,Mizoram,Champhai,Ngopa,Rock,2017,1500–2000 m,20–30°,2000–2500 mm,0–10 m,2010s,4,3,3,1
9641,23.891722,92.84925,579.0,28.9,2008.0,30.2,25.4,44.5,42.8,35.6,18.5,0.185,Tree cover,23.2,Mizoram,Aizawl,Darlawn,Debris,2016,500–1000 m,20–30°,2000–2500 mm,10–50 m,2010s,2,3,3,2
9653,23.899583,92.663694,196.0,8.92,2081.0,25.4,31.0,43.6,41.4,34.4,17.4,0.174,Tree cover,386.6,Mizoram,Aizawl,Thingdawl,Rock,2021,0–500 m,0–10°,2000–2500 mm,100–500 m,2020s,1,1,3,4
9659,23.902111,92.922556,1140.0,21.86,1844.0,30.8,24.5,44.7,40.9,34.7,20.2,0.202,Tree cover,0.3,Mizoram,Aizawl,Darlawn,Debris,2016,1000–1500 m,20–30°,1500–2000 mm,0–10 m,2010s,3,3,2,1
9660,23.905027,93.185776,1003.0,29.81,1510.0,28.0,25.5,46.5,41.0,33.1,18.6,0.186,Tree cover,2541.1,Mizoram,Champhai,Ngopa,Rock,2016,1000–1500 m,20–30°,1500–2000 mm,>1000 m,2010s,3,3,2,6
9662,23.907555,93.015114,1102.0,26.0,1699.0,30.4,21.0,48.7,41.2,33.7,18.7,0.187,Tree cover,0.2,Mizoram,Aizawl,Phullen,Debris,2017,1000–1500 m,20–30°,1500–2000 mm,0–10 m,2010s,3,3,2,1
9663,23.908806,93.177391,1024.0,30.93,1530.0,28.1,26.5,45.4,41.2,33.4,17.5,0.175,Tree cover,3451.8,Mizoram,Champhai,Ngopa,Debris,2017,1000–1500 m,30–40°,1500–2000 mm,>1000 m,2010s,3,4,2,6
9666,23.91,92.45,216.0,19.23,2361.0,25.8,30.5,43.7,41.2,34.0,18.8,0.188,Tree cover,36.8,Mizoram,Mamit,Zawlnuam,Debris,2019,0–500 m,10–20°,2000–2500 mm,10–50 m,2010s,1,2,3,2
9672,23.915778,92.742417,1013.0,29.11,2184.0,30.3,26.4,43.2,43.3,33.4,20.7,0.207,Tree cover,4.6,Mizoram,Aizawl,Thingdawl,Rock,2016,1000–1500 m,20–30°,2000–2500 mm,0–10 m,2010s,3,3,3,1
9674,23.918389,92.923472,1108.0,26.5,1822.0,32.0,23.2,44.8,41.6,33.9,19.6,0.196,Tree cover,13.8,Mizoram,Aizawl,Darlawn,Debris,2016,1000–1500 m,20–30°,1500–2000 mm,10–50 m,2010s,3,3,2,2
9676,23.918694,92.740389,1042.0,15.13,2208.0,29.7,27.2,43.1,42.7,34.3,20.0,0.2,Tree cover,90.5,Mizoram,Aizawl,Thingdawl,Debris,2016,1000–1500 m,10–20°,2000–2500 mm,50–100 m,2010s,3,2,3,3
9677,23.918917,92.650833,155.0,9.11,2018.0,27.1,30.5,42.5,40.7,35.4,17.7,0.177,Tree cover,462.8,Mizoram,Mamit,Reiek,Rock,2016,0–500 m,0–10°,2000–2500 mm,100–500 m,2010s,1,1,3,4
9678,23.922639,92.736528,881.0,25.07,2208.0,31.9,27.0,41.1,42.2,34.1,19.8,0.198,Grassland,6.5,Mizoram,Aizawl,Thingdawl,Debris,2016,500–1000 m,20–30°,2000–2500 mm,0–10 m,2010s,2,3,3,1
9681,23.92425,92.925222,1115.0,32.76,1811.0,30.7,22.6,46.7,41.0,33.4,20.7,0.207,Grassland,4.6,Mizoram,Aizawl,Darlawn,Debris,2016,1000–1500 m,30–40°,1500–2000 mm,0–10 m,2010s,3,4,2,1
9688,23.929083,92.922778,1112.0,23.1,1846.0,30.0,23.6,46.4,40.9,33.3,19.4,0.194,Tree cover,4.5,Mizoram,Aizawl,Darlawn,Rock,2016,1000–1500 m,20–30°,1500–2000 mm,0–10 m,2010s,3,3,2,1
9691,23.934222,92.730611,789.0,26.43,2249.0,30.8,28.9,40.3,42.1,34.1,19.7,0.197,Tree cover,4.8,Mizoram,Aizawl,Thingdawl,Debris,2016,500–1000 m,20–30°,2000–2500 mm,0–10 m,2010s,2,3,3,1
9692,23.934417,92.667222,187.0,34.61,2187.0,24.6,32.2,43.2,41.2,33.1,18.5,0.185,Tree cover,16.7,Mizoram,Aizawl,Thingdawl,Rock,2016,0–500 m,30–40°,2000–2500 mm,10–50 m,2010s,1,4,3,2
9700,23.9395,92.927889,1219.0,34.13,1878.0,31.7,26.2,42.2,41.4,35.3,19.4,0.194,Tree cover,6.7,Mizoram,Aizawl,Darlawn,Debris,2016,1000–1500 m,30–40°,1500–2000 mm,0–10 m,2010s,3,4,2,1
9701,23.94,92.37,673.0,26.87,3047.0,29.4,32.8,37.7,41.2,33.3,17.9,0.179,Tree cover,162.6,Mizoram,Mamit,Zawlnuam,Rock,2019,500–1000 m,20–30°,3000–4000 mm,100–500 m,2010s,2,3,5,4
9702,23.940106,92.680592,237.0,27.12,2146.0,29.4,32.6,38.0,40.9,32.2,17.8,0.178,Built-up,0.4,Mizoram,Aizawl,Thingdawl,Debris,2016,0–500 m,20–30°,2000–2500 mm,0–10 m,2010s,1,3,3,1
9703,23.940333,92.680833,249.0,32.07,2146.0,29.4,32.6,38.0,40.9,32.2,17.8,0.178,Built-up,8.7,Mizoram,Aizawl,Thingdawl,Rock,2016,0–500 m,30–40°,2000–2500 mm,0–10 m,2010s,1,4,3,1
9704,23.942722,93.213531,1047.0,27.01,1471.0,31.2,27.3,41.5,41.1,33.2,18.2,0.182,Tree cover,20.0,Mizoram,Champhai,Ngopa,Debris,2017,1000–1500 m,20–30°,<1500 mm,10–50 m,2010s,3,3,1,2
9705,23.943241,92.933604,1268.0,30.08,1891.0,32.3,26.8,40.9,41.1,33.6,19.9,0.199,Built-up,1.3,Mizoram,Aizawl,Darlawn,Debris,2016,1000–1500 m,30–40°,1500–2000 mm,0–10 m,2010s,3,4,2,1
9706,23.94325,92.933611,1268.0,30.08,1891.0,32.3,26.8,40.9,41.1,33.6,19.9,0.199,Built-up,0.1,Mizoram,Aizawl,Darlawn,Debris,2016,1000–1500 m,30–40°,1500–2000 mm,0–10 m,2010s,3,4,2,1
9709,23.95,94.07,1011.0,14.31,2062.0,28.9,35.8,35.3,42.8,36.1,18.3,0.183,Grassland,9474.8,Manipur,Chandel,Khengjoy,Rock,2015,1000–1500 m,10–20°,2000–2500 mm,>1000 m,2010s,3,2,3,6
9713,23.95,92.37,770.0,20.14,3094.0,28.8,32.8,38.5,40.9,33.7,18.4,0.184,Tree cover,54.5,Mizoram,Mamit,Zawlnuam,Rock,2019,500–1000 m,20–30°,3000–4000 mm,50–100 m,2010s,2,3,5,3
9716,23.950417,93.037109,1065.0,30.81,1635.0,33.8,24.1,42.2,41.3,33.0,18.5,0.185,Tree cover,6.2,Mizoram,Aizawl,Phullen,Debris,2017,1000–1500 m,30–40°,1500–2000 mm,0–10 m,2010s,3,4,2,1
9726,23.96,94.06,1119.0,32.95,2071.0,27.3,33.8,38.9,43.0,36.2,17.5,0.175,Grassland,8850.5,Manipur,Chandel,Khengjoy,Rock,2015,1000–1500 m,30–40°,2000–2500 mm,>1000 m,2010s,3,4,3,6
9729,23.962278,93.035309,1014.0,36.88,1667.0,32.4,23.1,44.6,41.1,33.6,19.9,0.199,Built-up,5.3,Mizoram,Aizawl,Phullen,Debris,2017,1000–1500 m,30–40°,1500–2000 mm,0–10 m,2010s,3,4,2,1
9740,23.971078,92.682781,312.0,26.82,2250.0,30.5,29.5,40.0,41.1,33.6,19.0,0.19,Built-up,0.6,Mizoram,Kolasib,Thingdawl,Rock,2016,0–500 m,20–30°,2000–2500 mm,0–10 m,2010s,1,3,3,1
9742,23.972222,92.68325,324.0,31.81,2250.0,32.0,29.2,38.9,41.1,33.6,19.0,0.19,Grassland,20.2,Mizoram,Kolasib,Thingdawl,Rock,2016,0–500 m,30–40°,2000–2500 mm,10–50 m,2010s,1,4,3,2
9751,23.98,94.03,1473.0,22.05,2055.0,32.3,32.2,35.5,42.5,35.9,17.6,0.176,Tree cover,8529.5,Manipur,Chandel,Khengjoy,Rock,2018,1000–1500 m,20–30°,2000–2500 mm,>1000 m,2010s,3,3,3,6
9750,23.98,94.02,1093.0,19.97,2037.0,26.9,34.2,38.9,42.0,34.9,18.2,0.182,Tree cover,8962.1,Manipur,Chandel,Khengjoy,Rock,2015,1000–1500 m,10–20°,2000–2500 mm,>1000 m,2010s,3,2,3,6
9759,23.982,92.718028,681.0,22.59,2308.0,30.1,28.8,41.0,42.6,34.1,19.0,0.19,Tree cover,23.1,Mizoram,Kolasib,Thingdawl,Debris,2016,500–1000 m,20–30°,2000–2500 mm,10–50 m,2010s,2,3,3,2
9760,23.982639,93.011055,675.0,27.82,1700.0,28.7,20.5,50.8,41.3,34.8,18.9,0.189,Tree cover,0.3,Mizoram,Aizawl,Phullen,Debris,2017,500–1000 m,20–30°,1500–2000 mm,0–10 m,2010s,2,3,2,1
9761,23.983667,92.683333,431.0,25.9,2382.0,30.1,29.5,40.5,41.1,32.6,19.5,0.195,Tree cover,8.6,Mizoram,Kolasib,Thingdawl,Rock,2016,0–500 m,20–30°,2000–2500 mm,0–10 m,2010s,1,3,3,1
9763,23.984972,92.772028,604.0,26.75,2208.0,32.0,29.7,38.3,41.1,34.5,19.6,0.196,Tree cover,1.6,Mizoram,Aizawl,Thingdawl,Debris,2016,500–1000 m,20–30°,2000–2500 mm,0–10 m,2010s,2,3,3,1
9764,23.986109,92.681581,435.0,19.3,2382.0,29.6,30.1,40.3,41.3,33.2,19.2,0.192,Tree cover,78.5,Mizoram,Kolasib,Thingdawl,Rock,2016,0–500 m,10–20°,2000–2500 mm,50–100 m,2010s,1,2,3,3
9765,23.9865,92.709806,628.0,27.61,2332.0,29.7,29.8,40.4,42.0,33.2,18.5,0.185,Tree cover,14.2,Mizoram,Kolasib,Thingdawl,Debris,2016,500–1000 m,20–30°,2000–2500 mm,10–50 m,2010s,2,3,3,2
9766,23.986667,92.681556,436.0,13.9,2382.0,29.6,30.1,40.3,41.3,33.2,19.2,0.192,Tree cover,42.9,Mizoram,Kolasib,Thingdawl,Debris,2020,0–500 m,10–20°,2000–2500 mm,10–50 m,2020s,1,2,3,2
9771,23.99,94.0,1318.0,35.23,2034.0,29.8,32.6,37.6,42.2,35.0,17.4,0.174,Tree cover,8254.7,Manipur,Chandel,Khengjoy,Rock,2015,1000–1500 m,30–40°,2000–2500 mm,>1000 m,2010s,3,4,3,6
9768,23.99,93.94,1599.0,31.53,2071.0,27.8,32.5,39.8,43.0,35.9,19.1,0.191,Tree cover,11717.5,Manipur,Chandel,Chakpikarong,Debris,2020,1500–2000 m,30–40°,2000–2500 mm,>1000 m,2020s,4,4,3,6
9770,23.99,94.04,1234.0,24.05,2049.0,28.9,32.0,39.1,41.9,35.9,17.6,0.176,Grassland,7049.5,Manipur,Chandel,Khengjoy,Rock,2018,1000–1500 m,20–30°,2000–2500 mm,>1000 m,2010s,3,3,3,6
9773,23.99016,92.68075,485.0,20.49,2382.0,30.9,30.2,39.0,41.3,33.2,19.2,0.192,Grassland,26.1,Mizoram,Kolasib,Thingdawl,Rock,2016,0–500 m,20–30°,2000–2500 mm,10–50 m,2010s,1,3,3,2
9776,23.997222,92.681722,541.0,32.89,2405.0,30.6,29.4,40.0,42.0,33.2,19.3,0.193,Grassland,3.6,Mizoram,Kolasib,Thingdawl,Debris,2016,500–1000 m,30–40°,2000–2500 mm,0–10 m,2010s,2,4,3,1
9787,24.0,94.0,1141.0,35.85,2043.0,26.9,31.6,41.5,42.1,36.0,18.1,0.181,Tree cover,7206.9,Manipur,Chandel,Khengjoy,Rock,2015,1000–1500 m,30–40°,2000–2500 mm,>1000 m,2010s,3,4,3,6
9781,24.0,93.97,1600.0,37.09,2054.0,30.0,30.0,40.0,42.8,35.8,20.1,0.201,Tree cover,8786.7,Manipur,Chandel,Khengjoy,Rock,2015,1500–2000 m,30–40°,2000–2500 mm,>1000 m,2010s,4,4,3,6
9788,24.0,93.82,1194.0,26.96,1915.0,29.7,31.9,38.4,41.1,34.9,19.1,0.191,Tree cover,12864.9,Manipur,Chandel,Chakpikarong,Rock,2017,1000–1500 m,20–30°,1500–2000 mm,>1000 m,2010s,3,3,2,6
9794,24.004186,92.904111,892.0,35.04,1863.0,35.3,23.8,41.0,40.2,32.9,18.8,0.188,Tree cover,1953.9,Mizoram,Aizawl,Darlawn,Soil,2016,500–1000 m,30–40°,1500–2000 mm,>1000 m,2010s,2,4,2,6
9795,24.004313,92.904068,902.0,35.36,1863.0,35.3,23.8,41.0,40.2,32.9,18.8,0.188,Tree cover,1952.5,Mizoram,Aizawl,Darlawn,Soil,2016,500–1000 m,30–40°,1500–2000 mm,>1000 m,2010s,2,4,2,6
9797,24.005278,92.677083,625.0,38.01,2408.0,27.7,32.2,40.1,42.4,33.3,18.6,0.186,Tree cover,4.2,Mizoram,Kolasib,Thingdawl,Rock,2016,500–1000 m,30–40°,2000–2500 mm,0–10 m,2010s,2,4,3,1
9807,24.01,93.97,1320.0,25.06,2037.0,28.1,30.5,41.4,42.9,34.4,18.2,0.182,Tree cover,7967.7,Manipur,Chandel,Khengjoy,Rock,2015,1000–1500 m,20–30°,2000–2500 mm,>1000 m,2010s,3,3,3,6
9805,24.01,93.99,1241.0,35.08,2045.0,26.9,32.9,40.2,42.2,36.1,17.9,0.179,Grassland,6676.4,Manipur,Chandel,Khengjoy,Rock,2015,1000–1500 m,30–40°,2000–2500 mm,>1000 m,2010s,3,4,3,6
9801,24.01,93.96,1630.0,29.47,2061.0,28.1,31.1,40.9,41.9,36.0,18.2,0.182,Tree cover,8720.2,Manipur,Chandel,Khengjoy,Rock,2015,1500–2000 m,20–30°,2000–2500 mm,>1000 m,2010s,4,3,3,6
9804,24.01,93.98,1176.0,33.87,2041.0,27.8,31.2,41.0,42.7,34.8,17.8,0.178,Tree cover,7279.8,Manipur,Chandel,Khengjoy,Rock,2015,1000–1500 m,30–40°,2000–2500 mm,>1000 m,2010s,3,4,3,6
9809,24.010279,92.767056,713.0,34.59,2233.0,29.9,31.5,38.6,42.6,33.9,19.0,0.19,Tree cover,54.3,Mizoram,Aizawl,Thingdawl,Rock,2016,500–1000 m,30–40°,2000–2500 mm,50–100 m,2010s,2,4,3,3
9813,24.013528,92.674722,632.0,26.55,2457.0,29.2,32.9,37.9,42.7,34.5,19.7,0.197,Built-up,11.6,Mizoram,Kolasib,Thingdawl,Debris,2021,500–1000 m,20–30°,2000–2500 mm,10–50 m,2020s,2,3,3,2
9820,24.02,93.97,1155.0,27.23,2037.0,27.3,34.0,38.7,42.1,35.6,17.6,0.176,Tree cover,7227.9,Manipur,Chandel,Khengjoy,Rock,2015,1000–1500 m,20–30°,2000–2500 mm,>1000 m,2010s,3,3,3,6
9822,24.021514,92.673778,682.0,43.86,2462.0,31.4,30.6,38.0,42.6,34.9,19.1,0.191,Tree cover,7.5,Mizoram,Kolasib,Thingdawl,Rock,2016,500–1000 m,40–50°,2000–2500 mm,0–10 m,2010s,2,5,3,1
9823,24.022079,92.771729,798.0,30.68,2212.0,33.0,28.3,38.6,42.0,36.0,18.7,0.187,Grassland,12.2,Mizoram,Aizawl,Thingdawl,Soil,2016,500–1000 m,30–40°,2000–2500 mm,10–50 m,2010s,2,4,3,2
9825,24.022347,92.772075,807.0,26.66,2212.0,33.0,28.3,38.6,42.0,36.0,18.7,0.187,Grassland,9.0,Mizoram,Aizawl,Thingdawl,Soil,2016,500–1000 m,20–30°,2000–2500 mm,0–10 m,2010s,2,3,3,1
9829,24.023916,93.194336,1252.0,44.92,1599.0,34.6,24.9,40.5,40.7,34.1,19.4,0.194,Grassland,10.4,Mizoram,Champhai,Ngopa,Debris,2017,1000–1500 m,40–50°,1500–2000 mm,10–50 m,2010s,3,5,2,2
9831,24.024289,92.771361,856.0,7.03,2212.0,30.9,28.6,40.5,42.0,36.0,18.7,0.187,Tree cover,12.4,Mizoram,Aizawl,Thingdawl,Debris,2016,500–1000 m,0–10°,2000–2500 mm,10–50 m,2010s,2,1,3,2
9833,24.025094,92.769158,869.0,19.42,2201.0,30.5,28.7,40.8,42.0,36.0,18.7,0.187,Tree cover,9.1,Mizoram,Aizawl,Thingdawl,Rock,2016,500–1000 m,10–20°,2000–2500 mm,0–10 m,2010s,2,2,3,1
9837,24.025676,92.914807,1029.0,39.22,1867.0,33.2,24.3,42.5,40.5,34.0,19.5,0.195,Tree cover,14.0,Mizoram,Aizawl,Darlawn,Rock,2016,1000–1500 m,30–40°,1500–2000 mm,10–50 m,2010s,3,4,2,2
9841,24.028721,92.909301,1064.0,23.39,1867.0,32.6,23.5,43.9,41.1,33.0,19.5,0.195,Tree cover,7.0,Mizoram,Aizawl,Darlawn,Soil,2016,1000–1500 m,20–30°,1500–2000 mm,0–10 m,2010s,3,3,2,1
9845,24.03,93.81,1269.0,9.13,1947.0,29.9,31.4,38.7,42.0,35.1,19.3,0.193,Tree cover,9613.1,Manipur,Chandel,Chakpikarong,Rock,2018,1000–1500 m,0–10°,1500–2000 mm,>1000 m,2010s,3,1,2,6
9849,24.030793,92.793313,621.0,28.17,2205.0,27.1,31.9,41.0,42.2,35.7,19.4,0.194,Tree cover,2163.9,Mizoram,Aizawl,Thingdawl,Soil,2016,500–1000 m,20–30°,2000–2500 mm,>1000 m,2010s,2,3,3,6
9851,24.0314,92.258,184.0,24.22,2278.0,30.7,36.4,32.9,40.3,33.0,19.1,0.191,Tree cover,21.3,Tripura,North Tripura,Kanchanpur,Debris,2021,0–500 m,20–30°,2000–2500 mm,10–50 m,2020s,1,3,3,2
9852,24.0335,92.100694,112.0,19.57,2281.0,26.1,34.4,39.5,39.9,32.3,18.0,0.18,Tree cover,3568.9,Tripura,Dhalai,Kumarghat,Soil,2016,0–500 m,10–20°,2000–2500 mm,>1000 m,2010s,1,2,3,6
9855,24.0368,92.244222,134.0,10.05,2253.0,31.6,34.9,33.5,39.2,31.1,17.9,0.179,Tree cover,15.7,Tripura,North Tripura,Kanchanpur,Rock,2021,0–500 m,10–20°,2000–2500 mm,10–50 m,2020s,1,2,3,2
9857,24.037336,92.922455,907.0,22.66,1837.0,34.6,23.7,41.7,40.3,33.8,18.9,0.189,Tree cover,6.4,Mizoram,Aizawl,Darlawn,Debris,2016,500–1000 m,20–30°,1500–2000 mm,0–10 m,2010s,2,3,2,1
9859,24.037574,92.922489,907.0,25.66,1837.0,34.6,23.7,41.7,40.3,33.8,18.9,0.189,Tree cover,10.3,Mizoram,Aizawl,Darlawn,Soil,2016,500–1000 m,20–30°,1500–2000 mm,10–50 m,2010s,2,3,2,2
9861,24.039139,92.106944,134.0,9.57,2281.0,27.8,34.9,37.3,39.7,32.2,17.6,0.176,Tree cover,2698.5,Tripura,Dhalai,Kumarghat,Debris,2016,0–500 m,0–10°,2000–2500 mm,>1000 m,2010s,1,1,3,6
9864,24.04,94.08,984.0,29.7,2171.0,26.7,33.5,39.8,43.2,35.9,17.8,0.178,Tree cover,432.0,Manipur,Chandel,Khengjoy,Rock,2018,500–1000 m,20–30°,2000–2500 mm,100–500 m,2010s,2,3,3,4
9868,24.043187,92.77542,973.0,35.77,2200.0,30.6,30.6,38.7,42.1,34.3,19.4,0.194,Tree cover,12.6,Mizoram,Aizawl,Thingdawl,Rock,2016,500–1000 m,30–40°,2000–2500 mm,10–50 m,2010s,2,4,3,2
9870,24.043492,92.775423,969.0,31.03,2200.0,31.1,31.0,37.9,42.1,34.3,19.4,0.194,Tree cover,14.5,Mizoram,Aizawl,Thingdawl,Rock,2016,500–1000 m,30–40°,2000–2500 mm,10–50 m,2010s,2,4,3,2
9871,24.045278,92.775169,961.0,30.7,2200.0,31.1,31.0,37.9,42.1,34.3,19.4,0.194,Grassland,5.7,Mizoram,Aizawl,Thingdawl,Rock,2016,500–1000 m,30–40°,2000–2500 mm,0–10 m,2010s,2,4,3,1
9874,24.048556,92.314306,83.0,22.46,2208.0,28.8,34.4,36.8,38.4,33.6,18.0,0.18,Tree cover,3514.5,Tripura,North Tripura,Zawlnuam,Debris,2015,0–500 m,20–30°,2000–2500 mm,>1000 m,2010s,1,3,3,6
9877,24.05,94.07,1135.0,34.42,2118.0,27.4,33.7,38.9,42.8,36.4,18.6,0.186,Tree cover,103.6,Manipur,Chandel,Khengjoy,Rock,2018,1000–1500 m,30–40°,2000–2500 mm,100–500 m,2010s,3,4,3,4
9880,24.05,92.38,633.0,29.22,3060.0,28.6,36.6,34.7,41.6,32.9,18.3,0.183,Tree cover,275.4,Mizoram,Mamit,Zawlnuam,Rock,2019,500–1000 m,20–30°,3000–4000 mm,100–500 m,2010s,2,3,5,4
9882,24.050391,92.775525,968.0,38.59,2225.0,31.5,30.6,37.8,42.0,34.3,19.3,0.193,Tree cover,18.0,Mizoram,Aizawl,Thingdawl,Rock,2016,500–1000 m,30–40°,2000–2500 mm,10–50 m,2010s,2,4,3,2
9888,24.06,94.04,1129.0,32.09,2110.0,26.4,33.8,39.8,42.6,37.2,17.6,0.176,Tree cover,111.4,Manipur,Chandel,Khengjoy,Rock,2015,1000–1500 m,30–40°,2000–2500 mm,100–500 m,2010s,3,4,3,4
9887,24.06,94.05,1147.0,34.79,2134.0,26.3,33.8,39.9,42.3,36.2,18.5,0.185,Tree cover,96.3,Manipur,Chandel,Khengjoy,Rock,2015,1000–1500 m,30–40°,2000–2500 mm,50–100 m,2010s,3,4,3,3
9889,24.06,94.02,1071.0,28.71,2110.0,28.1,32.9,38.9,41.6,36.5,18.2,0.182,Tree cover,582.3,Manipur,Chandel,Khengjoy,Rock,2015,1000–1500 m,20–30°,2000–2500 mm,500–1000 m,2010s,3,3,3,5
9892,24.061004,92.925342,800.0,40.27,1919.0,32.0,22.7,45.3,41.7,35.4,19.3,0.193,Tree cover,0.7,Mizoram,Aizawl,Darlawn,Soil,2016,500–1000 m,40–50°,1500–2000 mm,0–10 m,2010s,2,5,2,1
9893,24.062429,92.922576,776.0,31.29,1873.0,32.6,23.1,44.3,41.7,35.4,19.3,0.193,Tree cover,26.3,Mizoram,Aizawl,Darlawn,Rock,2016,500–1000 m,30–40°,1500–2000 mm,10–50 m,2010s,2,4,2,2
9898,24.067576,92.893076,999.0,7.51,1911.0,30.2,24.0,45.8,41.8,35.1,19.9,0.199,Grassland,2333.8,Mizoram,Aizawl,Darlawn,Rock,2012,500–1000 m,0–10°,1500–2000 mm,>1000 m,2010s,2,1,2,6
9903,24.069728,92.918457,758.0,12.37,1936.0,30.5,25.6,43.8,41.0,35.5,19.7,0.197,Tree cover,8.7,Mizoram,Aizawl,Darlawn,Soil,2016,500–1000 m,10–20°,1500–2000 mm,0–10 m,2010s,2,2,2,1
9905,24.07,94.03,1025.0,34.9,2117.0,29.2,32.7,38.2,41.4,35.5,17.9,0.179,Tree cover,513.0,Manipur,Chandel,Khengjoy,Rock,2018,1000–1500 m,30–40°,2000–2500 mm,500–1000 m,2010s,3,4,3,5
9906,24.070285,92.787738,974.0,31.67,2194.0,30.9,29.3,39.7,42.2,35.7,19.2,0.192,Tree cover,7.3,Mizoram,Aizawl,Thingdawl,Rock,2016,500–1000 m,30–40°,2000–2500 mm,0–10 m,2010s,2,4,3,1
9907,24.070611,92.290944,262.0,22.03,2641.0,28.2,35.4,36.4,41.4,33.0,18.0,0.18,Tree cover,1212.0,Tripura,North Tripura,Kanchanpur,Rock,2015,0–500 m,20–30°,2500–3000 mm,>1000 m,2010s,1,3,4,6
9908,24.071167,92.291694,247.0,26.8,2352.0,28.2,35.4,36.4,41.4,33.0,18.0,0.18,Tree cover,1290.4,Tripura,North Tripura,Kanchanpur,Debris,2015,0–500 m,20–30°,2000–2500 mm,>1000 m,2010s,1,3,3,6
9909,24.07462,92.91518,762.0,29.89,1903.0,30.6,26.0,43.4,41.3,35.2,19.8,0.198,Tree cover,8.6,Mizoram,Aizawl,Darlawn,Rock,2016,500–1000 m,20–30°,1500–2000 mm,0–10 m,2010s,2,3,2,1
9910,24.076035,92.790672,949.0,21.01,2196.0,31.2,27.8,40.9,41.7,34.2,19.2,0.192,Grassland,14.7,Mizoram,Aizawl,Thingdawl,Rock,2016,500–1000 m,20–30°,2000–2500 mm,10–50 m,2010s,2,3,3,2
9911,24.077014,92.790809,944.0,41.83,2196.0,31.2,27.8,40.9,41.7,34.2,19.2,0.192,Tree cover,15.6,Mizoram,Aizawl,Thingdawl,Rock,2016,500–1000 m,40–50°,2000–2500 mm,10–50 m,2010s,2,5,3,2
9913,24.07814,92.790905,939.0,34.3,2196.0,30.8,27.8,41.4,41.7,34.4,19.5,0.195,Tree cover,17.7,Mizoram,Aizawl,Thingdawl,Rock,2016,500–1000 m,30–40°,2000–2500 mm,10–50 m,2010s,2,4,3,2
9917,24.08,92.39,550.0,14.92,2948.0,29.4,35.5,35.1,41.8,32.4,18.5,0.185,Tree cover,276.8,Mizoram,Mamit,Zawlnuam,Soil,2019,500–1000 m,10–20°,2500–3000 mm,100–500 m,2010s,2,2,4,4
9916,24.08,94.03,1003.0,17.29,2125.0,27.4,33.4,39.2,42.5,35.2,18.3,0.183,Tree cover,594.6,Manipur,Chandel,Khengjoy,Rock,2018,1000–1500 m,10–20°,2000–2500 mm,500–1000 m,2010s,3,2,3,5
9922,24.09,93.91,1170.0,11.16,2040.0,27.8,31.7,40.5,40.5,33.7,19.0,0.19,Tree cover,7997.6,Manipur,Chandel,Chakpikarong,Rock,2015,1000–1500 m,10–20°,2000–2500 mm,>1000 m,2010s,3,2,3,6
9942,24.09,92.4,368.0,25.5,2857.0,30.3,35.4,34.4,40.8,33.0,18.6,0.186,Tree cover,325.7,Mizoram,Mamit,Zawlnuam,Debris,2019,0–500 m,20–30°,2500–3000 mm,100–500 m,2010s,1,3,4,4
9921,24.09,93.9,1010.0,13.61,2034.0,27.3,30.4,42.3,42.0,33.7,19.2,0.192,Tree cover,7126.1,Manipur,Chandel,Chakpikarong,Soil,2018,1000–1500 m,10–20°,2000–2500 mm,>1000 m,2010s,3,2,3,6
9930,24.09,94.04,1131.0,26.81,2122.0,28.2,33.4,38.3,42.1,34.8,17.1,0.171,Tree cover,242.7,Manipur,Chandel,Khengjoy,Rock,2015,1000–1500 m,20–30°,2000–2500 mm,100–500 m,2010s,3,3,3,4
9923,24.09,94.02,1461.0,36.49,2110.0,31.2,31.2,37.6,42.8,36.4,18.9,0.189,Grassland,73.9,Manipur,Chandel,Khengjoy,Rock,2015,1000–1500 m,30–40°,2000–2500 mm,50–100 m,2010s,3,4,3,3
9939,24.09,92.37,154.0,24.73,2328.0,28.3,36.5,35.2,40.1,30.7,18.4,0.184,Tree cover,2436.5,Mizoram,Mamit,Zawlnuam,Debris,2019,0–500 m,20–30°,2000–2500 mm,>1000 m,2010s,1,3,3,6
9944,24.09109,92.795724,916.0,28.82,2182.0,31.0,28.5,40.5,41.4,34.2,19.3,0.193,Tree cover,8.7,Mizoram,Aizawl,Thingdawl,Debris,2016,500–1000 m,20–30°,2000–2500 mm,0–10 m,2010s,2,3,3,1
9947,24.091664,92.796134,903.0,31.35,2182.0,31.0,28.5,40.5,41.4,34.2,19.3,0.193,Tree cover,6.1,Mizoram,Aizawl,Thingdawl,Rock,2016,500–1000 m,30–40°,2000–2500 mm,0–10 m,2010s,2,4,3,1
9951,24.099117,92.916676,812.0,27.95,1942.0,31.7,27.0,41.3,42.0,34.9,18.9,0.189,Tree cover,9.4,Mizoram,Aizawl,Darlawn,Soil,2016,500–1000 m,20–30°,1500–2000 mm,0–10 m,2010s,2,3,2,1
9963,24.1,94.03,1420.0,31.81,2127.0,33.8,30.4,35.8,43.3,36.0,18.3,0.183,Tree cover,818.2,Manipur,Chandel,Khengjoy,Rock,2020,1000–1500 m,30–40°,2000–2500 mm,500–1000 m,2020s,3,4,3,5
9971,24.1,92.42,138.0,12.25,2282.0,27.8,35.7,36.5,40.8,33.0,18.0,0.18,Tree cover,14.8,Mizoram,Mamit,Zawlnuam,Debris,2019,0–500 m,10–20°,2000–2500 mm,10–50 m,2010s,1,2,3,2
9972,24.1,92.51,570.0,40.33,2847.0,29.7,35.2,35.1,41.5,33.1,18.6,0.186,Tree cover,48.4,Mizoram,Mamit,Zawlnuam,Rock,2019,500–1000 m,40–50°,2500–3000 mm,10–50 m,2010s,2,5,4,2
9960,24.1,93.95,1501.0,24.02,2084.0,31.3,31.3,37.5,41.6,33.4,19.4,0.194,Tree cover,7167.1,Manipur,Chandel,Khengjoy,Rock,2015,1500–2000 m,20–30°,2000–2500 mm,>1000 m,2010s,4,3,3,6
9970,24.1,92.37,110.0,27.31,2339.0,28.3,37.0,34.7,40.6,30.8,19.1,0.191,Tree cover,1694.8,Mizoram,Mamit,Zawlnuam,Debris,2019,0–500 m,20–30°,2000–2500 mm,>1000 m,2010s,1,3,3,6
9974,24.102008,92.791628,898.0,27.73,2289.0,32.9,28.6,38.5,41.5,34.2,18.6,0.186,Tree cover,10.2,Mizoram,Aizawl,Thingdawl,Rock,2016,500–1000 m,20–30°,2000–2500 mm,10–50 m,2010s,2,3,3,2
9975,24.10246,92.811355,743.0,39.41,2221.0,30.3,30.0,39.7,41.6,33.7,19.0,0.19,Grassland,19.2,Mizoram,Aizawl,Thingdawl,Soil,2016,500–1000 m,30–40°,2000–2500 mm,10–50 m,2010s,2,4,3,2
9976,24.106444,92.276389,544.0,24.69,3004.0,28.7,35.8,35.5,41.0,32.8,18.4,0.184,Tree cover,3.0,Tripura,North Tripura,Kanchanpur,Debris,2015,500–1000 m,20–30°,3000–4000 mm,0–10 m,2010s,2,3,5,1
9977,24.107028,92.276667,538.0,25.09,3004.0,28.7,35.8,35.5,41.0,32.8,18.4,0.184,Tree cover,9.1,Tripura,North Tripura,Kanchanpur,Debris,2015,500–1000 m,20–30°,3000–4000 mm,0–10 m,2010s,2,3,5,1
9983,24.11,94.13,954.0,10.39,2258.0,28.4,35.1,36.5,42.0,37.6,18.3,0.183,Tree cover,900.0,Manipur,Chandel,Khengjoy,Soil,2015,500–1000 m,10–20°,2000–2500 mm,500–1000 m,2010s,2,2,3,5
9984,24.11,94.02,1483.0,13.12,2131.0,31.5,31.9,36.6,43.5,35.9,18.6,0.186,Tree cover,1971.8,Manipur,Chandel,Khengjoy,Rock,2015,1000–1500 m,10–20°,2000–2500 mm,>1000 m,2010s,3,2,3,6
9985,24.11,92.39,277.0,5.44,2453.0,29.3,37.2,33.6,40.6,32.3,18.8,0.188,Grassland,100.1,Mizoram,Mamit,Zawlnuam,Debris,2019,0–500 m,0–10°,2000–2500 mm,100–500 m,2010s,1,1,3,4
9982,24.11,93.91,1218.0,22.53,2064.0,27.9,32.2,39.9,42.1,33.3,18.7,0.187,Tree cover,6708.8,Manipur,Chandel,Chakpikarong,Debris,2015,1000–1500 m,20–30°,2000–2500 mm,>1000 m,2010s,3,3,3,6
9996,24.12,92.38,115.0,15.48,2280.0,28.8,36.7,34.5,40.0,31.8,18.5,0.185,Tree cover,519.9,Mizoram,Mamit,Zawlnuam,Debris,2019,0–500 m,10–20°,2000–2500 mm,500–1000 m,2010s,1,2,3,5
9990,24.12,94.07,1340.0,28.86,2149.0,25.3,33.8,40.9,42.2,36.5,19.2,0.192,Tree cover,875.8,Manipur,Chandel,Khengjoy,Rock,2015,1000–1500 m,20–30°,2000–2500 mm,500–1000 m,2010s,3,3,3,5
9992,24.12,94.02,1275.0,26.75,2122.0,28.1,34.3,37.6,42.0,35.9,19.2,0.192,Tree cover,2292.8,Manipur,Chandel,Khengjoy,Rock,2020,1000–1500 m,20–30°,2000–2500 mm,>1000 m,2020s,3,3,3,6
9998,24.12,92.46,125.0,10.01,2203.0,30.1,32.8,37.1,38.9,33.7,17.3,0.173,Tree cover,63.6,Mizoram,Mamit,Zawlnuam,Rock,2019,0–500 m,10–20°,2000–2500 mm,50–100 m,2010s,1,2,3,3
9991,24.12,94.05,1301.0,16.77,2149.0,30.0,33.7,36.3,42.4,36.0,19.3,0.193,Tree cover,90.6,Manipur,Chandel,Khengjoy,Rock,2015,1000–1500 m,10–20°,2000–2500 mm,50–100 m,2010s,3,2,3,3
9999,24.125294,92.805847,707.0,13.25,2274.0,31.1,30.6,38.2,40.9,34.3,18.3,0.183,Grassland,34.4,Mizoram,Aizawl,Thingdawl,Debris,2016,500–1000 m,10–20°,2000–2500 mm,10–50 m,2010s,2,2,3,2
10002,24.129083,92.277667,435.0,25.21,2865.0,27.9,36.1,36.0,39.9,33.5,18.2,0.182,Tree cover,17.7,Tripura,North Tripura,Kanchanpur,Rock,2015,0–500 m,20–30°,2500–3000 mm,10–50 m,2010s,1,3,4,2
10019,24.13,94.06,1424.0,28.25,2151.0,30.2,31.3,38.6,42.8,36.2,19.3,0.193,Tree cover,27.1,Manipur,Chandel,Chakpikarong,Rock,2015,1000–1500 m,20–30°,2000–2500 mm,10–50 m,2010s,3,3,3,2
10015,24.13,94.07,1500.0,43.06,2155.0,31.3,31.9,36.9,42.5,35.6,19.4,0.194,Tree cover,15.1,Manipur,Chandel,Khengjoy,Rock,2015,1000–1500 m,40–50°,2000–2500 mm,10–50 m,2010s,3,5,3,2
10008,24.13,93.99,1290.0,18.91,2115.0,28.0,32.8,39.2,40.6,34.8,18.2,0.182,Tree cover,5194.5,Manipur,Chandel,Khengjoy,Rock,2020,1000–1500 m,10–20°,2000–2500 mm,>1000 m,2020s,3,2,3,6
10010,24.13,94.13,571.0,14.02,2369.0,28.0,33.8,38.2,42.5,36.8,18.2,0.182,Tree cover,1248.3,Manipur,Chandel,Khengjoy,Rock,2015,500–1000 m,10–20°,2000–2500 mm,>1000 m,2010s,2,2,3,6
10013,24.13,94.11,939.0,22.03,2223.0,27.3,35.5,37.2,43.5,36.8,18.0,0.18,Tree cover,209.9,Manipur,Chandel,Khengjoy,Rock,2015,500–1000 m,20–30°,2000–2500 mm,100–500 m,2010s,2,3,3,4
10022,24.134722,92.277639,371.0,32.18,2670.0,26.8,35.8,37.4,39.9,33.5,18.2,0.182,Tree cover,207.3,Tripura,North Tripura,Kanchanpur,Debris,2015,0–500 m,30–40°,2500–3000 mm,100–500 m,2010s,1,4,4,4
10023,24.139861,92.319167,109.0,7.26,2256.0,30.5,35.7,33.9,38.4,32.7,17.7,0.177,Tree cover,1598.4,Tripura,North Tripura,Panisagar,Debris,2015,0–500 m,0–10°,2000–2500 mm,>1000 m,2010s,1,1,3,6
10035,24.14,94.01,1137.0,27.59,2134.0,27.4,32.0,40.6,41.3,35.2,18.8,0.188,Tree cover,4267.5,Manipur,Chandel,Chakpikarong,Rock,2015,1000–1500 m,20–30°,2000–2500 mm,>1000 m,2010s,3,3,3,6
10037,24.141694,92.322306,96.0,12.11,2257.0,30.5,35.4,34.1,38.4,32.7,17.7,0.177,Tree cover,1285.3,Tripura,North Tripura,Panisagar,Debris,2015,0–500 m,10–20°,2000–2500 mm,>1000 m,2010s,1,2,3,6
10038,24.142722,92.273583,299.0,19.29,2776.0,28.4,36.6,35.0,39.5,32.4,17.4,0.174,Tree cover,10.6,Tripura,North Tripura,Kanchanpur,Debris,2015,0–500 m,10–20°,2500–3000 mm,10–50 m,2010s,1,2,4,2
10053,24.15,92.41,138.0,18.99,2406.0,27.8,37.6,34.6,40.5,33.1,18.4,0.184,Tree cover,4633.0,Mizoram,Mamit,Zawlnuam,Debris,2019,0–500 m,10–20°,2000–2500 mm,>1000 m,2010s,1,2,3,6
10050,24.15,94.08,1710.0,22.06,2167.0,31.4,30.5,38.0,43.5,36.0,19.0,0.19,Tree cover,282.5,Manipur,Chandel,Khengjoy,Rock,2015,1500–2000 m,20–30°,2000–2500 mm,100–500 m,2010s,4,3,3,4
10047,24.15,94.1,1054.0,21.39,2260.0,25.4,35.3,39.3,42.3,36.7,18.4,0.184,Tree cover,635.8,Manipur,Chandel,Khengjoy,Rock,2015,1000–1500 m,20–30°,2000–2500 mm,500–1000 m,2010s,3,3,3,5
10056,24.16,93.97,1276.0,22.39,2135.0,30.6,31.6,37.8,41.3,33.1,18.7,0.187,Tree cover,6781.3,Manipur,Chandel,Chakpikarong,Rock,2015,1000–1500 m,20–30°,2000–2500 mm,>1000 m,2010s,3,3,3,6
10058,24.16,93.95,1520.0,18.1,2141.0,31.6,30.7,37.7,42.4,34.3,17.8,0.178,Tree cover,4843.7,Manipur,Chandel,Khengjoy,Rock,2018,1500–2000 m,10–20°,2000–2500 mm,>1000 m,2010s,4,2,3,6
10057,24.16,93.96,1491.0,31.38,2134.0,31.5,30.7,37.8,42.2,34.5,17.9,0.179,Tree cover,5804.5,Manipur,Chandel,Khengjoy,Rock,2015,1000–1500 m,30–40°,2000–2500 mm,>1000 m,2010s,3,4,3,6
10062,24.165583,92.268389,195.0,23.27,2501.0,30.6,33.1,36.3,39.0,32.8,18.8,0.188,Tree cover,10.3,Tripura,North Tripura,Panisagar,Debris,2015,0–500 m,20–30°,2500–3000 mm,10–50 m,2010s,1,3,4,2
10075,24.17,92.53,121.0,31.35,2225.0,28.9,35.1,36.0,38.4,34.6,17.4,0.174,Tree cover,335.2,Mizoram,Mamit,Zawlnuam,Debris,2019,0–500 m,30–40°,2000–2500 mm,100–500 m,2010s,1,4,3,4
10073,24.17,93.93,1506.0,27.44,2134.0,32.2,31.5,36.3,42.1,34.7,18.6,0.186,Tree cover,2569.3,Manipur,Chandel,Chakpikarong,Rock,2015,1500–2000 m,20–30°,2000–2500 mm,>1000 m,2010s,4,3,3,6
10074,24.17,92.33,61.0,11.56,2251.0,30.4,36.5,33.1,39.0,32.7,18.4,0.184,Tree cover,346.9,Mizoram,Mamit,Zawlnuam,Rock,2019,0–500 m,10–20°,2000–2500 mm,100–500 m,2010s,1,2,3,4
10086,24.18,94.07,1143.0,30.48,2199.0,28.0,33.8,38.2,42.6,35.6,19.4,0.194,Tree cover,2068.4,Manipur,Chandel,Khengjoy,Soil,2015,1000–1500 m,30–40°,2000–2500 mm,>1000 m,2010s,3,4,3,6
10087,24.18,92.54,80.0,28.9,2198.0,30.2,35.2,34.6,39.9,34.3,15.9,0.159,Tree cover,26.4,Mizoram,Kolasib,Bilkhawthlir,Rock,2019,0–500 m,20–30°,2000–2500 mm,10–50 m,2010s,1,3,3,2
10084,24.18,93.9,806.0,6.13,2144.0,31.5,28.2,40.3,41.7,34.5,17.0,0.17,Tree cover,91.5,Manipur,Chandel,Chakpikarong,Soil,2015,500–1000 m,0–10°,2000–2500 mm,50–100 m,2010s,2,1,3,3
10088,24.180261,92.690737,664.0,35.48,2652.0,30.0,34.2,35.8,41.8,31.0,18.1,0.181,Tree cover,397.1,Mizoram,Kolasib,Thingdawl,Debris,2016,500–1000 m,30–40°,2500–3000 mm,100–500 m,2010s,2,4,4,4
10092,24.183717,92.798909,742.0,19.99,2372.0,28.8,32.7,38.4,41.4,33.6,18.6,0.186,Tree cover,3.3,Mizoram,Aizawl,Thingdawl,Rock,2016,500–1000 m,10–20°,2000–2500 mm,0–10 m,2010s,2,2,3,1
10104,24.19,94.01,1257.0,27.34,2171.0,28.0,33.6,38.4,40.6,34.8,18.3,0.183,Tree cover,6814.4,Manipur,Chandel,Chakpikarong,Rock,2015,1000–1500 m,20–30°,2000–2500 mm,>1000 m,2010s,3,3,3,6
10101,24.19,94.02,1320.0,18.42,2169.0,26.2,31.6,42.3,41.8,33.7,18.3,0.183,Tree cover,5985.7,Manipur,Chandel,Chakpikarong,Rock,2015,1000–1500 m,10–20°,2000–2500 mm,>1000 m,2010s,3,2,3,6
10100,24.19,94.11,1345.0,25.3,2213.0,28.4,31.1,40.6,43.4,36.1,19.0,0.19,Tree cover,232.6,Manipur,Chandel,Chandel,Debris,2016,1000–1500 m,20–30°,2000–2500 mm,100–500 m,2010s,3,3,3,4
10103,24.19,94.19,911.0,30.97,2326.0,28.2,34.6,37.2,42.6,36.0,17.5,0.175,Tree cover,3085.7,Manipur,Chandel,Chandel,Debris,2018,500–1000 m,30–40°,2000–2500 mm,>1000 m,2010s,2,4,3,6
10102,24.19,94.2,790.0,22.55,2448.0,29.1,34.1,36.8,43.7,36.6,17.6,0.176,Tree cover,3922.6,Manipur,Chandel,Moreh,Rock,2020,500–1000 m,20–30°,2000–2500 mm,>1000 m,2020s,2,3,3,6
10109,24.192522,92.944635,524.0,41.13,2024.0,29.8,27.3,42.9,41.9,35.0,19.0,0.19,Tree cover,7.5,Mizoram,Aizawl,Darlawn,Rock,2016,500–1000 m,40–50°,2000–2500 mm,0–10 m,2010s,2,5,3,1
10110,24.19265,92.944583,539.0,43.34,2024.0,29.8,27.3,42.9,41.9,35.0,19.0,0.19,Tree cover,8.0,Mizoram,Aizawl,Darlawn,Rock,2016,500–1000 m,40–50°,2000–2500 mm,0–10 m,2010s,2,5,3,1
10112,24.193682,92.946417,541.0,35.41,2024.0,30.9,26.9,42.2,41.7,35.2,20.1,0.201,Tree cover,7.9,Mizoram,Aizawl,Darlawn,Debris,2016,500–1000 m,30–40°,2000–2500 mm,0–10 m,2010s,2,4,3,1
10115,24.197474,92.947295,571.0,33.26,2024.0,29.5,28.0,42.6,41.9,35.0,19.0,0.19,Tree cover,27.2,Mizoram,Aizawl,Darlawn,Soil,2016,500–1000 m,30–40°,2000–2500 mm,10–50 m,2010s,2,4,3,2
10117,24.198831,92.946348,578.0,37.32,2024.0,29.6,26.7,43.7,41.9,35.0,19.0,0.19,Tree cover,14.6,Mizoram,Aizawl,Darlawn,Rock,2016,500–1000 m,30–40°,2000–2500 mm,10–50 m,2010s,2,4,3,2
10127,24.2,92.42,551.0,12.31,3088.0,28.9,36.4,34.7,42.0,32.9,18.3,0.183,Tree cover,8350.8,Mizoram,Mamit,Zawlnuam,Soil,2019,500–1000 m,10–20°,3000–4000 mm,>1000 m,2010s,2,2,5,6
10138,24.211504,92.679258,711.0,30.94,2703.0,29.3,33.9,36.8,41.5,33.8,18.3,0.183,Tree cover,23.1,Mizoram,Kolasib,Bilkhawthlir,Debris,2016,500–1000 m,30–40°,2500–3000 mm,10–50 m,2010s,2,4,4,2
10139,24.212361,92.258111,81.0,7.08,2362.0,28.5,34.5,37.0,39.6,32.7,18.3,0.183,Tree cover,1355.3,Tripura,Dhalai,Panisagar,Debris,2015,0–500 m,0–10°,2000–2500 mm,>1000 m,2010s,1,1,3,6
10140,24.214366,92.680404,681.0,33.4,2703.0,31.4,34.0,34.6,40.9,33.2,17.6,0.176,Tree cover,15.6,Mizoram,Kolasib,Bilkhawthlir,Debris,2016,500–1000 m,30–40°,2500–3000 mm,10–50 m,2010s,2,4,4,2
10142,24.216509,92.802591,682.0,20.04,2368.0,28.7,31.5,39.9,42.0,33.5,18.2,0.182,Tree cover,3.4,Mizoram,Aizawl,Thingdawl,Rock,2016,500–1000 m,20–30°,2000–2500 mm,0–10 m,2010s,2,3,3,1
10152,24.22,94.11,1169.0,23.34,2268.0,25.9,35.6,38.6,42.4,35.9,18.4,0.184,Tree cover,505.9,Manipur,Chandel,Chandel,Rock,2015,1000–1500 m,20–30°,2000–2500 mm,500–1000 m,2010s,3,3,3,5
10154,24.22,94.08,1407.0,32.2,2209.0,29.2,31.0,39.8,42.4,35.8,19.4,0.194,Tree cover,52.8,Manipur,Chandel,Chandel,Debris,2015,1000–1500 m,30–40°,2000–2500 mm,50–100 m,2010s,3,4,3,3
10158,24.22,94.26,350.0,18.91,2440.0,27.7,34.9,37.3,40.4,32.3,18.1,0.181,Tree cover,2367.8,Manipur,Chandel,Moreh,Soil,2020,0–500 m,10–20°,2000–2500 mm,>1000 m,2020s,1,2,3,6
10148,24.22,93.88,817.0,16.73,2176.0,30.6,30.1,39.3,41.4,34.1,17.7,0.177,Tree cover,232.8,Manipur,Chandel,Chakpikarong,Soil,2015,500–1000 m,10–20°,2000–2500 mm,100–500 m,2010s,2,2,3,4
10149,24.22,94.24,602.0,16.52,2474.0,27.6,33.3,39.1,42.1,33.3,18.5,0.185,Tree cover,4184.0,Manipur,Chandel,Moreh,Rock,2020,500–1000 m,10–20°,2000–2500 mm,>1000 m,2020s,2,2,3,6
10159,24.220596,92.802961,673.0,27.6,2394.0,28.2,32.7,39.1,42.4,34.2,18.2,0.182,Tree cover,20.2,Mizoram,Aizawl,Thingdawl,Soil,2016,500–1000 m,20–30°,2000–2500 mm,10–50 m,2010s,2,3,3,2
10161,24.225579,92.805884,585.0,32.91,2393.0,28.8,32.6,38.5,42.4,34.2,18.2,0.182,Tree cover,260.0,Mizoram,Aizawl,Thingdawl,Debris,2016,500–1000 m,30–40°,2000–2500 mm,100–500 m,2010s,2,4,3,4
10163,24.225969,92.805611,603.0,29.31,2393.0,28.8,32.6,38.5,42.4,34.2,18.2,0.182,Tree cover,227.7,Mizoram,Aizawl,Thingdawl,Debris,2016,500–1000 m,20–30°,2000–2500 mm,100–500 m,2010s,2,3,3,4
10164,24.228111,92.287417,53.0,6.37,2367.0,28.8,33.7,37.5,39.5,35.0,17.1,0.171,Tree cover,307.0,Tripura,North Tripura,Panisagar,Soil,2015,0–500 m,0–10°,2000–2500 mm,100–500 m,2010s,1,1,3,4
10165,24.229303,92.819002,495.0,5.98,2335.0,31.7,31.9,36.4,41.9,33.4,18.3,0.183,Tree cover,1241.9,Mizoram,Aizawl,Thingdawl,Soil,2015,0–500 m,0–10°,2000–2500 mm,>1000 m,2010s,1,1,3,6
10173,24.232551,92.81525,491.0,30.95,2368.0,32.1,31.6,36.3,41.3,34.2,18.5,0.185,Tree cover,766.3,Mizoram,Aizawl,Thingdawl,Soil,2015,0–500 m,30–40°,2000–2500 mm,500–1000 m,2010s,1,4,3,5
10175,24.237794,92.805727,652.0,17.11,2409.0,29.7,34.2,36.1,42.4,34.2,18.7,0.187,Tree cover,159.3,Mizoram,Aizawl,Thingdawl,Debris,2016,500–1000 m,10–20°,2000–2500 mm,100–500 m,2010s,2,2,3,4
10176,24.23782,92.612062,187.0,17.15,2341.0,26.5,36.3,37.2,39.2,34.3,17.9,0.179,Tree cover,2406.0,Mizoram,Kolasib,Bilkhawthlir,Rock,2016,0–500 m,10–20°,2000–2500 mm,>1000 m,2010s,1,2,3,6
10177,24.237872,92.798117,461.0,31.94,2360.0,31.1,32.7,36.2,40.7,33.7,18.0,0.18,Grassland,820.4,Mizoram,Aizawl,Thingdawl,Debris,2016,0–500 m,30–40°,2000–2500 mm,500–1000 m,2010s,1,4,3,5
10178,24.238745,92.681538,550.0,12.13,2743.0,30.1,34.0,36.0,41.4,34.8,18.4,0.184,Grassland,14.0,Mizoram,Kolasib,Bilkhawthlir,Soil,2016,500–1000 m,10–20°,2500–3000 mm,10–50 m,2010s,2,2,4,2
10186,24.24,94.08,829.0,5.73,2305.0,26.2,33.4,40.4,43.2,34.8,19.5,0.195,Tree cover,1149.4,Manipur,Chandel,Chandel,Soil,2015,500–1000 m,0–10°,2000–2500 mm,>1000 m,2010s,2,1,3,6
10187,24.24,92.36,84.0,11.2,2345.0,27.9,38.5,33.6,39.1,30.9,17.2,0.172,Tree cover,4487.5,Mizoram,Mamit,Zawlnuam,Debris,2019,0–500 m,10–20°,2000–2500 mm,>1000 m,2010s,1,2,3,6
10188,24.240194,92.247861,136.0,32.67,2581.0,27.2,33.5,39.3,40.1,34.6,18.4,0.184,Tree cover,2.8,Tripura,North Tripura,Panisagar,Rock,2015,0–500 m,30–40°,2500–3000 mm,0–10 m,2010s,1,4,4,1
10189,24.240244,92.694292,496.0,26.34,2577.0,30.7,34.1,35.2,40.7,34.1,17.7,0.177,Tree cover,238.0,Mizoram,Kolasib,Bilkhawthlir,Debris,2016,0–500 m,20–30°,2500–3000 mm,100–500 m,2010s,1,3,4,4
10190,24.240415,92.941421,596.0,33.79,2095.0,32.4,28.2,39.5,40.8,35.0,18.5,0.185,Tree cover,1331.8,Mizoram,Aizawl,Darlawn,Rock,2016,500–1000 m,30–40°,2000–2500 mm,>1000 m,2010s,2,4,3,6
10193,24.24496,92.683014,464.0,32.17,2735.0,27.2,36.1,36.8,41.4,34.8,18.4,0.184,Tree cover,10.4,Mizoram,Kolasib,Bilkhawthlir,Debris,2016,0–500 m,30–40°,2500–3000 mm,10–50 m,2010s,1,4,4,2
10197,24.248558,92.954177,718.0,19.13,2008.0,31.0,27.6,41.4,41.2,35.5,19.1,0.191,Tree cover,141.4,Mizoram,Aizawl,Darlawn,Debris,2016,500–1000 m,10–20°,2000–2500 mm,100–500 m,2010s,2,2,3,4
10200,24.25,94.08,1170.0,25.5,2272.0,29.5,30.5,40.1,42.9,35.1,19.6,0.196,Tree cover,287.1,Manipur,Chandel,Chandel,Rock,2015,1000–1500 m,20–30°,2000–2500 mm,100–500 m,2010s,3,3,3,4
10201,24.25,94.07,1486.0,32.04,2230.0,30.1,32.0,37.9,43.2,35.8,19.6,0.196,Tree cover,221.5,Manipur,Chandel,Chandel,Rock,2015,1000–1500 m,30–40°,2000–2500 mm,100–500 m,2010s,3,4,3,4
10217,24.26,92.81,703.0,18.65,2409.0,30.7,31.0,38.3,42.0,34.5,19.1,0.191,Tree cover,218.9,Mizoram,Kolasib,Thingdawl,Debris,2019,500–1000 m,10–20°,2000–2500 mm,100–500 m,2010s,2,2,3,4
10235,24.27,92.81,544.0,26.21,2416.0,31.2,32.4,36.4,41.6,34.7,18.2,0.182,Grassland,298.1,Mizoram,Kolasib,Thingdawl,Debris,2019,500–1000 m,20–30°,2000–2500 mm,100–500 m,2010s,2,3,3,4
10263,24.29,92.96,843.0,40.11,1962.0,32.8,27.3,40.0,42.0,35.4,19.6,0.196,Tree cover,312.9,Mizoram,Aizawl,Darlawn,Rock,2019,500–1000 m,40–50°,1500–2000 mm,100–500 m,2010s,2,5,2,4
10262,24.29,92.95,962.0,16.35,1983.0,31.3,26.7,42.0,41.9,35.0,20.1,0.201,Tree cover,177.2,Mizoram,Aizawl,Darlawn,Rock,2019,500–1000 m,10–20°,1500–2000 mm,100–500 m,2010s,2,2,2,4
10339,24.34,92.74,145.0,16.2,2312.0,28.9,32.7,38.4,41.1,33.9,17.7,0.177,Tree cover,1818.6,Mizoram,Kolasib,Bilkhawthlir,Debris,2019,0–500 m,10–20°,2000–2500 mm,>1000 m,2010s,1,2,3,6
10369,24.35,92.82,488.0,21.21,2414.0,31.2,32.6,36.3,42.2,33.1,18.4,0.184,Tree cover,345.2,Mizoram,Kolasib,Bilkhawthlir,Rock,2019,0–500 m,20–30°,2000–2500 mm,100–500 m,2010s,1,3,3,4
10378,24.36,92.83,387.0,10.32,2390.0,31.2,32.6,36.2,40.9,34.4,18.3,0.183,Tree cover,271.6,Mizoram,Kolasib,Bilkhawthlir,Debris,2019,0–500 m,10–20°,2000–2500 mm,100–500 m,2010s,1,2,3,4
10377,24.36,92.88,88.0,18.0,2149.0,27.5,31.3,41.1,40.7,35.5,18.2,0.182,Tree cover,92.7,Mizoram,Kolasib,Bilkhawthlir,Debris,2019,0–500 m,10–20°,2000–2500 mm,50–100 m,2010s,1,2,3,3
10379,24.36,92.82,309.0,18.8,2379.0,30.0,32.9,37.1,40.9,34.1,18.1,0.181,Tree cover,45.1,Mizoram,Kolasib,Bilkhawthlir,Debris,2019,0–500 m,10–20°,2000–2500 mm,10–50 m,2010s,1,2,3,2
10394,24.37,92.87,151.0,31.97,2223.0,26.1,30.9,43.0,41.1,34.9,18.6,0.186,Tree cover,158.4,Mizoram,Kolasib,Bilkhawthlir,Debris,2019,0–500 m,30–40°,2000–2500 mm,100–500 m,2010s,1,4,3,4
10396,24.37,92.85,344.0,20.43,2342.0,30.6,31.7,37.7,41.0,34.3,18.7,0.187,Tree cover,145.5,Mizoram,Kolasib,Bilkhawthlir,Rock,2019,0–500 m,20–30°,2000–2500 mm,100–500 m,2010s,1,3,3,4
10395,24.37,92.86,281.0,7.82,2308.0,27.6,33.5,38.9,40.9,34.3,18.7,0.187,Tree cover,171.7,Mizoram,Kolasib,Bilkhawthlir,Debris,2019,0–500 m,0–10°,2000–2500 mm,100–500 m,2010s,1,1,3,4
10400,24.38,92.82,213.0,23.14,2296.0,26.4,32.4,41.2,40.0,34.3,17.2,0.172,Tree cover,493.6,Mizoram,Kolasib,Bilkhawthlir,Debris,2019,0–500 m,20–30°,2000–2500 mm,100–500 m,2010s,1,3,3,4
10405,24.3885,94.151361,1371.0,25.79,2321.0,29.5,33.8,36.7,43.2,35.1,19.5,0.195,Grassland,66.6,Manipur,Tengnoupal,Tengnoupal,Debris,2015,1000–1500 m,20–30°,2000–2500 mm,50–100 m,2010s,3,3,3,3
10409,24.392111,94.154889,1305.0,21.05,2313.0,29.5,33.7,36.8,43.0,35.4,19.4,0.194,Tree cover,17.5,Manipur,Tengnoupal,Tengnoupal,Debris,2016,1000–1500 m,20–30°,2000–2500 mm,10–50 m,2010s,3,3,3,2
10411,24.4,92.8,101.0,8.26,2237.0,27.1,30.9,42.0,39.7,34.6,16.7,0.167,Tree cover,28.1,Mizoram,Kolasib,Bilkhawthlir,Debris,2019,0–500 m,0–10°,2000–2500 mm,10–50 m,2010s,1,1,3,2
10419,24.416917,94.188083,1289.0,28.17,2316.0,29.5,32.8,37.7,42.6,35.8,18.9,0.189,Tree cover,190.6,Manipur,Tengnoupal,Tengnoupal,Rock,2017,1000–1500 m,20–30°,2000–2500 mm,100–500 m,2010s,3,3,3,4
10421,24.419222,94.179,1334.0,31.54,2303.0,29.3,33.8,36.9,42.9,35.7,19.2,0.192,Tree cover,46.5,Manipur,Tengnoupal,Tengnoupal,Debris,2017,1000–1500 m,30–40°,2000–2500 mm,10–50 m,2010s,3,4,3,2
10429,24.428556,94.191694,1302.0,26.14,2349.0,31.1,33.0,35.9,43.0,35.7,18.6,0.186,Tree cover,23.9,Manipur,Tengnoupal,Tengnoupal,Debris,2011,1000–1500 m,20–30°,2000–2500 mm,10–50 m,2010s,3,3,3,2
10438,24.436639,94.189861,1374.0,39.14,2294.0,31.3,32.9,35.8,42.7,35.6,19.3,0.193,Grassland,1.4,Manipur,Tengnoupal,Tengnoupal,Rock,2018,1000–1500 m,30–40°,2000–2500 mm,0–10 m,2010s,3,4,3,1
10439,24.436667,94.189694,1374.0,39.14,2294.0,31.3,32.9,35.8,42.7,35.6,19.3,0.193,Grassland,6.7,Manipur,Tengnoupal,Tengnoupal,Debris,2013,1000–1500 m,30–40°,2000–2500 mm,0–10 m,2010s,3,4,3,1
10448,24.444417,94.202556,1443.0,35.7,2291.0,30.7,33.3,36.0,42.8,35.6,18.7,0.187,Grassland,31.7,Manipur,Tengnoupal,Tengnoupal,Debris,2015,1000–1500 m,30–40°,2000–2500 mm,10–50 m,2010s,3,4,3,2
10451,24.448528,94.222417,1465.0,33.46,2284.0,33.3,33.9,32.7,43.1,35.7,18.8,0.188,Grassland,73.3,Manipur,Tengnoupal,Tengnoupal,Rock,2014,1000–1500 m,30–40°,2000–2500 mm,50–100 m,2010s,3,4,3,3
10452,24.448556,94.188611,1156.0,32.34,2331.0,27.1,34.0,39.0,42.8,37.0,18.6,0.186,Tree cover,1194.7,Manipur,Tengnoupal,Tengnoupal,Debris,2017,1000–1500 m,30–40°,2000–2500 mm,>1000 m,2010s,3,4,3,6
10454,24.45,92.78,47.0,16.77,2300.0,27.1,34.1,38.9,39.2,34.4,18.0,0.18,Tree cover,288.6,Mizoram,Kolasib,Bilkhawthlir,Soil,2019,0–500 m,10–20°,2000–2500 mm,100–500 m,2010s,1,2,3,4
10460,24.47,92.76,125.0,31.74,2372.0,27.8,35.2,37.0,40.0,34.0,18.3,0.183,Tree cover,67.7,Mizoram,Kolasib,Bilkhawthlir,Rock,2019,0–500 m,30–40°,2000–2500 mm,50–100 m,2010s,1,4,3,3
10461,24.477167,94.193,1469.0,29.98,2339.0,29.9,33.2,36.9,43.0,34.8,19.2,0.192,Tree cover,4.3,Manipur,Tengnoupal,Machi,Rock,2013,1000–1500 m,20–30°,2000–2500 mm,0–10 m,2010s,3,3,3,1
10462,24.47897,92.68286,43.0,17.19,2439.0,27.2,38.4,34.4,39.0,31.9,17.7,0.177,Tree cover,2514.7,Assam,Hailakandi,Lala,Soil,2016,0–500 m,10–20°,2000–2500 mm,>1000 m,2010s,1,2,3,6
10463,24.478972,92.682861,43.0,17.19,2439.0,27.2,38.4,34.4,39.0,31.9,17.7,0.177,Tree cover,2514.6,Assam,Hailakandi,Lala,Debris,2016,0–500 m,10–20°,2000–2500 mm,>1000 m,2010s,1,2,3,6
10465,24.48,92.76,116.0,19.81,2382.0,27.8,34.5,37.6,40.6,34.1,18.6,0.186,Tree cover,387.2,Mizoram,Kolasib,Bilkhawthlir,Rock,2019,0–500 m,10–20°,2000–2500 mm,100–500 m,2010s,1,2,3,4
10480,24.5,93.12,557.0,35.3,2055.0,32.9,28.3,38.8,41.4,34.3,18.9,0.189,Tree cover,5639.1,Manipur,Pherzawl,Vangai Range,Debris,2010,500–1000 m,30–40°,2000–2500 mm,>1000 m,2010s,2,4,3,6
10492,24.51594,92.54089,58.0,19.24,2635.0,27.1,38.2,34.7,39.7,34.0,14.4,0.144,Tree cover,4462.1,Assam,Hailakandi,Lala,Soil,2016,0–500 m,10–20°,2500–3000 mm,>1000 m,2010s,1,2,4,6
10493,24.515944,92.540889,58.0,19.24,2635.0,27.1,38.2,34.7,39.7,34.0,14.4,0.144,Tree cover,4462.5,Assam,Hailakandi,Lala,Soil,2016,0–500 m,10–20°,2500–3000 mm,>1000 m,2010s,1,2,4,6
10503,24.52,93.11,479.0,34.27,2083.0,32.1,27.6,40.3,41.4,34.6,18.6,0.186,Tree cover,3634.0,Manipur,Pherzawl,Vangai Range,Debris,2016,0–500 m,30–40°,2000–2500 mm,>1000 m,2010s,1,4,3,6
10525,24.549944,93.668361,1095.0,42.33,2439.0,29.2,30.4,40.4,42.2,34.3,17.9,0.179,Tree cover,4311.5,Manipur,Churachandpur,Kangvai,Debris,2018,1000–1500 m,40–50°,2000–2500 mm,>1000 m,2010s,3,5,3,6
10551,24.62,92.84,35.0,20.25,2339.0,26.8,39.4,33.8,39.1,32.1,17.0,0.17,Tree cover,264.3,Assam,Cachar,Sonai,Debris,2019,0–500 m,20–30°,2000–2500 mm,100–500 m,2010s,1,3,3,4
10577,24.64,92.98,28.0,0.45,2166.0,27.8,37.2,35.0,39.4,33.4,16.7,0.167,Tree cover,256.8,Assam,Cachar,Sonai,Debris,2019,0–500 m,0–10°,2000–2500 mm,100–500 m,2010s,1,1,3,4
10590,24.645417,93.005361,354.0,33.36,2267.0,29.5,33.7,36.9,40.9,34.3,16.2,0.162,Tree cover,664.0,Assam,Cachar,Lakhipur,Debris,2016,0–500 m,30–40°,2000–2500 mm,500–1000 m,2010s,1,4,3,5
10602,24.659389,92.497361,25.0,5.23,2933.0,27.6,41.1,31.3,38.7,33.4,14.6,0.146,Tree cover,175.4,Assam,Karimganj,Ramkrishna Nagar,Soil,2016,0–500 m,0–10°,2500–3000 mm,100–500 m,2010s,1,1,4,4
10603,24.65939,92.49736,25.0,5.23,2933.0,27.6,41.1,31.3,38.7,33.4,14.6,0.146,Tree cover,175.2,Assam,Karimganj,Ramkrishna Nagar,Soil,2016,0–500 m,0–10°,2500–3000 mm,100–500 m,2010s,1,1,4,4
10652,24.70364,92.64681,49.0,23.53,2721.0,28.7,40.2,31.2,38.9,33.5,15.1,0.151,Tree cover,707.2,Assam,Hailakandi,Algapur,Debris,2020,0–500 m,20–30°,2500–3000 mm,500–1000 m,2020s,1,3,4,5
10655,24.70656,92.65008,56.0,11.57,2711.0,28.5,39.9,31.7,38.7,32.8,14.9,0.149,Tree cover,978.9,Assam,Hailakandi,Algapur,Debris,2020,0–500 m,10–20°,2500–3000 mm,500–1000 m,2020s,1,2,4,5
10676,24.72192,92.90381,33.0,17.32,2276.0,28.8,35.9,35.3,39.4,34.6,16.6,0.166,Tree cover,932.9,Assam,Cachar,Sonai,Debris,2020,0–500 m,10–20°,2000–2500 mm,500–1000 m,2020s,1,2,3,5
10751,24.780028,92.453722,34.0,14.9,3242.0,26.2,44.1,29.7,39.8,33.6,14.6,0.146,Tree cover,588.2,Assam,Karimganj,Nilambazar,Soil,2020,0–500 m,10–20°,3000–4000 mm,500–1000 m,2020s,1,2,5,5
10770,24.791389,93.735417,1117.0,24.56,2893.0,31.0,34.1,35.0,40.9,33.3,19.1,0.191,Built-up,1.3,Manipur,Noney,Bungte Chiru,Debris,2018,1000–1500 m,20–30°,2500–3000 mm,0–10 m,2010s,3,3,4,1
10773,24.79489,92.55506,45.0,10.54,3016.0,29.1,43.3,27.6,39.2,33.2,16.4,0.164,Tree cover,3054.8,Assam,Hailakandi,Algapur,Debris,2020,0–500 m,10–20°,3000–4000 mm,>1000 m,2020s,1,2,5,6
10830,24.813889,93.245222,126.0,39.13,2008.0,30.2,31.7,38.1,40.1,34.2,17.6,0.176,Built-up,11.4,Manipur,Tamenglong,Tamenglong West,Debris,2016,0–500 m,30–40°,2000–2500 mm,10–50 m,2010s,1,4,3,2
10902,24.836194,93.481992,409.0,27.73,2186.0,31.2,31.8,37.1,41.1,34.1,18.2,0.182,Grassland,3.6,Manipur,Tamenglong,Haochong,Debris,2016,0–500 m,20–30°,2000–2500 mm,0–10 m,2010s,1,3,3,1
10915,24.84,93.91,801.0,20.12,2492.0,28.4,31.1,40.5,41.3,33.7,17.2,0.172,Tree cover,54.5,Manipur,West Imphal,Lamphelpat,Rock,2017,500–1000 m,20–30°,2000–2500 mm,50–100 m,2010s,2,3,3,3
10945,24.855361,93.624028,373.0,20.03,2166.0,33.4,29.9,36.7,40.4,34.0,16.2,0.162,Tree cover,71.5,Manipur,Noney,Haochong,Debris,2020,0–500 m,20–30°,2000–2500 mm,50–100 m,2020s,1,3,3,3
10953,24.862694,93.624056,334.0,7.67,2123.0,32.9,30.7,36.5,40.8,34.9,18.3,0.183,Built-up,1.1,Manipur,Noney,Haochong,Rock,2020,0–500 m,0–10°,2000–2500 mm,0–10 m,2020s,1,1,3,1
11028,24.92097,93.07306,51.0,22.27,2046.0,31.7,35.3,33.0,39.8,33.9,16.0,0.16,Tree cover,1338.1,Assam,Cachar,Lakhipur,Soil,2020,0–500 m,20–30°,2000–2500 mm,>1000 m,2020s,1,3,3,6
11075,24.95,92.73,61.0,1.34,2602.0,27.9,41.7,30.3,39.6,33.8,15.7,0.157,Tree cover,1138.2,Assam,Cachar,Silchar,Debris,2018,0–500 m,0–10°,2500–3000 mm,>1000 m,2010s,1,1,4,6
11111,24.97,92.72,54.0,6.61,2626.0,28.1,41.1,30.8,39.7,33.8,16.2,0.162,Tree cover,2265.9,Assam,Cachar,Silchar,Debris,2017,0–500 m,0–10°,2500–3000 mm,>1000 m,2010s,1,1,4,6
11188,25.008,93.04,176.0,26.0,2091.0,30.9,31.5,37.6,40.5,34.4,17.1,0.171,Tree cover,2673.0,Assam,Dima Hasao,Udarbond,Soil,2014,0–500 m,20–30°,2000–2500 mm,>1000 m,2010s,1,3,3,6
11217,25.031383,92.459608,82.0,27.62,3295.0,26.3,41.8,31.9,41.3,32.5,17.7,0.177,Tree cover,16.3,Meghalaya,East Jaintia Hills,Katigora,Debris,2017,0–500 m,20–30°,3000–4000 mm,10–50 m,2010s,1,3,5,2
11220,25.032119,92.462636,69.0,36.99,3295.0,25.9,42.9,31.2,41.3,32.5,17.7,0.177,Tree cover,24.3,Assam,Cachar,Katigora,Debris,2015,0–500 m,30–40°,3000–4000 mm,10–50 m,2010s,1,4,5,2
11223,25.032281,92.455858,118.0,31.15,3304.0,29.2,41.2,29.6,43.4,32.8,17.3,0.173,Built-up,12.2,Meghalaya,East Jaintia Hills,Katigora,Debris,2017,0–500 m,30–40°,3000–4000 mm,10–50 m,2010s,1,4,5,2
11225,25.032547,92.450833,85.0,13.65,3304.0,29.9,41.9,28.2,43.4,32.8,17.3,0.173,Tree cover,129.7,Meghalaya,East Jaintia Hills,Katigora,Debris,2020,0–500 m,10–20°,3000–4000 mm,100–500 m,2020s,1,2,5,4
11227,25.032989,92.462214,80.0,39.12,3295.0,27.2,42.0,30.8,41.3,32.5,17.7,0.177,Tree cover,23.6,Assam,Cachar,Katigora,Debris,2015,0–500 m,30–40°,3000–4000 mm,10–50 m,2010s,1,4,5,2
11237,25.033514,92.435539,364.0,24.87,3599.0,30.2,41.3,28.4,43.1,32.8,16.0,0.16,Tree cover,4.0,Meghalaya,East Jaintia Hills,Katigora,Rock,2016,0–500 m,20–30°,3000–4000 mm,0–10 m,2010s,1,3,5,1
11238,25.033586,92.436769,363.0,35.97,3599.0,30.2,41.4,28.4,43.1,32.8,16.0,0.16,Tree cover,5.1,Meghalaya,East Jaintia Hills,Katigora,Rock,2017,0–500 m,30–40°,3000–4000 mm,0–10 m,2010s,1,4,5,1
11247,25.0357,92.4369,336.0,26.44,3599.0,30.3,41.2,28.5,43.1,32.8,16.0,0.16,Tree cover,10.0,Meghalaya,East Jaintia Hills,Khliehriat,Rock,2016,0–500 m,20–30°,3000–4000 mm,0–10 m,2010s,1,3,5,1
11254,25.037203,92.450339,194.0,31.28,3490.0,30.5,41.0,28.5,41.5,33.0,17.5,0.175,Tree cover,26.8,Assam,Cachar,Katigora,Debris,2015,0–500 m,30–40°,3000–4000 mm,10–50 m,2010s,1,4,5,2
11255,25.037722,92.439556,333.0,37.45,3599.0,31.7,40.4,27.9,44.8,32.5,17.5,0.175,Tree cover,0.5,Meghalaya,East Jaintia Hills,Katigora,Debris,2016,0–500 m,30–40°,3000–4000 mm,0–10 m,2010s,1,4,5,1
11257,25.038022,92.449417,210.0,32.64,3510.0,30.4,41.1,28.5,43.6,32.5,16.8,0.168,Tree cover,27.1,Meghalaya,East Jaintia Hills,Katigora,Debris,2018,0–500 m,30–40°,3000–4000 mm,10–50 m,2010s,1,4,5,2
11259,25.038186,92.440725,308.0,31.9,3599.0,31.1,40.7,28.3,43.6,32.5,16.8,0.168,Tree cover,2.0,Meghalaya,East Jaintia Hills,Katigora,Debris,2014,0–500 m,30–40°,3000–4000 mm,0–10 m,2010s,1,4,5,1
11260,25.038361,92.43675,319.0,31.18,3599.0,30.9,42.2,26.9,44.8,32.5,17.5,0.175,Built-up,2.0,Meghalaya,East Jaintia Hills,Khliehriat,Debris,2016,0–500 m,30–40°,3000–4000 mm,0–10 m,2010s,1,4,5,1
11261,25.038753,94.152236,870.0,18.1,2204.0,30.0,34.5,35.4,41.0,34.0,17.5,0.175,Grassland,7.1,Manipur,Senapati,Lm,Debris,2015,500–1000 m,10–20°,2000–2500 mm,0–10 m,2010s,2,2,3,1
11262,25.038875,92.445361,224.0,25.88,3510.0,30.6,40.9,28.5,43.6,32.5,16.8,0.168,Tree cover,6.1,Meghalaya,East Jaintia Hills,Katigora,Debris,2018,0–500 m,20–30°,3000–4000 mm,0–10 m,2010s,1,3,5,1
11266,25.039406,92.442428,287.0,22.4,3510.0,32.0,40.2,27.7,43.6,32.5,16.8,0.168,Tree cover,18.0,Meghalaya,East Jaintia Hills,Katigora,Debris,2017,0–500 m,20–30°,3000–4000 mm,10–50 m,2010s,1,3,5,2
11271,25.039875,92.441611,276.0,24.67,3599.0,32.0,40.2,27.7,43.6,32.5,16.8,0.168,Tree cover,20.1,Meghalaya,East Jaintia Hills,Katigora,Debris,2017,0–500 m,20–30°,3000–4000 mm,10–50 m,2010s,1,3,5,2
11274,25.040511,92.446119,309.0,31.0,3510.0,30.6,40.9,28.5,43.6,32.5,16.8,0.168,Tree cover,124.1,Meghalaya,East Jaintia Hills,Katigora,Debris,2015,0–500 m,30–40°,3000–4000 mm,100–500 m,2010s,1,4,5,4
11276,25.0412,92.4372,303.0,39.6,3599.0,32.0,40.7,27.3,44.8,32.5,17.5,0.175,Tree cover,8.2,Meghalaya,East Jaintia Hills,Khliehriat,Debris,2010,0–500 m,30–40°,3000–4000 mm,0–10 m,2010s,1,4,5,1
11278,25.041328,92.439903,329.0,29.29,3599.0,31.0,40.2,28.8,44.8,32.5,17.5,0.175,Tree cover,122.1,Meghalaya,East Jaintia Hills,Katigora,Rock,2017,0–500 m,20–30°,3000–4000 mm,100–500 m,2010s,1,3,5,4
11282,25.042189,92.441964,279.0,34.35,3531.0,31.0,40.2,28.8,44.8,32.5,17.5,0.175,Tree cover,15.9,Meghalaya,East Jaintia Hills,Katigora,Debris,2015,0–500 m,30–40°,3000–4000 mm,10–50 m,2010s,1,4,5,2
11287,25.0423,92.440587,287.0,23.03,3623.0,31.0,40.2,28.8,44.8,32.5,17.5,0.175,Tree cover,61.7,Meghalaya,East Jaintia Hills,Katigora,Debris,2016,0–500 m,20–30°,3000–4000 mm,50–100 m,2010s,1,3,5,3
11293,25.042556,92.435028,287.0,43.68,3623.0,30.6,41.7,27.7,44.8,32.5,17.5,0.175,Tree cover,4.6,Meghalaya,East Jaintia Hills,Khliehriat,Rock,2016,0–500 m,40–50°,3000–4000 mm,0–10 m,2010s,1,5,5,1
11296,25.042778,92.432472,272.0,40.08,3612.0,30.7,41.7,27.6,43.4,32.5,16.4,0.164,Tree cover,1.7,Meghalaya,East Jaintia Hills,Khliehriat,Rock,2015,0–500 m,40–50°,3000–4000 mm,0–10 m,2010s,1,5,5,1
11297,25.0429,92.4309,248.0,10.79,3612.0,31.4,40.9,27.7,43.4,32.5,16.4,0.164,Built-up,3.6,Meghalaya,East Jaintia Hills,Khliehriat,Debris,2016,0–500 m,10–20°,3000–4000 mm,0–10 m,2010s,1,2,5,1
11301,25.0433,92.4242,220.0,30.08,3529.0,29.2,41.0,29.8,43.4,32.5,16.4,0.164,Tree cover,23.3,Meghalaya,East Jaintia Hills,Khliehriat,Rock,2017,0–500 m,30–40°,3000–4000 mm,10–50 m,2010s,1,4,5,2
11303,25.0434,92.424,204.0,28.69,3529.0,29.2,41.0,29.8,43.4,32.5,16.4,0.164,Tree cover,19.2,Meghalaya,East Jaintia Hills,Khliehriat,Rock,2017,0–500 m,20–30°,3000–4000 mm,10–50 m,2010s,1,3,5,2
11305,25.043667,92.425444,207.0,40.74,3612.0,29.2,41.0,29.8,43.4,32.5,16.4,0.164,Tree cover,6.2,Meghalaya,East Jaintia Hills,Khliehriat,Rock,2016,0–500 m,40–50°,3000–4000 mm,0–10 m,2010s,1,5,5,1
11306,25.043914,92.423556,204.0,37.61,3529.0,28.7,41.7,29.6,43.4,32.6,16.2,0.162,Built-up,0.4,Meghalaya,East Jaintia Hills,Khliehriat,Rock,2015,0–500 m,30–40°,3000–4000 mm,0–10 m,2010s,1,4,5,1
11307,25.044056,92.418778,160.0,31.68,3529.0,29.3,40.9,29.7,43.4,32.6,16.2,0.162,Tree cover,14.0,Meghalaya,East Jaintia Hills,Khliehriat,Debris,2015,0–500 m,30–40°,3000–4000 mm,10–50 m,2010s,1,4,5,2
11309,25.044136,92.430244,259.0,47.93,3612.0,29.0,40.6,30.4,43.4,32.5,16.4,0.164,Tree cover,0.2,Meghalaya,East Jaintia Hills,Khliehriat,Rock,2016,0–500 m,40–50°,3000–4000 mm,0–10 m,2010s,1,5,5,1
11315,25.044442,92.427761,226.0,11.62,3612.0,29.1,40.3,30.5,43.4,32.5,16.4,0.164,Tree cover,2.9,Meghalaya,East Jaintia Hills,Khliehriat,Debris,2016,0–500 m,10–20°,3000–4000 mm,0–10 m,2010s,1,2,5,1
11325,25.045386,92.420764,166.0,36.28,3529.0,29.9,41.9,28.2,43.3,32.5,16.7,0.167,Tree cover,1.2,Meghalaya,East Jaintia Hills,Khliehriat,Debris,2016,0–500 m,30–40°,3000–4000 mm,0–10 m,2010s,1,4,5,1
11326,25.045389,92.410444,78.0,29.81,3444.0,26.7,42.3,31.0,43.5,32.8,17.4,0.174,Tree cover,5.3,Meghalaya,East Jaintia Hills,Khliehriat,Debris,2014,0–500 m,20–30°,3000–4000 mm,0–10 m,2010s,1,3,5,1
11327,25.046181,92.408878,82.0,36.53,3444.0,25.3,44.3,30.4,43.5,32.8,17.4,0.174,Tree cover,14.4,Meghalaya,East Jaintia Hills,Khliehriat,Debris,2016,0–500 m,30–40°,3000–4000 mm,10–50 m,2010s,1,4,5,2
11328,25.0464,92.4238,183.0,27.9,3529.0,31.1,41.9,27.0,43.3,32.5,16.7,0.167,Tree cover,8.4,Meghalaya,East Jaintia Hills,Khliehriat,Debris,2017,0–500 m,20–30°,3000–4000 mm,0–10 m,2010s,1,3,5,1
11334,25.047194,92.404806,84.0,14.33,3378.0,25.8,44.1,30.1,42.7,32.8,16.6,0.166,Tree cover,5.5,Meghalaya,East Jaintia Hills,Khliehriat,Debris,2016,0–500 m,10–20°,3000–4000 mm,0–10 m,2010s,1,2,5,1
11351,25.049744,92.400678,72.0,14.39,3378.0,25.2,45.0,29.8,42.7,32.8,16.6,0.166,Tree cover,11.7,Meghalaya,East Jaintia Hills,Khliehriat,Debris,2016,0–500 m,10–20°,3000–4000 mm,10–50 m,2010s,1,2,5,2
11367,25.0529,92.399297,78.0,23.9,3431.0,25.2,44.9,29.8,42.7,32.8,16.6,0.166,Tree cover,18.3,Meghalaya,East Jaintia Hills,Khliehriat,Rock,2017,0–500 m,20–30°,3000–4000 mm,10–50 m,2010s,1,3,5,2
11382,25.056022,92.394119,82.0,19.29,3431.0,26.1,44.3,29.7,42.9,33.3,16.8,0.168,Tree cover,11.3,Meghalaya,East Jaintia Hills,Khliehriat,Debris,2016,0–500 m,10–20°,3000–4000 mm,10–50 m,2010s,1,2,5,2
11387,25.0572,92.392897,71.0,8.1,3431.0,26.3,44.1,29.6,42.9,33.3,16.8,0.168,Built-up,31.5,Meghalaya,East Jaintia Hills,Khliehriat,Rock,2018,0–500 m,0–10°,3000–4000 mm,10–50 m,2010s,1,1,5,2
11410,25.062025,92.386975,48.0,23.88,3403.0,25.7,44.6,29.7,43.1,33.1,16.5,0.165,Tree cover,27.5,Meghalaya,East Jaintia Hills,Khliehriat,Debris,2013,0–500 m,20–30°,3000–4000 mm,10–50 m,2010s,1,3,5,2
11429,25.067426,92.380153,62.0,21.91,3414.0,25.9,44.2,30.0,43.0,32.3,16.3,0.163,Tree cover,21.5,Meghalaya,East Jaintia Hills,Khliehriat,Rock,2017,0–500 m,20–30°,3000–4000 mm,10–50 m,2010s,1,3,5,2
11432,25.068158,92.380058,68.0,25.71,3414.0,24.7,45.5,29.8,43.0,32.3,16.3,0.163,Tree cover,21.9,Meghalaya,East Jaintia Hills,Khliehriat,Debris,2016,0–500 m,20–30°,3000–4000 mm,10–50 m,2010s,1,3,5,2
11445,25.073,92.365667,126.0,26.97,3457.0,28.4,44.0,27.6,44.4,33.4,16.2,0.162,Tree cover,7.1,Meghalaya,East Jaintia Hills,Khliehriat,Debris,2016,0–500 m,20–30°,3000–4000 mm,0–10 m,2010s,1,3,5,1
11444,25.073,92.368778,121.0,21.76,3413.0,28.4,44.1,27.5,44.4,33.4,16.2,0.162,Built-up,5.1,Meghalaya,East Jaintia Hills,Khliehriat,Debris,2015,0–500 m,20–30°,3000–4000 mm,0–10 m,2010s,1,3,5,1
11446,25.073217,92.372161,79.0,28.79,3413.0,27.1,45.8,27.1,44.9,33.2,17.7,0.177,Tree cover,2.0,Meghalaya,East Jaintia Hills,Khliehriat,Debris,2014,0–500 m,20–30°,3000–4000 mm,0–10 m,2010s,1,3,5,1
11450,25.073731,92.370786,82.0,34.99,3413.0,29.1,43.7,27.2,44.9,33.2,17.7,0.177,Tree cover,14.0,Meghalaya,East Jaintia Hills,Khliehriat,Rock,2015,0–500 m,30–40°,3000–4000 mm,10–50 m,2010s,1,4,5,2
11454,25.074983,92.371516,104.0,11.23,3413.0,30.6,42.2,27.3,44.9,33.2,17.7,0.177,Tree cover,4.8,Meghalaya,East Jaintia Hills,Khliehriat,Rock,2018,0–500 m,10–20°,3000–4000 mm,0–10 m,2010s,1,2,5,1
11456,25.075167,92.370953,135.0,35.27,3703.0,30.6,42.2,27.3,44.9,33.2,17.7,0.177,Tree cover,55.3,Meghalaya,East Jaintia Hills,Khliehriat,Debris,2014,0–500 m,30–40°,3000–4000 mm,50–100 m,2010s,1,4,5,3
11457,25.075567,92.363317,166.0,30.32,3677.0,30.5,43.0,26.5,44.4,33.4,16.2,0.162,Tree cover,11.9,Meghalaya,East Jaintia Hills,Khliehriat,Debris,2014,0–500 m,30–40°,3000–4000 mm,10–50 m,2010s,1,4,5,2
11462,25.079,92.361667,188.0,30.23,3677.0,31.8,41.7,26.5,42.9,33.0,16.6,0.166,Tree cover,8.5,Meghalaya,East Jaintia Hills,Khliehriat,Rock,2015,0–500 m,30–40°,3000–4000 mm,0–10 m,2010s,1,4,5,1
11463,25.079028,92.359111,234.0,44.21,3677.0,31.5,42.0,26.5,42.9,33.0,16.6,0.166,Tree cover,8.2,Meghalaya,East Jaintia Hills,Khliehriat,Rock,2014,0–500 m,40–50°,3000–4000 mm,0–10 m,2010s,1,5,5,1
11465,25.079444,92.356111,252.0,21.67,3640.0,31.5,41.9,26.6,42.9,33.0,16.6,0.166,Tree cover,3.2,Meghalaya,East Jaintia Hills,Khliehriat,Debris,2019,0–500 m,20–30°,3000–4000 mm,0–10 m,2010s,1,3,5,1
11471,25.080161,94.114939,831.0,23.94,2186.0,31.9,35.0,33.1,40.9,33.7,16.0,0.16,Built-up,7.4,Manipur,Senapati,Lhungtin,Debris,2014,500–1000 m,20–30°,2000–2500 mm,0–10 m,2010s,2,3,3,1
11475,25.081381,92.359972,212.0,25.73,3677.0,30.7,42.0,27.3,43.7,33.1,15.9,0.159,Tree cover,18.5,Meghalaya,East Jaintia Hills,Khliehriat,Debris,2014,0–500 m,20–30°,3000–4000 mm,10–50 m,2010s,1,3,5,2
11480,25.083061,92.360322,224.0,33.93,3677.0,30.7,42.0,27.3,43.7,33.1,15.9,0.159,Tree cover,39.8,Meghalaya,East Jaintia Hills,Khliehriat,Debris,2015,0–500 m,30–40°,3000–4000 mm,10–50 m,2010s,1,4,5,2
11483,25.083315,92.356773,256.0,36.28,3640.0,32.1,41.3,26.6,43.7,33.1,15.9,0.159,Tree cover,0.5,Meghalaya,East Jaintia Hills,Khliehriat,Debris,2018,0–500 m,30–40°,3000–4000 mm,0–10 m,2010s,1,4,5,1
11491,25.086525,94.078197,813.0,14.66,2201.0,31.6,31.5,37.0,41.3,33.6,17.6,0.176,Grassland,6.2,Manipur,Senapati,Lhungtin,Debris,2015,500–1000 m,10–20°,2000–2500 mm,0–10 m,2010s,2,2,3,1
11496,25.088958,92.358989,231.0,40.67,3804.0,31.4,41.9,26.7,43.7,33.1,15.9,0.159,Tree cover,12.8,Meghalaya,East Jaintia Hills,Khliehriat,Rock,2016,0–500 m,40–50°,3000–4000 mm,10–50 m,2010s,1,5,5,2
11500,25.091361,92.356889,182.0,40.12,3558.0,33.4,40.7,25.9,43.9,33.3,17.1,0.171,Tree cover,9.3,Meghalaya,East Jaintia Hills,Khliehriat,Rock,2016,0–500 m,40–50°,3000–4000 mm,0–10 m,2010s,1,5,5,1
11504,25.09178,92.35469,153.0,38.54,3529.0,27.7,45.4,27.0,43.9,33.3,17.1,0.171,Tree cover,3.3,Meghalaya,East Jaintia Hills,Khliehriat,Rock,2018,0–500 m,30–40°,3000–4000 mm,0–10 m,2010s,1,4,5,1
11509,25.092178,92.353564,135.0,28.44,3529.0,29.0,44.1,26.9,43.9,33.3,17.1,0.171,Tree cover,13.1,Meghalaya,East Jaintia Hills,Khliehriat,Rock,2014,0–500 m,20–30°,3000–4000 mm,10–50 m,2010s,1,3,5,2
11514,25.094028,92.354472,135.0,37.79,3529.0,31.5,42.1,26.3,43.9,33.3,17.1,0.171,Tree cover,4.1,Meghalaya,East Jaintia Hills,Khliehriat,Debris,2016,0–500 m,30–40°,3000–4000 mm,0–10 m,2010s,1,4,5,1
11530,25.097997,92.355972,107.0,37.7,3529.0,26.6,45.6,27.9,43.9,33.3,17.1,0.171,Tree cover,24.2,Meghalaya,East Jaintia Hills,Khliehriat,Debris,2015,0–500 m,30–40°,3000–4000 mm,10–50 m,2010s,1,4,5,2
11549,25.104417,92.365028,326.0,39.79,3652.0,29.7,41.2,29.1,42.5,33.0,17.2,0.172,Tree cover,429.2,Meghalaya,East Jaintia Hills,Khliehriat,Rock,1989,0–500 m,30–40°,3000–4000 mm,100–500 m,1980s,1,4,5,4
11554,25.1059,92.865194,212.0,17.57,2303.0,31.2,36.0,32.8,40.8,34.3,16.2,0.162,Tree cover,2.7,Assam,Dima Hasao,Haflong,Debris,2019,0–500 m,10–20°,2000–2500 mm,0–10 m,2010s,1,2,3,1
11561,25.1076,92.847361,153.0,12.29,2299.0,29.5,37.3,33.1,40.5,34.6,16.0,0.16,Grassland,10.0,Assam,Dima Hasao,Haflong,Debris,2019,0–500 m,10–20°,2000–2500 mm,0–10 m,2010s,1,2,3,1
11565,25.108333,92.996861,583.0,31.0,2271.0,32.4,30.8,36.8,40.6,33.6,16.1,0.161,Tree cover,5.3,Assam,Dima Hasao,Haflong,Debris,2019,500–1000 m,30–40°,2000–2500 mm,0–10 m,2010s,2,4,3,1
11566,25.1084,92.9004,299.0,18.77,2201.0,32.6,32.0,35.4,40.9,34.2,16.5,0.165,Tree cover,45.7,Assam,Dima Hasao,Haflong,Debris,2019,0–500 m,10–20°,2000–2500 mm,10–50 m,2010s,1,2,3,2
11571,25.1089,92.938306,307.0,12.54,2160.0,33.5,31.8,34.7,40.2,32.6,18.0,0.18,Grassland,146.4,Assam,Dima Hasao,Haflong,Debris,2019,0–500 m,10–20°,2000–2500 mm,100–500 m,2010s,1,2,3,4
11573,25.108972,92.928861,250.0,21.62,2167.0,32.5,30.9,36.6,40.3,33.5,18.4,0.184,Built-up,5.6,Assam,Dima Hasao,Haflong,Debris,2016,0–500 m,20–30°,2000–2500 mm,0–10 m,2010s,1,3,3,1
11574,25.109417,92.88075,277.0,17.63,2247.0,30.6,33.4,35.9,40.1,34.6,17.0,0.17,Tree cover,12.4,Assam,Dima Hasao,Haflong,Debris,2016,0–500 m,10–20°,2000–2500 mm,10–50 m,2010s,1,2,3,2
11576,25.109889,92.893167,273.0,16.23,2220.0,32.7,32.8,34.5,40.9,34.0,17.6,0.176,Grassland,18.5,Assam,Dima Hasao,Haflong,Debris,2016,0–500 m,10–20°,2000–2500 mm,10–50 m,2010s,1,2,3,2
11577,25.1099,92.86689,185.0,18.52,2265.0,31.6,35.7,32.7,40.5,35.0,16.2,0.162,Tree cover,76.1,Assam,Dima Hasao,Haflong,Debris,2019,0–500 m,10–20°,2000–2500 mm,50–100 m,2010s,1,2,3,3
11581,25.110111,92.998778,566.0,37.06,2136.0,32.3,30.9,36.8,40.6,33.6,16.1,0.161,Tree cover,1.8,Assam,Dima Hasao,Haflong,Debris,2016,500–1000 m,30–40°,2000–2500 mm,0–10 m,2010s,2,4,3,1
11588,25.110778,92.987917,480.0,17.94,2130.0,33.0,31.4,35.6,40.5,34.3,17.7,0.177,Tree cover,267.1,Assam,Dima Hasao,Haflong,Debris,2016,0–500 m,10–20°,2000–2500 mm,100–500 m,2010s,1,2,3,4
11589,25.1108,92.939526,266.0,19.65,2160.0,32.3,32.3,35.4,40.2,32.6,18.0,0.18,Grassland,24.6,Assam,Dima Hasao,Haflong,Debris,2017,0–500 m,10–20°,2000–2500 mm,10–50 m,2010s,1,2,3,2
11594,25.112806,92.350194,232.0,41.64,3649.0,30.1,41.9,28.0,45.2,33.1,17.9,0.179,Tree cover,4.2,Meghalaya,East Jaintia Hills,Khliehriat,Debris,2016,0–500 m,40–50°,3000–4000 mm,0–10 m,2010s,1,5,5,1
11599,25.1131,92.961,318.0,11.15,2143.0,34.6,30.7,34.7,40.0,34.3,17.7,0.177,Tree cover,12.9,Assam,Dima Hasao,Haflong,Debris,2017,0–500 m,10–20°,2000–2500 mm,10–50 m,2010s,1,2,3,2
11604,25.113586,92.370594,90.0,30.93,3417.0,28.0,42.2,29.8,41.8,32.9,17.0,0.17,Tree cover,31.3,Meghalaya,East Jaintia Hills,Khliehriat,Debris,2014,0–500 m,30–40°,3000–4000 mm,10–50 m,2010s,1,4,5,2
11615,25.116,92.374889,101.0,25.08,3417.0,29.8,40.3,29.9,41.8,32.9,17.0,0.17,Tree cover,22.1,Meghalaya,East Jaintia Hills,Khliehriat,Rock,2016,0–500 m,20–30°,3000–4000 mm,10–50 m,2010s,1,3,5,2
11622,25.117453,92.35705,182.0,38.77,3642.0,29.8,41.9,28.2,44.6,32.9,17.3,0.173,Tree cover,24.3,Meghalaya,East Jaintia Hills,Khliehriat,Debris,2015,0–500 m,30–40°,3000–4000 mm,10–50 m,2010s,1,4,5,2
11638,25.12175,93.022083,684.0,23.53,2232.0,26.9,32.4,40.7,40.9,34.1,17.6,0.176,Tree cover,1.0,Assam,Dima Hasao,Haflong,Debris,2020,500–1000 m,20–30°,2000–2500 mm,0–10 m,2020s,2,3,3,1
11641,25.122,93.026,732.0,21.69,2258.0,27.0,32.3,40.7,40.9,34.1,17.6,0.176,Tree cover,133.6,Assam,Dima Hasao,Haflong,Soil,2014,500–1000 m,20–30°,2000–2500 mm,100–500 m,2010s,2,3,3,4
11640,25.122,93.025,691.0,22.03,2232.0,27.0,32.3,40.7,40.9,34.1,17.6,0.176,Tree cover,66.0,Assam,Dima Hasao,Haflong,Soil,2014,500–1000 m,20–30°,2000–2500 mm,50–100 m,2010s,2,3,3,3
11642,25.122381,92.243069,129.0,26.59,3797.0,30.3,44.1,25.6,42.9,33.6,16.8,0.168,Tree cover,53.1,Meghalaya,East Jaintia Hills,Khliehriat,Debris,2016,0–500 m,20–30°,3000–4000 mm,50–100 m,2010s,1,3,5,3
11643,25.123,93.034,723.0,42.87,2405.0,28.0,32.9,39.1,41.2,34.6,16.8,0.168,Tree cover,305.6,Assam,Dima Hasao,Haflong,Soil,2014,500–1000 m,40–50°,2000–2500 mm,100–500 m,2010s,2,5,3,4
11651,25.125139,93.028667,617.0,17.89,2112.0,28.0,32.8,39.2,40.9,34.1,17.6,0.176,Grassland,40.6,Assam,Dima Hasao,Haflong,Rock,2019,500–1000 m,10–20°,2000–2500 mm,10–50 m,2010s,2,2,3,2
11653,25.125569,92.38545,89.0,21.29,3377.0,30.2,39.3,30.6,44.0,32.8,17.1,0.171,Tree cover,17.4,Meghalaya,East Jaintia Hills,Khliehriat,Debris,2016,0–500 m,20–30°,3000–4000 mm,10–50 m,2010s,1,3,5,2
11657,25.126972,92.388083,107.0,29.96,3377.0,29.5,41.1,29.4,40.7,32.6,16.3,0.163,Tree cover,8.1,Meghalaya,East Jaintia Hills,Khliehriat,Debris,2016,0–500 m,20–30°,3000–4000 mm,0–10 m,2010s,1,3,5,1
11664,25.129169,92.388306,136.0,45.91,3377.0,29.8,40.8,29.4,40.7,32.6,16.3,0.163,Tree cover,12.8,Meghalaya,East Jaintia Hills,Khliehriat,Rock,2016,0–500 m,40–50°,3000–4000 mm,10–50 m,2010s,1,5,5,2
11675,25.133911,92.222392,169.0,28.54,3862.0,26.9,45.5,27.7,44.1,33.8,17.7,0.177,Tree cover,47.8,Meghalaya,East Jaintia Hills,Khliehriat,Debris,2015,0–500 m,20–30°,3000–4000 mm,10–50 m,2010s,1,3,5,2
11678,25.134293,92.38155,241.0,33.0,3526.0,31.2,40.7,28.1,41.2,32.4,16.7,0.167,Tree cover,83.4,Meghalaya,East Jaintia Hills,Khliehriat,Debris,2010,0–500 m,30–40°,3000–4000 mm,50–100 m,2010s,1,4,5,3
11679,25.134472,93.018972,751.0,15.12,2170.0,30.5,31.8,37.7,41.1,34.4,17.3,0.173,Tree cover,7.4,Assam,Dima Hasao,Haflong,Rock,2016,500–1000 m,10–20°,2000–2500 mm,0–10 m,2010s,2,2,3,1
11683,25.134972,92.380278,200.0,45.1,3526.0,29.3,40.7,30.0,42.1,32.8,17.5,0.175,Tree cover,25.7,Meghalaya,East Jaintia Hills,Khliehriat,Rock,2014,0–500 m,40–50°,3000–4000 mm,10–50 m,2010s,1,5,5,2
11684,25.135,93.04,622.0,13.74,2132.0,33.1,31.2,35.7,40.5,33.2,17.7,0.177,Tree cover,375.0,Assam,Dima Hasao,Haflong,Soil,2014,500–1000 m,10–20°,2000–2500 mm,100–500 m,2010s,2,2,3,4
11688,25.136,93.04,620.0,11.2,2132.0,33.1,31.2,35.7,40.5,33.2,17.7,0.177,Tree cover,448.1,Assam,Dima Hasao,Haflong,Soil,2014,500–1000 m,10–20°,2000–2500 mm,100–500 m,2010s,2,2,3,4
11694,25.137,93.018,737.0,12.84,2170.0,29.3,32.0,38.7,40.8,32.7,17.6,0.176,Tree cover,49.1,Assam,Dima Hasao,Haflong,Soil,2014,500–1000 m,10–20°,2000–2500 mm,10–50 m,2010s,2,2,3,2
11691,25.137,93.04,634.0,13.62,2132.0,33.1,31.2,35.7,40.5,33.2,17.7,0.177,Tree cover,438.6,Assam,Dima Hasao,Haflong,Soil,2014,500–1000 m,10–20°,2000–2500 mm,100–500 m,2010s,2,2,3,4
11698,25.139,93.04,635.0,21.55,2132.0,30.1,32.2,37.7,40.5,33.2,17.7,0.177,Tree cover,427.7,Assam,Dima Hasao,Haflong,Soil,2014,500–1000 m,20–30°,2000–2500 mm,100–500 m,2010s,2,3,3,4
11696,25.139,93.025,603.0,10.09,2170.0,29.0,32.3,38.6,40.8,32.7,17.6,0.176,Tree cover,228.2,Assam,Dima Hasao,Haflong,Soil,2014,500–1000 m,10–20°,2000–2500 mm,100–500 m,2010s,2,2,3,4
11700,25.139611,93.019556,733.0,34.72,2170.0,28.1,32.5,39.5,40.8,32.7,17.6,0.176,Grassland,4.3,Assam,Dima Hasao,Haflong,Rock,2016,500–1000 m,30–40°,2000–2500 mm,0–10 m,2010s,2,4,3,1
11703,25.14,93.3,1183.0,30.03,3094.0,31.0,38.5,30.5,40.8,34.2,19.3,0.193,Tree cover,173.2,Assam,Dima Hasao,Haflong,Debris,2018,1000–1500 m,30–40°,3000–4000 mm,100–500 m,2010s,3,4,5,4
11705,25.141928,92.378281,217.0,24.52,3426.0,31.6,40.0,28.4,42.1,32.8,17.5,0.175,Tree cover,13.4,Meghalaya,East Jaintia Hills,Khliehriat,Debris,2018,0–500 m,20–30°,3000–4000 mm,10–50 m,2010s,1,3,5,2
11706,25.142,93.04,666.0,4.35,2077.0,32.9,30.7,36.4,40.5,33.2,17.7,0.177,Tree cover,399.8,Assam,Dima Hasao,Haflong,Soil,2014,500–1000 m,0–10°,2000–2500 mm,100–500 m,2010s,2,1,3,4
11709,25.143375,92.141861,38.0,31.66,3623.0,27.7,47.3,25.0,41.0,33.6,13.6,0.136,Tree cover,59.6,Meghalaya,West Jaintia Hills,Amlarem,Debris,2010,0–500 m,30–40°,3000–4000 mm,50–100 m,2010s,1,4,5,3
11710,25.143969,92.217497,110.0,38.66,3840.0,26.8,45.4,27.8,42.6,32.8,14.2,0.142,Tree cover,16.9,Meghalaya,East Jaintia Hills,Khliehriat,Debris,2016,0–500 m,30–40°,3000–4000 mm,10–50 m,2010s,1,4,5,2
11713,25.14525,93.029167,526.0,30.27,2082.0,34.9,29.3,35.8,41.2,34.1,17.4,0.174,Tree cover,7.3,Assam,Dima Hasao,Haflong,Debris,2016,500–1000 m,30–40°,2000–2500 mm,0–10 m,2010s,2,4,3,1
11715,25.145861,93.024194,695.0,20.07,2123.0,30.1,31.9,38.0,41.2,34.1,17.4,0.174,Tree cover,9.3,Assam,Dima Hasao,Haflong,Rock,2016,500–1000 m,20–30°,2000–2500 mm,0–10 m,2010s,2,3,3,1
11719,25.146778,93.030972,461.0,33.12,2082.0,35.5,28.6,35.9,41.2,34.1,17.4,0.174,Grassland,2.6,Assam,Dima Hasao,Haflong,Rock,2016,0–500 m,30–40°,2000–2500 mm,0–10 m,2010s,1,4,3,1
11720,25.14775,92.375528,262.0,22.27,3426.0,29.9,39.9,30.2,41.5,32.4,17.1,0.171,Tree cover,5.5,Meghalaya,East Jaintia Hills,Khliehriat,Debris,2016,0–500 m,20–30°,3000–4000 mm,0–10 m,2010s,1,3,5,1
11723,25.148083,92.180639,164.0,37.98,3933.0,28.0,42.8,29.2,43.6,32.5,17.1,0.171,Tree cover,3109.6,Meghalaya,West Jaintia Hills,Amlarem,Debris,2016,0–500 m,30–40°,3000–4000 mm,>1000 m,2010s,1,4,5,6
11724,25.148158,92.177172,165.0,30.9,3933.0,28.0,42.8,29.2,42.7,31.6,16.2,0.162,Tree cover,3357.9,Meghalaya,West Jaintia Hills,Amlarem,Debris,2016,0–500 m,30–40°,3000–4000 mm,>1000 m,2010s,1,4,5,6
11725,25.148303,92.176236,164.0,31.85,3933.0,28.2,42.3,29.5,42.7,31.6,16.2,0.162,Tree cover,3263.7,Meghalaya,West Jaintia Hills,Amlarem,Debris,2016,0–500 m,30–40°,3000–4000 mm,>1000 m,2010s,1,4,5,6
11726,25.148722,93.031917,436.0,13.8,2082.0,34.8,28.4,36.7,41.2,34.1,17.4,0.174,Grassland,16.7,Assam,Dima Hasao,Haflong,Debris,2016,0–500 m,10–20°,2000–2500 mm,10–50 m,2010s,1,2,3,2
11727,25.148747,92.175119,143.0,26.57,3933.0,27.1,44.3,28.6,42.7,31.6,16.2,0.162,Tree cover,3152.1,Meghalaya,West Jaintia Hills,Amlarem,Debris,2016,0–500 m,20–30°,3000–4000 mm,>1000 m,2010s,1,3,5,6
11729,25.14965,92.214519,66.0,40.03,3571.0,25.4,45.7,28.9,42.7,33.2,14.6,0.146,Tree cover,3.1,Meghalaya,East Jaintia Hills,Khliehriat,Debris,2016,0–500 m,40–50°,3000–4000 mm,0–10 m,2010s,1,5,5,1
11731,25.150286,92.213508,48.0,27.03,3484.0,25.4,45.7,28.9,42.7,33.2,14.6,0.146,Tree cover,4.7,Meghalaya,West Jaintia Hills,Khliehriat,Debris,2016,0–500 m,20–30°,3000–4000 mm,0–10 m,2010s,1,3,5,1
11732,25.150694,93.025833,671.0,22.06,2079.0,29.9,31.1,39.0,41.2,34.1,17.4,0.174,Built-up,3.3,Assam,Dima Hasao,Haflong,Debris,2016,500–1000 m,20–30°,2000–2500 mm,0–10 m,2010s,2,3,3,1
11738,25.152367,92.195708,141.0,17.47,3708.0,25.7,45.9,28.4,43.5,32.4,17.0,0.17,Tree cover,1645.0,Meghalaya,West Jaintia Hills,Amlarem,Debris,2016,0–500 m,10–20°,3000–4000 mm,>1000 m,2010s,1,2,5,6
11741,25.153272,92.206058,79.0,33.07,3639.0,26.2,45.7,28.1,44.1,32.4,17.2,0.172,Tree cover,598.8,Meghalaya,West Jaintia Hills,Amlarem,Debris,2016,0–500 m,30–40°,3000–4000 mm,500–1000 m,2010s,1,4,5,5
11750,25.155611,93.022222,619.0,19.92,2099.0,31.3,30.5,38.2,40.8,33.7,17.8,0.178,Tree cover,5.0,Assam,Dima Hasao,Haflong,Debris,2016,500–1000 m,10–20°,2000–2500 mm,0–10 m,2010s,2,2,3,1
11751,25.155722,93.022778,612.0,27.92,2099.0,31.3,30.5,38.2,40.8,33.7,17.8,0.178,Tree cover,6.5,Assam,Dima Hasao,Haflong,Soil,2016,500–1000 m,20–30°,2000–2500 mm,0–10 m,2010s,2,3,3,1
11754,25.156,93.018,596.0,8.92,2099.0,31.9,30.4,37.7,40.8,33.7,17.8,0.178,Tree cover,30.5,Assam,Dima Hasao,Haflong,Soil,2014,500–1000 m,0–10°,2000–2500 mm,10–50 m,2010s,2,1,3,2
11756,25.156389,93.018389,603.0,15.06,2099.0,31.9,30.4,37.7,40.8,33.7,17.8,0.178,Tree cover,19.5,Assam,Dima Hasao,Haflong,Rock,2016,500–1000 m,10–20°,2000–2500 mm,10–50 m,2010s,2,2,3,2
11757,25.156419,92.141353,38.0,28.97,3519.0,25.5,47.8,26.7,41.4,33.2,16.3,0.163,Tree cover,1.4,Meghalaya,West Jaintia Hills,Amlarem,Debris,2016,0–500 m,20–30°,3000–4000 mm,0–10 m,2010s,1,3,5,1
11758,25.156542,92.198469,60.0,22.12,3708.0,27.5,44.8,27.7,43.5,30.9,16.9,0.169,Tree cover,1396.1,Meghalaya,West Jaintia Hills,Amlarem,Debris,2016,0–500 m,20–30°,3000–4000 mm,>1000 m,2010s,1,3,5,6
11759,25.156583,93.019611,618.0,28.66,2099.0,31.9,30.4,37.7,40.8,33.7,17.8,0.178,Built-up,9.0,Assam,Dima Hasao,Haflong,Rock,2016,500–1000 m,20–30°,2000–2500 mm,0–10 m,2010s,2,3,3,1
11760,25.156694,93.017667,606.0,23.38,2099.0,31.9,30.4,37.7,40.8,33.7,17.8,0.178,Tree cover,31.1,Assam,Dima Hasao,Haflong,Debris,1998,500–1000 m,20–30°,2000–2500 mm,10–50 m,1990s,2,3,3,2
11764,25.157,93.062,510.0,18.84,2034.0,33.2,29.7,37.1,40.8,34.5,17.8,0.178,Grassland,64.8,Assam,Dima Hasao,Haflong,Soil,2014,500–1000 m,10–20°,2000–2500 mm,50–100 m,2010s,2,2,3,3
11765,25.157,93.066,487.0,24.25,2034.0,34.7,28.6,36.6,40.8,34.5,17.8,0.178,Tree cover,108.5,Assam,Dima Hasao,Haflong,Soil,2014,0–500 m,20–30°,2000–2500 mm,100–500 m,2010s,1,3,3,4
11767,25.157139,93.017194,643.0,32.85,2099.0,32.0,30.3,37.7,41.0,33.9,17.1,0.171,Tree cover,7.7,Assam,Dima Hasao,Haflong,Debris,2016,500–1000 m,30–40°,2000–2500 mm,0–10 m,2010s,2,4,3,1
11768,25.157361,93.016083,636.0,27.91,2084.0,32.0,30.3,37.7,41.0,33.9,17.1,0.171,Tree cover,5.3,Assam,Dima Hasao,Haflong,Rock,2016,500–1000 m,20–30°,2000–2500 mm,0–10 m,2010s,2,3,3,1
11770,25.157592,92.239928,96.0,20.54,3786.0,26.4,45.9,27.7,43.8,33.1,17.0,0.17,Tree cover,11.9,Meghalaya,East Jaintia Hills,Khliehriat,Debris,2016,0–500 m,20–30°,3000–4000 mm,10–50 m,2010s,1,3,5,2
11780,25.159333,93.017,679.0,7.06,2111.0,32.0,30.3,37.7,41.0,33.9,17.1,0.171,Tree cover,6.3,Assam,Dima Hasao,Haflong,Soil,2016,500–1000 m,0–10°,2000–2500 mm,0–10 m,2010s,2,1,3,1
11781,25.159367,92.202078,81.0,33.1,3895.0,24.9,47.4,27.7,43.5,30.9,16.9,0.169,Tree cover,1159.9,Meghalaya,West Jaintia Hills,Amlarem,Debris,2016,0–500 m,30–40°,3000–4000 mm,>1000 m,2010s,1,4,5,6
11800,25.163444,93.023167,550.0,20.88,2111.0,28.4,31.4,40.2,40.8,33.7,17.8,0.178,Tree cover,8.8,Assam,Dima Hasao,Haflong,Debris,2016,500–1000 m,20–30°,2000–2500 mm,0–10 m,2010s,2,3,3,1
11805,25.164006,92.387028,390.0,14.66,3603.0,29.5,40.7,29.8,42.0,34.2,15.5,0.155,Built-up,2.4,Meghalaya,East Jaintia Hills,Khliehriat,Debris,2022,0–500 m,10–20°,3000–4000 mm,0–10 m,2020s,1,2,5,1
11807,25.164133,92.417747,350.0,11.9,3403.0,30.3,39.5,30.2,41.0,32.3,17.2,0.172,Tree cover,22.0,Meghalaya,East Jaintia Hills,Khliehriat,Debris,2016,0–500 m,10–20°,3000–4000 mm,10–50 m,2010s,1,2,5,2
11813,25.165028,92.388056,410.0,35.35,3603.0,29.5,39.6,30.9,42.0,34.2,15.5,0.155,Tree cover,11.9,Meghalaya,East Jaintia Hills,Khliehriat,Rock,2016,0–500 m,30–40°,3000–4000 mm,10–50 m,2010s,1,4,5,2
11814,25.165222,92.388389,421.0,38.31,3603.0,29.5,39.6,30.9,42.0,34.2,15.5,0.155,Tree cover,7.9,Meghalaya,East Jaintia Hills,Khliehriat,Debris,2016,0–500 m,30–40°,3000–4000 mm,0–10 m,2010s,1,4,5,1
11843,25.175056,93.020417,567.0,23.43,2065.0,27.4,32.0,40.6,41.2,34.4,17.2,0.172,Tree cover,4.4,Assam,Dima Hasao,Haflong,Debris,2016,500–1000 m,20–30°,2000–2500 mm,0–10 m,2010s,2,3,3,1
11845,25.175972,93.020167,578.0,27.21,2065.0,31.3,30.6,38.1,41.2,34.4,17.2,0.172,Grassland,2.4,Assam,Dima Hasao,Haflong,Debris,2016,500–1000 m,20–30°,2000–2500 mm,0–10 m,2010s,2,3,3,1
11850,25.176917,93.026556,455.0,23.49,2011.0,33.1,29.6,37.2,41.2,34.4,17.2,0.172,Tree cover,556.6,Assam,Dima Hasao,Haflong,Soil,2014,0–500 m,20–30°,2000–2500 mm,500–1000 m,2010s,1,3,3,5
11852,25.177028,93.020889,568.0,11.05,2065.0,31.3,30.6,38.1,41.2,34.4,17.2,0.172,Built-up,50.4,Assam,Dima Hasao,Haflong,Soil,2016,500–1000 m,10–20°,2000–2500 mm,50–100 m,2010s,2,2,3,3
11858,25.179861,93.070778,486.0,10.02,2002.0,31.7,31.5,36.8,40.4,32.8,17.9,0.179,Built-up,451.5,Assam,Dima Hasao,Haflong,Debris,2016,0–500 m,10–20°,2000–2500 mm,100–500 m,2010s,1,2,3,4
11877,25.181969,91.637545,35.0,30.18,3544.0,27.1,44.9,28.0,42.7,32.9,15.1,0.151,Tree cover,79.4,Meghalaya,East Khasi Hills,Shella Bholaganj,Debris,2017,0–500 m,30–40°,3000–4000 mm,50–100 m,2010s,1,4,5,3
11884,25.18325,93.082083,468.0,12.89,1992.0,33.2,29.0,37.8,40.5,32.4,18.4,0.184,Built-up,12.7,Assam,Dima Hasao,Haflong,Debris,2014,0–500 m,10–20°,1500–2000 mm,10–50 m,2010s,1,2,2,2
11887,25.184381,92.029531,32.0,22.16,3834.0,27.0,45.9,27.1,43.9,33.2,17.1,0.171,Tree cover,47.0,Meghalaya,East Khasi Hills,Amlarem,Debris,2005,0–500 m,20–30°,3000–4000 mm,10–50 m,2000s,1,3,5,2
11888,25.184528,93.125639,628.0,18.92,2009.0,33.1,30.6,36.3,39.8,32.6,17.9,0.179,Tree cover,296.9,Assam,Dima Hasao,Haflong,Debris,2016,500–1000 m,10–20°,2000–2500 mm,100–500 m,2010s,2,2,3,4
11894,25.186,93.104,514.0,5.95,2008.0,34.3,28.6,37.1,40.9,32.6,17.3,0.173,Cropland,70.7,Assam,Dima Hasao,Haflong,Soil,2014,500–1000 m,0–10°,2000–2500 mm,50–100 m,2010s,2,1,3,3
11899,25.18725,93.120556,647.0,14.31,2047.0,32.6,31.0,36.4,40.6,32.4,18.6,0.186,Tree cover,337.0,Assam,Dima Hasao,Haflong,Debris,2016,500–1000 m,10–20°,2000–2500 mm,100–500 m,2010s,2,2,3,4
11907,25.188444,93.019667,509.0,28.28,2033.0,29.4,31.7,38.9,42.0,34.3,17.4,0.174,Tree cover,0.7,Assam,Dima Hasao,Haflong,Rock,2016,500–1000 m,20–30°,2000–2500 mm,0–10 m,2010s,2,3,3,1
11909,25.188578,94.139278,1280.0,31.51,1940.0,31.4,32.7,35.9,40.3,33.6,18.7,0.187,Tree cover,6061.4,Manipur,Senapati,Tadubi,Debris,2015,1000–1500 m,30–40°,1500–2000 mm,>1000 m,2010s,3,4,2,6
11926,25.191111,92.003389,170.0,9.91,3782.0,32.2,41.9,25.8,43.7,32.4,17.0,0.17,Tree cover,0.1,Meghalaya,East Khasi Hills,Pynursla,Debris,2016,0–500 m,0–10°,3000–4000 mm,0–10 m,2010s,1,1,5,1
11929,25.192422,92.37705,645.0,25.88,3921.0,28.3,38.9,32.8,44.7,34.9,16.9,0.169,Tree cover,14.8,Meghalaya,East Jaintia Hills,Khliehriat,Debris,2016,500–1000 m,20–30°,3000–4000 mm,10–50 m,2010s,2,3,5,2
11930,25.193083,93.120417,653.0,12.76,2027.0,34.3,29.7,36.0,39.7,32.3,17.7,0.177,Tree cover,54.3,Assam,Dima Hasao,Haflong,Soil,2016,500–1000 m,10–20°,2000–2500 mm,50–100 m,2010s,2,2,3,3
11932,25.196694,93.018583,441.0,30.24,2008.0,33.1,30.5,36.4,40.8,33.9,17.1,0.171,Tree cover,22.0,Assam,Dima Hasao,Haflong,Rock,2016,0–500 m,30–40°,2000–2500 mm,10–50 m,2010s,1,4,3,2
11935,25.197283,92.2225,564.0,11.61,4407.0,31.2,39.2,29.7,44.8,33.2,17.6,0.176,Tree cover,1790.5,Meghalaya,West Jaintia Hills,Amlarem,Debris,2016,500–1000 m,10–20°,>4000 mm,>1000 m,2010s,2,2,6,6
11934,25.197283,92.1991,613.0,24.64,4486.0,29.6,40.8,29.6,44.6,33.2,17.6,0.176,Tree cover,1027.4,Meghalaya,West Jaintia Hills,Amlarem,Debris,2016,500–1000 m,20–30°,>4000 mm,>1000 m,2010s,2,3,6,6
11940,25.199722,93.016722,413.0,32.22,2008.0,35.1,29.5,35.4,40.4,34.3,17.5,0.175,Tree cover,5.5,Assam,Dima Hasao,Haflong,Debris,2016,0–500 m,30–40°,2000–2500 mm,0–10 m,2010s,1,4,3,1
11943,25.200333,92.200472,632.0,27.67,4625.0,29.6,41.4,29.0,44.6,33.9,15.5,0.155,Tree cover,686.0,Meghalaya,West Jaintia Hills,Amlarem,Debris,2016,500–1000 m,20–30°,>4000 mm,500–1000 m,2010s,2,3,6,5
11947,25.201,93.122,600.0,17.32,2047.0,33.0,30.3,36.7,40.1,32.3,17.9,0.179,Grassland,239.4,Assam,Dima Hasao,Haflong,Soil,2014,500–1000 m,10–20°,2000–2500 mm,100–500 m,2010s,2,2,3,4
11951,25.202886,92.201147,644.0,18.35,4625.0,28.1,42.3,29.6,44.6,33.9,15.5,0.155,Tree cover,474.9,Meghalaya,West Jaintia Hills,Amlarem,Debris,2016,500–1000 m,10–20°,>4000 mm,100–500 m,2010s,2,2,6,4
11963,25.205528,93.020139,346.0,24.38,1987.0,31.5,30.5,38.0,40.4,34.3,17.5,0.175,Tree cover,3.7,Assam,Dima Hasao,Haflong,Rock,2016,0–500 m,20–30°,1500–2000 mm,0–10 m,2010s,1,3,2,1
11966,25.206,93.126,787.0,21.42,2136.0,31.4,30.8,37.8,40.1,32.3,17.9,0.179,Tree cover,255.0,Assam,Dima Hasao,Haflong,Soil,2014,500–1000 m,20–30°,2000–2500 mm,100–500 m,2010s,2,3,3,4
11975,25.206972,92.208028,681.0,12.51,4625.0,27.6,43.0,29.4,44.3,33.9,16.6,0.166,Tree cover,5.2,Meghalaya,West Jaintia Hills,Amlarem,Debris,2016,500–1000 m,10–20°,>4000 mm,0–10 m,2010s,2,2,6,1
11981,25.208,93.121,670.0,17.71,2047.0,30.0,31.2,38.9,40.5,32.6,18.4,0.184,Grassland,159.0,Assam,Dima Hasao,Haflong,Soil,2014,500–1000 m,10–20°,2000–2500 mm,100–500 m,2010s,2,2,3,4
11985,25.208593,91.742294,705.0,43.37,6730.0,28.0,42.6,29.4,45.2,34.7,18.5,0.185,Tree cover,11.1,Meghalaya,East Khasi Hills,Shella Bholaganj,Debris,2017,500–1000 m,40–50°,>4000 mm,10–50 m,2010s,2,5,6,2
11993,25.210222,90.632203,31.0,24.9,2545.0,28.3,42.0,29.7,39.6,33.1,15.9,0.159,Built-up,11.7,Meghalaya,South Garo Hills,Baghmara,Debris,2022,0–500 m,20–30°,2500–3000 mm,10–50 m,2020s,1,3,4,2
11996,25.211722,92.065389,610.0,29.22,5162.0,26.8,40.5,32.7,45.5,33.3,18.8,0.188,Tree cover,21.2,Meghalaya,West Jaintia Hills,Amlarem,Debris,2016,500–1000 m,20–30°,>4000 mm,10–50 m,2010s,2,3,6,2
11998,25.21225,92.047306,573.0,17.06,5059.0,27.9,40.3,31.8,45.5,33.0,18.2,0.182,Tree cover,6.2,Meghalaya,West Jaintia Hills,Amlarem,Debris,2016,500–1000 m,10–20°,>4000 mm,0–10 m,2010s,2,2,6,1
12003,25.214153,92.045428,588.0,19.02,5059.0,29.6,39.3,31.1,45.5,33.0,18.2,0.182,Tree cover,16.6,Meghalaya,West Jaintia Hills,Amlarem,Debris,2016,500–1000 m,10–20°,>4000 mm,10–50 m,2010s,2,2,6,2
12007,25.214944,93.021611,613.0,16.79,2043.0,30.6,33.5,35.9,41.4,34.1,16.9,0.169,Tree cover,2.6,Assam,Dima Hasao,Haflong,Debris,2016,500–1000 m,10–20°,2000–2500 mm,0–10 m,2010s,2,2,3,1
12012,25.216169,91.389142,138.0,21.1,3642.0,28.6,44.6,26.8,44.9,33.5,17.2,0.172,Tree cover,52.5,Meghalaya,East Khasi Hills,Mawsynram,Rock,2009,0–500 m,20–30°,3000–4000 mm,50–100 m,2000s,1,3,5,3
12017,25.216944,93.011361,475.0,27.77,1992.0,33.9,32.3,33.9,40.5,33.1,17.6,0.176,Tree cover,0.4,Assam,Dima Hasao,Haflong,Rock,2016,0–500 m,20–30°,1500–2000 mm,0–10 m,2010s,1,3,2,1
12020,25.218022,94.107603,1233.0,27.83,1928.0,32.3,30.6,37.1,40.7,34.0,19.5,0.195,Tree cover,9935.3,Manipur,Senapati,Tadubi,Debris,2015,1000–1500 m,20–30°,1500–2000 mm,>1000 m,2010s,3,3,2,6
12021,25.2185,93.013111,486.0,29.93,1992.0,33.8,32.7,33.5,40.5,33.1,17.6,0.176,Tree cover,1.3,Assam,Dima Hasao,Haflong,Debris,2016,0–500 m,20–30°,1500–2000 mm,0–10 m,2010s,1,3,2,1
12022,25.218732,91.740262,963.0,26.3,8134.0,28.5,39.9,31.6,46.1,34.8,17.7,0.177,Tree cover,41.6,Meghalaya,East Khasi Hills,Shella Bholaganj,Debris,2017,500–1000 m,20–30°,>4000 mm,10–50 m,2010s,2,3,6,2
12040,25.222221,91.742134,987.0,20.17,7458.0,29.1,40.0,30.8,46.1,34.8,17.7,0.177,Tree cover,17.7,Meghalaya,East Khasi Hills,Shella Bholaganj,Debris,2017,500–1000 m,20–30°,>4000 mm,10–50 m,2010s,2,3,6,2
12056,25.226751,91.754441,507.0,32.14,5249.0,30.9,41.1,28.0,45.3,33.2,17.6,0.176,Tree cover,10.0,Meghalaya,East Khasi Hills,Shella Bholaganj,Debris,2017,500–1000 m,30–40°,>4000 mm,0–10 m,2010s,2,4,6,1
12057,25.226806,92.090611,766.0,20.57,5414.0,30.7,40.2,29.1,44.4,33.6,18.7,0.187,Tree cover,7.8,Meghalaya,West Jaintia Hills,Amlarem,Debris,2015,500–1000 m,20–30°,>4000 mm,0–10 m,2010s,2,3,6,1
12068,25.229167,92.2235,457.0,28.0,4060.0,31.5,40.7,27.8,44.7,33.4,17.8,0.178,Tree cover,4.8,Meghalaya,West Jaintia Hills,Khliehriat,Debris,2016,0–500 m,20–30°,>4000 mm,0–10 m,2010s,1,3,6,1
12072,25.229972,92.223278,409.0,29.56,4060.0,31.6,40.2,28.2,44.7,33.4,17.8,0.178,Tree cover,5.6,Meghalaya,West Jaintia Hills,Khliehriat,Debris,2016,0–500 m,20–30°,>4000 mm,0–10 m,2010s,1,3,6,1
12074,25.23,93.29,950.0,28.34,2648.0,32.0,36.6,31.3,39.7,32.5,18.2,0.182,Tree cover,2545.2,Assam,Dima Hasao,Haflong,Debris,2018,500–1000 m,20–30°,2500–3000 mm,>1000 m,2010s,2,3,4,6
12077,25.231383,92.2215,397.0,22.7,4060.0,30.5,40.4,29.1,44.9,34.5,16.6,0.166,Tree cover,8.9,Meghalaya,West Jaintia Hills,Khliehriat,Debris,2016,0–500 m,20–30°,>4000 mm,0–10 m,2010s,1,3,6,1
12081,25.233583,92.209583,662.0,19.88,4614.0,30.2,40.4,29.5,44.1,34.1,16.6,0.166,Tree cover,13.7,Meghalaya,West Jaintia Hills,Khliehriat,Debris,2015,500–1000 m,10–20°,>4000 mm,10–50 m,2010s,2,2,6,2
12084,25.234922,92.095531,790.0,15.2,5385.0,29.1,40.7,30.3,44.7,34.3,17.6,0.176,Grassland,8.3,Meghalaya,West Jaintia Hills,Amlarem,Debris,2015,500–1000 m,10–20°,>4000 mm,0–10 m,2010s,2,2,6,1
12094,25.2375,94.113889,1009.0,39.01,1944.0,31.4,31.3,37.3,40.2,32.7,19.7,0.197,Tree cover,9264.7,Manipur,Senapati,Tadubi,Rock,2015,1000–1500 m,30–40°,1500–2000 mm,>1000 m,2010s,3,4,2,6
12096,25.238611,94.009189,1101.0,5.77,2011.0,35.1,28.8,36.2,40.5,33.5,19.4,0.194,Cropland,58.9,Manipur,Senapati,Champhai,Debris,2015,1000–1500 m,0–10°,2000–2500 mm,50–100 m,2010s,3,1,3,3
12097,25.238806,93.032194,561.0,20.77,1977.0,33.0,32.4,34.6,42.3,31.5,18.1,0.181,Tree cover,2.7,Assam,Dima Hasao,Haflong,Rock,2016,500–1000 m,20–30°,1500–2000 mm,0–10 m,2010s,2,3,2,1
12100,25.23925,93.031528,552.0,19.34,1977.0,33.0,32.4,34.6,42.3,31.5,18.1,0.181,Tree cover,59.6,Assam,Dima Hasao,Haflong,Soil,2016,500–1000 m,10–20°,1500–2000 mm,50–100 m,2010s,2,2,2,3
12106,25.240539,94.114492,1011.0,29.65,1944.0,30.6,30.3,39.1,40.2,32.7,19.7,0.197,Tree cover,9171.2,Manipur,Senapati,Tadubi,Debris,2015,1000–1500 m,20–30°,1500–2000 mm,>1000 m,2010s,3,3,2,6
12108,25.242,93.14,652.0,10.4,1961.0,32.6,29.4,37.9,39.7,31.9,18.0,0.18,Tree cover,309.7,Assam,Dima Hasao,Haflong,Soil,2014,500–1000 m,10–20°,1500–2000 mm,100–500 m,2010s,2,2,2,4
12110,25.243358,91.747094,1107.0,33.83,8673.0,32.2,35.9,31.9,45.3,33.2,18.6,0.186,Grassland,374.0,Meghalaya,East Khasi Hills,Shella Bholaganj,Rock,2017,1000–1500 m,30–40°,>4000 mm,100–500 m,2010s,3,4,6,4
12114,25.245972,93.028278,600.0,20.18,2041.0,29.3,31.4,39.3,41.8,30.5,17.9,0.179,Tree cover,0.2,Assam,Dima Hasao,Haflong,Rock,2016,500–1000 m,20–30°,2000–2500 mm,0–10 m,2010s,2,3,3,1
12126,25.257919,94.091564,1001.0,23.56,1921.0,31.0,30.2,38.8,41.0,33.3,19.4,0.194,Grassland,6288.2,Manipur,Senapati,Tadubi,Debris,2015,1000–1500 m,20–30°,1500–2000 mm,>1000 m,2010s,3,3,2,6
12127,25.258603,92.38555,830.0,13.72,3843.0,32.6,39.5,27.8,42.4,31.4,17.8,0.178,Built-up,14.8,Meghalaya,East Jaintia Hills,Khliehriat,Debris,2016,500–1000 m,10–20°,3000–4000 mm,10–50 m,2010s,2,2,5,2
12133,25.261117,92.385231,838.0,20.41,3843.0,32.2,38.4,29.4,42.5,31.4,17.6,0.176,Tree cover,15.7,Meghalaya,East Jaintia Hills,Khliehriat,Debris,2016,500–1000 m,20–30°,3000–4000 mm,10–50 m,2010s,2,3,5,2
12134,25.261617,94.079422,1181.0,39.34,1875.0,31.1,28.6,40.2,40.5,32.6,19.3,0.193,Grassland,4998.8,Manipur,Senapati,Tadubi,Debris,2015,1000–1500 m,30–40°,1500–2000 mm,>1000 m,2010s,3,4,2,6
12136,25.2625,92.384639,848.0,23.49,3843.0,32.2,38.4,29.4,42.5,31.4,17.6,0.176,Grassland,4.0,Meghalaya,East Jaintia Hills,Khliehriat,Debris,2016,500–1000 m,20–30°,3000–4000 mm,0–10 m,2010s,2,3,5,1
12150,25.265578,94.064836,1352.0,28.55,1912.0,30.1,28.8,41.0,40.4,34.1,18.5,0.185,Grassland,3470.8,Manipur,Senapati,Tadubi,Debris,2015,1000–1500 m,20–30°,1500–2000 mm,>1000 m,2010s,3,3,2,6
12158,25.268942,94.044694,1300.0,31.69,1935.0,32.5,27.5,40.1,40.9,33.0,19.2,0.192,Grassland,1467.3,Manipur,Senapati,Tadubi,Debris,2015,1000–1500 m,30–40°,1500–2000 mm,>1000 m,2010s,3,4,2,6
12168,25.274,92.373944,865.0,12.1,3924.0,31.6,36.9,31.5,42.9,32.2,17.1,0.171,Tree cover,386.7,Meghalaya,East Jaintia Hills,Khliehriat,Debris,2016,500–1000 m,10–20°,3000–4000 mm,100–500 m,2010s,2,2,5,4
12169,25.274806,93.145556,474.0,21.3,1867.0,34.9,29.1,35.9,39.7,30.9,17.6,0.176,Tree cover,4.6,Assam,Dima Hasao,Haflong,Rock,2016,0–500 m,20–30°,1500–2000 mm,0–10 m,2010s,1,3,2,1
12178,25.279389,94.032194,1044.0,29.17,1979.0,35.3,29.4,35.2,41.2,33.8,19.1,0.191,Built-up,3.1,Manipur,Senapati,Tadubi,Debris,2015,1000–1500 m,20–30°,1500–2000 mm,0–10 m,2010s,3,3,2,1
12179,25.280528,92.380042,908.0,20.36,3864.0,30.9,37.6,31.5,42.7,31.5,17.3,0.173,Grassland,35.9,Meghalaya,East Jaintia Hills,Khliehriat,Debris,2014,500–1000 m,20–30°,3000–4000 mm,10–50 m,2010s,2,3,5,2
12180,25.281122,92.345397,855.0,35.35,3982.0,28.3,38.5,33.1,43.3,34.9,17.4,0.174,Grassland,2566.8,Meghalaya,East Jaintia Hills,Khliehriat,Debris,2016,500–1000 m,30–40°,3000–4000 mm,>1000 m,2010s,2,4,5,6
12181,25.282267,92.341433,944.0,20.93,4052.0,31.0,38.2,30.8,43.3,34.9,17.4,0.174,Grassland,2158.2,Meghalaya,East Jaintia Hills,Khliehriat,Debris,2016,500–1000 m,20–30°,>4000 mm,>1000 m,2010s,2,3,6,6
12187,25.286369,94.036492,1040.0,32.69,1938.0,37.0,29.0,34.0,41.2,33.8,19.1,0.191,Built-up,13.6,Manipur,Senapati,Tadubi,Debris,2015,1000–1500 m,30–40°,1500–2000 mm,10–50 m,2010s,3,4,2,2
12214,25.296,91.932,1098.0,30.45,6765.0,31.1,34.4,34.5,46.1,34.7,19.9,0.199,Tree cover,44.8,Meghalaya,East Khasi Hills,Pynursla,Rock,2022,1000–1500 m,30–40°,>4000 mm,10–50 m,2020s,3,4,6,2
12216,25.297628,92.387525,912.0,23.92,3780.0,27.8,39.0,33.2,42.0,34.9,18.0,0.18,Built-up,10.2,Meghalaya,East Jaintia Hills,Khliehriat,Debris,2016,500–1000 m,20–30°,3000–4000 mm,10–50 m,2010s,2,3,5,2
12217,25.297797,94.044722,1149.0,38.11,1890.0,35.2,28.1,36.7,40.0,33.3,17.8,0.178,Grassland,241.6,Manipur,Senapati,Tadubi,Debris,2015,1000–1500 m,30–40°,1500–2000 mm,100–500 m,2010s,3,4,2,4
12232,25.304917,94.011444,1372.0,29.36,1925.0,33.5,25.7,40.8,40.8,33.6,18.8,0.188,Grassland,290.0,Manipur,Senapati,Tadubi,Rock,2015,1000–1500 m,20–30°,1500–2000 mm,100–500 m,2010s,3,3,2,4
12259,25.318206,94.091428,1200.0,31.28,1771.0,32.3,29.7,38.0,40.6,33.0,19.7,0.197,Tree cover,3894.5,Manipur,Senapati,Tadubi,Debris,2015,1000–1500 m,30–40°,1500–2000 mm,>1000 m,2010s,3,4,2,6
12261,25.318628,94.092053,1201.0,30.07,1770.0,32.3,29.7,38.0,40.6,33.0,19.7,0.197,Grassland,3939.5,Manipur,Senapati,Tadubi,Debris,2015,1000–1500 m,30–40°,1500–2000 mm,>1000 m,2010s,3,4,2,6
12298,25.332489,94.080258,1081.0,33.82,1828.0,32.2,28.8,39.0,40.8,33.6,20.3,0.203,Tree cover,2204.5,Manipur,Senapati,Tadubi,Debris,2014,1000–1500 m,30–40°,1500–2000 mm,>1000 m,2010s,3,4,2,6
12305,25.337428,94.184525,1678.0,36.64,1954.0,33.7,30.1,36.2,40.0,33.5,19.5,0.195,Tree cover,6834.5,Manipur,Senapati,Purul,Debris,2014,1500–2000 m,30–40°,1500–2000 mm,>1000 m,2010s,4,4,2,6
12308,25.338556,94.158806,1530.0,24.1,1853.0,32.5,31.4,36.0,39.8,31.6,19.1,0.191,Tree cover,8627.2,Manipur,Senapati,Purul,Debris,2015,1500–2000 m,20–30°,1500–2000 mm,>1000 m,2010s,4,3,2,6
12312,25.339872,94.168736,1665.0,40.64,1924.0,37.1,30.5,32.5,40.6,33.3,19.4,0.194,Tree cover,8124.5,Manipur,Senapati,Purul,Debris,2015,1500–2000 m,40–50°,1500–2000 mm,>1000 m,2010s,4,5,2,6
12313,25.340433,94.166631,1648.0,32.86,1853.0,35.1,30.9,33.9,40.6,33.3,19.4,0.194,Grassland,8294.8,Manipur,Senapati,Purul,Debris,2015,1500–2000 m,30–40°,1500–2000 mm,>1000 m,2010s,4,4,2,6
12314,25.340833,94.160528,1514.0,31.91,1853.0,32.0,32.7,35.3,39.8,31.6,19.1,0.191,Tree cover,8611.2,Manipur,Senapati,Purul,Debris,2015,1500–2000 m,30–40°,1500–2000 mm,>1000 m,2010s,4,4,2,6
12323,25.344389,94.199722,1745.0,20.96,1929.0,36.7,31.0,32.3,41.0,34.3,19.2,0.192,Tree cover,5126.0,Manipur,Senapati,Purul,Debris,2014,1500–2000 m,20–30°,1500–2000 mm,>1000 m,2010s,4,3,2,6
12339,25.350061,94.220711,1716.0,29.19,1911.0,35.0,31.4,33.6,40.6,33.3,19.3,0.193,Tree cover,3062.9,Manipur,Senapati,Purul,Debris,2015,1500–2000 m,20–30°,1500–2000 mm,>1000 m,2010s,4,3,2,6
12341,25.350764,94.222161,1702.0,17.64,1911.0,34.0,31.3,34.7,40.4,33.6,19.2,0.192,Tree cover,2903.6,Manipur,Senapati,Purul,Debris,2015,1500–2000 m,10–20°,1500–2000 mm,>1000 m,2010s,4,2,2,6
12344,25.351311,94.222514,1707.0,20.6,1911.0,34.0,31.3,34.7,40.4,33.6,19.2,0.192,Tree cover,2835.6,Manipur,Senapati,Purul,Debris,2015,1500–2000 m,20–30°,1500–2000 mm,>1000 m,2010s,4,3,2,6
12358,25.358611,91.972083,1167.0,20.14,5944.0,30.3,37.7,32.0,44.5,34.8,18.8,0.188,Built-up,20.3,Meghalaya,East Khasi Hills,Mawkynrew,Debris,2022,1000–1500 m,20–30°,>4000 mm,10–50 m,2020s,3,3,6,2
12363,25.359281,91.035939,538.0,13.01,4695.0,26.3,41.0,32.7,44.4,33.4,17.2,0.172,Tree cover,8284.1,Meghalaya,West Khasi Hills,Nongstoin,Debris,2017,500–1000 m,10–20°,>4000 mm,>1000 m,2010s,2,2,6,6
12374,25.361033,91.647008,1460.0,23.84,6597.0,37.4,31.5,31.2,45.5,34.9,19.9,0.199,Tree cover,1593.0,Meghalaya,South Garo Hills,Mawsynram,Debris,2022,1000–1500 m,20–30°,>4000 mm,>1000 m,2020s,3,3,6,6
12375,25.361056,91.034889,534.0,21.27,4695.0,26.3,40.1,33.7,44.3,33.2,17.4,0.174,Tree cover,8154.8,Meghalaya,West Khasi Hills,Nongstoin,Debris,2017,500–1000 m,20–30°,>4000 mm,>1000 m,2010s,2,3,6,6
12379,25.363278,94.228389,1678.0,14.67,1922.0,35.6,30.6,33.8,40.2,34.1,20.0,0.2,Tree cover,1581.3,Manipur,Senapati,Purul,Debris,2015,1500–2000 m,10–20°,1500–2000 mm,>1000 m,2010s,4,2,2,6
12396,25.379878,94.214606,1698.0,13.57,1918.0,35.5,30.0,34.5,39.7,35.1,20.2,0.202,Tree cover,3078.5,Manipur,Senapati,Purul,Debris,2015,1500–2000 m,10–20°,1500–2000 mm,>1000 m,2010s,4,2,2,6
12399,25.381633,90.060339,80.0,19.17,2579.0,28.2,37.2,34.6,38.6,31.9,15.7,0.157,Tree cover,49.8,Meghalaya,West Garo Hills,Gambegre,Debris,2022,0–500 m,10–20°,2500–3000 mm,10–50 m,2020s,1,2,4,2
12401,25.382563,91.757675,1747.0,30.12,4526.0,33.5,32.6,34.0,45.9,35.3,20.2,0.202,Tree cover,2.3,Meghalaya,East Khasi Hills,Khatarshnong Laitkroh,Debris,2015,1500–2000 m,30–40°,>4000 mm,0–10 m,2010s,4,4,6,1
12433,25.396111,91.991944,1437.0,23.85,5148.0,29.6,34.9,35.5,45.2,35.0,17.8,0.178,Tree cover,1.1,Meghalaya,East Khasi Hills,Mawkynrew,Debris,2022,1000–1500 m,20–30°,>4000 mm,0–10 m,2020s,3,3,6,1
12496,25.417778,94.077222,1524.0,38.41,1926.0,34.6,29.7,35.7,40.5,33.3,19.4,0.194,Built-up,2.6,Manipur,Senapati,Tadubi,Debris,2015,1500–2000 m,30–40°,1500–2000 mm,0–10 m,2010s,4,4,2,1
12506,25.421028,94.070472,1441.0,29.64,1809.0,32.3,30.7,37.1,40.5,33.3,19.4,0.194,Tree cover,79.4,Manipur,Senapati,Tadubi,Debris,2014,1000–1500 m,20–30°,1500–2000 mm,50–100 m,2010s,3,3,2,3
12507,25.421111,94.077,1500.0,32.07,1926.0,32.5,30.7,36.8,40.5,33.3,19.4,0.194,Built-up,8.8,Manipur,Senapati,Tadubi,Debris,2015,1000–1500 m,30–40°,1500–2000 mm,0–10 m,2010s,3,4,2,1
12510,25.421656,94.071,1490.0,33.22,1809.0,32.3,30.7,37.1,40.5,33.3,19.4,0.194,Built-up,2.5,Manipur,Senapati,Tadubi,Debris,2015,1000–1500 m,30–40°,1500–2000 mm,0–10 m,2010s,3,4,2,1
12518,25.424,93.0,244.0,25.28,1753.0,32.1,32.0,35.9,40.8,32.7,17.2,0.172,Tree cover,66.8,Assam,Dima Hasao,Haflong,Soil,2014,0–500 m,20–30°,1500–2000 mm,50–100 m,2010s,1,3,2,3
12525,25.427231,94.048914,1446.0,37.12,1873.0,33.1,31.0,35.9,40.2,33.5,18.8,0.188,Built-up,1.3,Manipur,Senapati,Tadubi,Debris,2015,1000–1500 m,30–40°,1500–2000 mm,0–10 m,2010s,3,4,2,1
12527,25.428889,94.043861,1456.0,39.84,1873.0,32.4,29.5,38.1,41.3,33.5,19.3,0.193,Built-up,5.5,Manipur,Senapati,Tadubi,Debris,2014,1000–1500 m,30–40°,1500–2000 mm,0–10 m,2010s,3,4,2,1
12536,25.433231,94.070986,1416.0,37.91,1881.0,35.5,29.2,35.2,40.6,34.2,18.2,0.182,Tree cover,33.0,Manipur,Senapati,Tadubi,Debris,2014,1000–1500 m,30–40°,1500–2000 mm,10–50 m,2010s,3,4,2,2
12540,25.435056,92.198361,1345.0,16.31,3474.0,30.0,37.3,32.7,41.9,35.0,17.1,0.171,Built-up,327.6,Meghalaya,West Jaintia Hills,Thadlaskein,Debris,2020,1000–1500 m,10–20°,3000–4000 mm,100–500 m,2020s,3,2,5,4
12541,25.4351,94.071111,1386.0,15.0,1883.0,34.7,30.3,35.0,40.6,34.2,18.2,0.182,Built-up,9.2,Manipur,Senapati,Tadubi,Debris,2014,1000–1500 m,10–20°,1500–2000 mm,0–10 m,2010s,3,2,2,1
12543,25.435444,94.061928,1436.0,14.95,1896.0,34.1,31.0,34.9,40.3,36.1,20.1,0.201,Built-up,1.3,Manipur,Senapati,Tadubi,Debris,2014,1000–1500 m,10–20°,1500–2000 mm,0–10 m,2010s,3,2,2,1
12547,25.436306,92.19525,1352.0,17.11,3474.0,30.5,36.7,32.9,41.3,34.7,17.9,0.179,Built-up,201.1,Meghalaya,West Jaintia Hills,Thadlaskein,Soil,2020,1000–1500 m,10–20°,3000–4000 mm,100–500 m,2020s,3,2,5,4
12565,25.439367,94.025864,1406.0,15.07,1864.0,34.5,27.6,38.0,40.3,34.2,19.0,0.19,Tree cover,312.4,Manipur,Senapati,Tadubi,Debris,2015,1000–1500 m,10–20°,1500–2000 mm,100–500 m,2010s,3,2,2,4
12570,25.440961,94.046264,1450.0,51.27,1846.0,33.2,29.0,37.8,41.0,35.0,19.6,0.196,Bare / sparse vegetation,5.9,Manipur,Senapati,Tadubi,Debris,2011,1000–1500 m,>50°,1500–2000 mm,0–10 m,2010s,3,6,2,1
12574,25.441778,92.195583,1333.0,12.05,3431.0,32.0,35.3,32.8,41.3,34.8,18.1,0.181,Built-up,101.0,Meghalaya,West Jaintia Hills,Thadlaskein,Debris,2020,1000–1500 m,10–20°,3000–4000 mm,100–500 m,2020s,3,2,5,4
12588,25.444333,94.006631,1674.0,35.8,1964.0,35.4,28.4,36.2,40.4,34.8,20.1,0.201,Built-up,2.4,Manipur,Senapati,Tadubi,Debris,2015,1500–2000 m,30–40°,1500–2000 mm,0–10 m,2010s,4,4,2,1
12592,25.446611,94.049511,1381.0,34.41,1787.0,33.8,29.1,37.1,41.0,35.0,19.6,0.196,Tree cover,8.8,Manipur,Senapati,Tadubi,Debris,2012,1000–1500 m,30–40°,1500–2000 mm,0–10 m,2010s,3,4,2,1
12594,25.447161,91.590678,1631.0,21.34,5400.0,35.4,32.6,32.0,45.8,35.3,21.0,0.21,Tree cover,1161.5,Meghalaya,East Khasi Hills,Mawphlang,Debris,2022,1500–2000 m,20–30°,>4000 mm,>1000 m,2020s,4,3,6,6
12596,25.447417,92.201389,1361.0,21.91,3436.0,30.5,36.3,33.2,41.3,34.8,18.1,0.181,Built-up,390.3,Meghalaya,West Jaintia Hills,Thadlaskein,Soil,2020,1000–1500 m,20–30°,3000–4000 mm,100–500 m,2020s,3,3,5,4
12597,25.447436,91.591039,1622.0,20.4,5400.0,35.4,32.6,32.0,45.8,35.3,21.0,0.21,Tree cover,1133.1,Meghalaya,East Khasi Hills,Mawphlang,Debris,2022,1500–2000 m,20–30°,>4000 mm,>1000 m,2020s,4,3,6,6
12600,25.44835,91.591503,1642.0,19.68,5400.0,35.4,32.6,32.0,45.8,35.3,21.0,0.21,Grassland,1116.6,Meghalaya,East Khasi Hills,Mawphlang,Debris,2022,1500–2000 m,10–20°,>4000 mm,>1000 m,2020s,4,2,6,6
12608,25.450628,91.817767,1781.0,29.27,3430.0,32.0,34.8,33.2,42.0,34.6,19.6,0.196,Grassland,35.7,Meghalaya,East Khasi Hills,Khatarshnong Laitkroh,Debris,2015,1500–2000 m,20–30°,3000–4000 mm,10–50 m,2010s,4,3,5,2
12610,25.45075,92.194528,1356.0,17.37,3494.0,30.4,35.9,33.6,41.2,34.5,17.9,0.179,Built-up,197.9,Meghalaya,West Jaintia Hills,Thadlaskein,Debris,2020,1000–1500 m,10–20°,3000–4000 mm,100–500 m,2020s,3,2,5,4
12615,25.452417,94.018919,1547.0,37.81,1932.0,34.8,30.6,34.5,40.4,35.4,19.8,0.198,Built-up,0.0,Manipur,Senapati,Tadubi,Debris,2015,1500–2000 m,30–40°,1500–2000 mm,0–10 m,2010s,4,4,2,1
12627,25.459031,90.708133,187.0,22.55,3263.0,28.4,37.4,34.3,41.0,35.1,16.8,0.168,Tree cover,247.7,Meghalaya,South Garo Hills,Baghmara,Debris,2022,0–500 m,20–30°,3000–4000 mm,100–500 m,2020s,1,3,5,4
12628,25.459397,90.708603,181.0,23.33,3134.0,28.4,37.4,34.3,41.0,35.1,16.8,0.168,Tree cover,283.8,Meghalaya,South Garo Hills,Baghmara,Debris,2022,0–500 m,20–30°,3000–4000 mm,100–500 m,2020s,1,3,5,4
12677,25.5,94.389,1784.0,21.06,1889.0,29.0,31.2,39.8,40.6,34.5,18.6,0.186,Tree cover,570.1,Manipur,Senapati,Paomata,Debris,2012,1500–2000 m,20–30°,1500–2000 mm,500–1000 m,2010s,4,3,2,5
12691,25.50669,93.10536,201.0,3.87,1569.0,32.3,31.3,36.4,38.6,30.8,16.7,0.167,Tree cover,17.6,Assam,Dima Hasao,Haflong,Debris,2015,0–500 m,0–10°,1500–2000 mm,10–50 m,2010s,1,1,2,2
12694,25.507586,91.708236,1776.0,12.96,3825.0,32.7,32.4,34.9,43.1,35.0,20.1,0.201,Grassland,446.3,Meghalaya,East Khasi Hills,Sohiong,Debris,2016,1500–2000 m,10–20°,3000–4000 mm,100–500 m,2010s,4,2,5,4
12699,25.509233,91.703961,1771.0,11.78,3691.0,32.9,31.7,35.3,42.8,35.0,20.1,0.201,Grassland,358.4,Meghalaya,East Khasi Hills,Sohiong,Debris,2016,1500–2000 m,10–20°,3000–4000 mm,100–500 m,2010s,4,2,5,4
12704,25.51,93.71,1174.0,24.27,2150.0,34.8,30.3,34.9,41.2,32.2,18.1,0.181,Tree cover,263.9,Nagaland,Peren,Peren,Debris,2019,1000–1500 m,20–30°,2000–2500 mm,100–500 m,2010s,3,3,3,4
12706,25.51,93.72,1202.0,18.96,2143.0,30.1,31.2,38.7,40.4,31.9,18.9,0.189,Tree cover,369.9,Nagaland,Peren,Peren,Debris,2019,1000–1500 m,10–20°,2000–2500 mm,100–500 m,2010s,3,2,3,4
12712,25.51,93.68,1198.0,22.93,2177.0,33.2,31.1,35.8,39.9,32.1,19.4,0.194,Tree cover,90.6,Nagaland,Peren,Peren,Soil,2019,1000–1500 m,20–30°,2000–2500 mm,50–100 m,2010s,3,3,3,3
12702,25.51,93.7,1197.0,38.21,2136.0,35.6,30.1,34.3,41.1,31.7,18.2,0.182,Tree cover,202.9,Nagaland,Peren,Peren,Debris,2018,1000–1500 m,30–40°,2000–2500 mm,100–500 m,2010s,3,4,3,4
12701,25.51,90.21,267.0,21.89,3521.0,26.2,42.5,31.3,42.4,34.0,15.9,0.159,Tree cover,177.8,Meghalaya,West Garo Hills,Rongram,Rock,2019,0–500 m,20–30°,3000–4000 mm,100–500 m,2010s,1,3,5,4
12715,25.510461,91.703128,1782.0,17.43,3691.0,32.6,32.0,35.4,42.8,35.0,20.1,0.201,Grassland,237.9,Meghalaya,East Khasi Hills,Sohiong,Debris,2021,1500–2000 m,10–20°,3000–4000 mm,100–500 m,2020s,4,2,5,4
12719,25.514,94.137,1738.0,9.21,1924.0,31.3,30.7,38.0,40.4,34.9,17.6,0.176,Built-up,22.5,Manipur,Senapati,Song Song,Debris,2002,1500–2000 m,0–10°,1500–2000 mm,10–50 m,2000s,4,1,2,2
12723,25.517,93.957,1804.0,44.88,1975.0,33.5,28.1,38.4,40.5,33.1,20.8,0.208,Grassland,67.2,Manipur,Senapati,Willong,Debris,2010,1500–2000 m,40–50°,1500–2000 mm,50–100 m,2010s,4,5,2,3
12727,25.52,93.73,1282.0,21.2,2139.0,32.6,30.1,37.3,40.7,32.1,19.2,0.192,Tree cover,244.4,Nagaland,Peren,Peren,Rock,2019,1000–1500 m,20–30°,2000–2500 mm,100–500 m,2010s,3,3,3,4
12728,25.52,93.72,1355.0,15.44,2152.0,30.7,32.0,37.3,40.5,31.9,19.1,0.191,Tree cover,221.9,Nagaland,Peren,Peren,Rock,2019,1000–1500 m,10–20°,2000–2500 mm,100–500 m,2010s,3,2,3,4
12730,25.520356,91.537764,1585.0,25.95,5416.0,35.4,32.7,31.9,44.1,34.9,19.6,0.196,Grassland,23.8,Meghalaya,West Khasi Hills,Mawthadraishan,Debris,2016,1500–2000 m,20–30°,>4000 mm,10–50 m,2010s,4,3,6,2
12732,25.521,93.964,1735.0,41.74,1973.0,34.8,25.8,39.3,40.0,35.0,19.2,0.192,Tree cover,19.1,Manipur,Senapati,Willong,Rock,2015,1500–2000 m,40–50°,1500–2000 mm,10–50 m,2010s,4,5,2,2
12740,25.523,93.955,1753.0,34.3,1975.0,34.7,27.0,38.3,41.2,35.1,20.1,0.201,Tree cover,77.9,Manipur,Senapati,Willong,Debris,2010,1500–2000 m,30–40°,1500–2000 mm,50–100 m,2010s,4,4,2,3
12742,25.523,91.521389,1576.0,18.88,5435.0,33.2,31.5,35.4,45.4,35.2,20.1,0.201,Built-up,3.0,Meghalaya,West Khasi Hills,Mawthadraishan,Debris,2016,1500–2000 m,10–20°,>4000 mm,0–10 m,2010s,4,2,6,1
12737,25.523,93.873,1615.0,39.23,1987.0,35.7,28.6,35.6,41.7,33.1,20.3,0.203,Tree cover,31.6,Manipur,Senapati,Willong,Rock,2015,1500–2000 m,30–40°,1500–2000 mm,10–50 m,2010s,4,4,2,2
12744,25.524931,91.514383,1590.0,25.98,5526.0,33.5,33.2,33.3,45.3,35.1,20.4,0.204,Grassland,25.2,Meghalaya,West Khasi Hills,Mawthadraishan,Debris,2016,1500–2000 m,20–30°,>4000 mm,10–50 m,2010s,4,3,6,2
12752,25.528,93.871,1570.0,37.52,2009.0,34.3,29.3,36.3,41.7,33.1,20.3,0.203,Grassland,50.3,Manipur,Senapati,Willong,Rock,2010,1500–2000 m,30–40°,2000–2500 mm,50–100 m,2010s,4,4,3,3
12755,25.529,93.952,1691.0,23.78,1975.0,35.1,25.9,39.0,41.3,32.6,20.1,0.201,Tree cover,20.3,Manipur,Senapati,Willong,Debris,2015,1500–2000 m,20–30°,1500–2000 mm,10–50 m,2010s,4,3,2,2
12756,25.529,93.87,1597.0,38.31,2009.0,35.5,29.2,35.3,41.7,33.1,20.3,0.203,Grassland,3.6,Manipur,Senapati,Willong,Rock,2010,1500–2000 m,30–40°,2000–2500 mm,0–10 m,2010s,4,4,3,1
12757,25.529014,91.261886,1360.0,20.9,7351.0,34.8,36.0,29.2,43.4,34.4,19.1,0.191,Tree cover,116.7,Meghalaya,West Khasi Hills,Nongstoin,Debris,2023,1000–1500 m,20–30°,>4000 mm,100–500 m,2020s,3,3,6,4
12760,25.53,89.98,64.0,4.98,2612.0,28.3,37.8,33.9,38.2,32.6,16.2,0.162,Tree cover,75.8,Meghalaya,West Garo Hills,Rerapara,Debris,2019,0–500 m,0–10°,2500–3000 mm,50–100 m,2010s,1,1,4,3
12769,25.531,93.762,787.0,24.55,1941.0,35.6,26.2,38.2,39.4,31.1,19.1,0.191,Built-up,6.7,Nagaland,Peren,Peren,Debris,2015,500–1000 m,20–30°,1500–2000 mm,0–10 m,2010s,2,3,2,1
12771,25.532,93.927,1811.0,22.09,1986.0,34.7,28.3,37.1,41.6,34.4,19.8,0.198,Tree cover,101.4,Manipur,Senapati,Willong,Debris,2010,1500–2000 m,20–30°,1500–2000 mm,100–500 m,2010s,4,3,2,4
12777,25.53633,94.23894,1698.0,18.32,1884.0,31.0,31.9,37.1,40.2,33.2,19.1,0.191,Grassland,443.6,Nagaland,Phek,Zuketsa,Debris,2011,1500–2000 m,10–20°,1500–2000 mm,100–500 m,2010s,4,2,2,4
12783,25.537972,91.602361,1613.0,27.29,4822.0,35.9,33.1,31.0,45.0,34.6,19.3,0.193,Grassland,14.5,Meghalaya,West Khasi Hills,Mairang,Debris,2016,1500–2000 m,20–30°,>4000 mm,10–50 m,2010s,4,3,6,2
12795,25.542744,91.662067,1747.0,28.58,3902.0,34.3,34.2,31.5,45.0,35.0,19.5,0.195,Grassland,24.3,Meghalaya,East Khasi Hills,Mairang,Rock,2016,1500–2000 m,20–30°,3000–4000 mm,10–50 m,2010s,4,3,5,2
12797,25.543,94.357,1658.0,22.24,1904.0,30.2,31.5,38.3,40.8,35.0,17.7,0.177,Tree cover,3083.7,Nagaland,Phek,Razieba,Debris,2010,1500–2000 m,20–30°,1500–2000 mm,>1000 m,2010s,4,3,2,6
12813,25.546,94.27,1646.0,27.37,1886.0,34.0,29.5,36.5,40.5,32.6,19.4,0.194,Tree cover,2435.6,Nagaland,Phek,Pfutsero,Debris,2014,1500–2000 m,20–30°,1500–2000 mm,>1000 m,2010s,4,3,2,6
12817,25.548,94.188,1214.0,29.98,1762.0,32.2,25.8,42.0,40.6,33.2,18.8,0.188,Grassland,36.2,Nagaland,Kohima,Kezocha,Debris,2014,1000–1500 m,20–30°,1500–2000 mm,10–50 m,2010s,3,3,2,2
12818,25.548089,91.647706,1708.0,7.02,3968.0,34.4,33.7,31.9,44.3,34.6,20.7,0.207,Grassland,15.0,Meghalaya,West Khasi Hills,Mairang,Debris,2016,1500–2000 m,0–10°,3000–4000 mm,10–50 m,2010s,4,1,5,2
12826,25.549789,91.645033,1695.0,21.17,3968.0,34.4,33.1,32.5,44.3,34.6,20.7,0.207,Tree cover,38.2,Meghalaya,West Khasi Hills,Mairang,Debris,2016,1500–2000 m,20–30°,3000–4000 mm,10–50 m,2010s,4,3,5,2
12829,25.55,90.33,743.0,6.18,5528.0,28.7,37.5,33.8,46.0,33.5,18.4,0.184,Tree cover,59.5,Meghalaya,West Garo Hills,Rongram,Debris,2019,500–1000 m,0–10°,>4000 mm,50–100 m,2010s,2,1,6,3
12831,25.5502,91.618106,1650.0,25.46,4311.0,35.3,33.7,31.0,44.6,34.8,19.8,0.198,Grassland,46.5,Meghalaya,West Khasi Hills,Mairang,Soil,2016,1500–2000 m,20–30°,>4000 mm,10–50 m,2010s,4,3,6,2
12838,25.552,94.36,1626.0,28.86,1898.0,31.2,29.6,39.2,40.6,34.8,18.8,0.188,Tree cover,2354.7,Nagaland,Phek,Chizami,Rock,2010,1500–2000 m,20–30°,1500–2000 mm,>1000 m,2010s,4,3,2,6
12837,25.552,94.149,1473.0,13.34,1876.0,27.3,30.7,42.0,40.0,34.7,18.9,0.189,Tree cover,935.1,Nagaland,Kohima,Jakhama,Debris,2009,1000–1500 m,10–20°,1500–2000 mm,500–1000 m,2000s,3,2,2,5
12847,25.554,94.148,1532.0,25.19,1876.0,29.7,32.6,37.7,40.0,34.7,18.9,0.189,Tree cover,791.0,Nagaland,Kohima,Jakhama,Debris,2009,1500–2000 m,20–30°,1500–2000 mm,500–1000 m,2000s,4,3,2,5
12848,25.55408,94.23669,1158.0,29.92,1772.0,31.8,26.1,42.0,39.7,31.8,19.2,0.192,Tree cover,1739.1,Nagaland,Phek,Pfutsero,Debris,2014,1000–1500 m,20–30°,1500–2000 mm,>1000 m,2010s,3,3,2,6
12867,25.56,90.37,682.0,18.03,5462.0,27.2,39.3,33.5,46.6,33.4,18.0,0.18,Tree cover,515.4,Meghalaya,West Garo Hills,Rongram,Debris,2019,500–1000 m,10–20°,>4000 mm,500–1000 m,2010s,2,2,6,5
12884,25.563,94.14,1713.0,36.48,1916.0,28.5,32.8,38.7,39.7,34.6,18.6,0.186,Grassland,53.8,Nagaland,Kohima,Jakhama,Debris,2015,1500–2000 m,30–40°,1500–2000 mm,50–100 m,2010s,4,4,2,3
12882,25.563,94.165,1294.0,20.49,1795.0,28.5,29.3,42.3,39.8,33.8,19.0,0.19,Tree cover,88.3,Nagaland,Kohima,Kezocha,Debris,2014,1000–1500 m,20–30°,1500–2000 mm,50–100 m,2010s,3,3,2,3
12890,25.56544,94.17208,1372.0,17.87,1816.0,30.2,28.3,41.5,40.1,34.2,18.6,0.186,Tree cover,179.2,Nagaland,Kohima,Kezocha,Debris,2014,1000–1500 m,10–20°,1500–2000 mm,100–500 m,2010s,3,2,2,4
12895,25.566,94.168,1248.0,32.91,1816.0,31.0,27.9,41.1,40.1,34.2,18.6,0.186,Tree cover,42.2,Nagaland,Kohima,Kezocha,Debris,2013,1000–1500 m,30–40°,1500–2000 mm,10–50 m,2010s,3,4,2,2
12902,25.568056,91.737944,1699.0,17.11,3473.0,33.5,34.1,32.5,41.5,34.6,19.2,0.192,Grassland,406.3,Meghalaya,West Khasi Hills,Sohiong,Rock,2016,1500–2000 m,10–20°,3000–4000 mm,100–500 m,2010s,4,2,5,4
12903,25.568106,91.737919,1699.0,17.11,3473.0,33.5,34.1,32.5,41.5,34.6,19.2,0.192,Grassland,406.9,Meghalaya,West Khasi Hills,Sohiong,Debris,2016,1500–2000 m,10–20°,3000–4000 mm,100–500 m,2010s,4,2,5,4
12915,25.57,93.871,1467.0,25.83,1964.0,34.2,30.0,35.8,40.9,33.1,19.7,0.197,Tree cover,2.0,Nagaland,Peren,Peren,Debris,2013,1000–1500 m,20–30°,1500–2000 mm,0–10 m,2010s,3,3,2,1
12921,25.571,94.253,1889.0,25.34,1888.0,35.2,29.3,35.5,40.9,35.3,19.4,0.194,Tree cover,64.0,Nagaland,Phek,Pfutsero,Rock,2014,1500–2000 m,20–30°,1500–2000 mm,50–100 m,2010s,4,3,2,3
12922,25.571,94.166,1345.0,22.4,1824.0,30.1,29.1,40.8,40.6,32.9,19.7,0.197,Tree cover,98.6,Nagaland,Kohima,Kezocha,Debris,2013,1000–1500 m,20–30°,1500–2000 mm,50–100 m,2010s,3,3,2,3
12923,25.571,93.871,1485.0,37.39,1964.0,34.4,29.6,35.9,40.8,34.4,20.1,0.201,Tree cover,73.4,Nagaland,Peren,Peren,Debris,2013,1000–1500 m,30–40°,1500–2000 mm,50–100 m,2010s,3,4,2,3
12928,25.572,94.168,1281.0,21.78,1782.0,33.8,25.4,40.9,40.6,32.9,19.7,0.197,Tree cover,60.6,Nagaland,Kohima,Kezocha,Debris,2013,1000–1500 m,20–30°,1500–2000 mm,50–100 m,2010s,3,3,2,3
12931,25.572,93.787,1477.0,39.66,2044.0,34.1,29.9,36.0,40.5,33.7,19.2,0.192,Tree cover,4.8,Nagaland,Peren,Peren,Rock,2010,1000–1500 m,30–40°,2000–2500 mm,0–10 m,2010s,3,4,3,1
12940,25.574,94.332,1753.0,44.19,1898.0,31.5,31.0,37.6,40.3,33.5,18.4,0.184,Tree cover,33.1,Nagaland,Phek,Pfutsero,Debris,2015,1500–2000 m,40–50°,1500–2000 mm,10–50 m,2010s,4,5,2,2
12943,25.575,93.777,1439.0,16.74,2029.0,34.6,29.6,35.8,39.9,33.3,19.5,0.195,Tree cover,72.7,Nagaland,Peren,Peren,Debris,2010,1000–1500 m,10–20°,2000–2500 mm,50–100 m,2010s,3,2,3,3
12946,25.576,93.878,1540.0,37.61,1970.0,33.8,29.4,36.8,40.9,34.3,19.2,0.192,Tree cover,165.3,Nagaland,Peren,Peren,Debris,2013,1500–2000 m,30–40°,1500–2000 mm,100–500 m,2010s,4,4,2,4
12945,25.576,93.783,1484.0,32.62,2054.0,35.2,28.8,36.1,40.0,33.5,19.5,0.195,Tree cover,36.9,Nagaland,Peren,Peren,Rock,2015,1000–1500 m,30–40°,2000–2500 mm,10–50 m,2010s,3,4,3,2
12955,25.579,93.87,1617.0,44.52,1989.0,33.4,28.2,38.4,41.2,32.3,20.0,0.2,Tree cover,667.1,Nagaland,Peren,Peren,Rock,2015,1500–2000 m,40–50°,1500–2000 mm,500–1000 m,2010s,4,5,2,5
12988,25.588,94.292,2023.0,32.37,1876.0,35.0,29.9,35.1,40.8,34.6,20.0,0.2,Tree cover,110.9,Nagaland,Phek,Pfutsero,Debris,2013,2000–3000 m,30–40°,1500–2000 mm,100–500 m,2010s,5,4,2,4
13001,25.594,94.314,1999.0,27.71,1888.0,33.8,32.7,33.5,40.4,35.1,19.3,0.193,Tree cover,72.2,Nagaland,Phek,Pfutsero,Debris,2015,1500–2000 m,20–30°,1500–2000 mm,50–100 m,2010s,4,3,2,3
13009,25.598,94.31,1998.0,37.17,1888.0,36.5,29.9,33.6,40.9,35.2,18.6,0.186,Tree cover,117.0,Nagaland,Phek,Pfutsero,Debris,2015,1500–2000 m,30–40°,1500–2000 mm,100–500 m,2010s,4,4,2,4
13010,25.598,93.848,1731.0,46.19,2003.0,33.9,31.3,34.8,40.8,34.7,20.5,0.205,Tree cover,47.2,Nagaland,Peren,Pedi Ngwalwa,Rock,2013,1500–2000 m,40–50°,2000–2500 mm,10–50 m,2010s,4,5,3,2
13020,25.6,90.03,75.0,7.36,2613.0,28.9,37.6,33.5,38.1,32.2,14.6,0.146,Tree cover,111.9,Meghalaya,West Garo Hills,Rerapara,Debris,2019,0–500 m,0–10°,2500–3000 mm,100–500 m,2010s,1,1,4,4
13042,25.607,94.321,1835.0,26.49,1893.0,31.6,29.0,39.4,40.0,35.0,18.5,0.185,Grassland,38.7,Nagaland,Phek,Sakraba,Debris,2015,1500–2000 m,20–30°,1500–2000 mm,10–50 m,2010s,4,3,2,2
13057,25.61092,93.09178,230.0,1.86,1517.0,31.0,33.1,35.9,37.1,30.4,16.7,0.167,Tree cover,4.4,Assam,Dima Hasao,Haflong,Debris,2015,0–500 m,0–10°,1500–2000 mm,0–10 m,2010s,1,1,2,1
13056,25.61092,94.20064,1241.0,38.31,1777.0,32.1,31.1,36.8,40.4,32.6,19.2,0.192,Tree cover,286.3,Nagaland,Kohima,Kezocha,Debris,2014,1000–1500 m,30–40°,1500–2000 mm,100–500 m,2010s,3,4,2,4
13063,25.61275,94.21517,964.0,28.85,1795.0,32.3,27.5,40.3,39.8,32.5,18.1,0.181,Tree cover,351.0,Nagaland,Phek,Pfutsero,Rock,2014,500–1000 m,20–30°,1500–2000 mm,100–500 m,2010s,2,3,2,4
13070,25.614,94.493,824.0,38.95,1928.0,30.2,29.0,40.8,39.8,34.4,19.6,0.196,Grassland,79.3,Nagaland,Phek,Phek Sadar,Debris,2009,500–1000 m,30–40°,1500–2000 mm,50–100 m,2000s,2,4,2,3
13078,25.615,93.944,1723.0,35.44,1949.0,33.6,29.6,36.9,40.8,35.0,18.9,0.189,Tree cover,25.6,Nagaland,Kohima,Sechu Zubza,Debris,2014,1500–2000 m,30–40°,1500–2000 mm,10–50 m,2010s,4,4,2,2
13083,25.616596,91.876562,1327.0,16.43,4148.0,29.1,37.3,33.6,45.4,32.7,18.2,0.182,Built-up,10.8,Meghalaya,East Khasi Hills,Mawpat,Soil,2015,1000–1500 m,10–20°,>4000 mm,10–50 m,2010s,3,2,6,2
13090,25.619,94.206,963.0,31.94,1783.0,33.3,26.5,40.2,40.2,32.5,18.4,0.184,Tree cover,93.8,Nagaland,Phek,Kezocha,Debris,2013,500–1000 m,30–40°,1500–2000 mm,50–100 m,2010s,2,4,2,3
13091,25.619625,91.616567,1506.0,21.05,4780.0,33.1,35.3,31.6,43.8,34.3,19.2,0.192,Grassland,6116.9,Meghalaya,West Khasi Hills,Mairang,Soil,2016,1500–2000 m,20–30°,>4000 mm,>1000 m,2010s,4,3,6,6
13096,25.62,91.882722,1254.0,11.11,4277.0,28.5,38.2,33.2,45.0,32.2,18.2,0.182,Built-up,137.1,Meghalaya,East Khasi Hills,Mawpat,Soil,2013,1000–1500 m,10–20°,>4000 mm,100–500 m,2010s,3,2,6,4
13094,25.62,94.332,1787.0,29.24,1890.0,33.2,29.5,37.3,40.4,35.1,18.6,0.186,Tree cover,54.2,Nagaland,Phek,Sakraba,Debris,2015,1500–2000 m,20–30°,1500–2000 mm,50–100 m,2010s,4,3,2,3
13098,25.620361,91.617083,1499.0,21.58,4719.0,32.1,35.7,32.2,44.3,33.8,19.4,0.194,Tree cover,6152.8,Meghalaya,West Khasi Hills,Mairang,Soil,2016,1000–1500 m,20–30°,>4000 mm,>1000 m,2010s,3,3,6,6
13103,25.621,94.335,1792.0,28.65,1890.0,32.2,28.7,39.1,40.4,35.1,18.6,0.186,Tree cover,31.7,Nagaland,Phek,Sakraba,Rock,2015,1500–2000 m,20–30°,1500–2000 mm,10–50 m,2010s,4,3,2,2
13104,25.62153,94.19439,1044.0,25.77,1782.0,30.1,26.9,43.0,39.6,32.3,18.7,0.187,Tree cover,210.3,Nagaland,Kohima,Kezocha,Rock,2014,1000–1500 m,20–30°,1500–2000 mm,100–500 m,2010s,3,3,2,4
13105,25.622,94.206,978.0,37.68,1783.0,30.9,28.0,41.1,39.6,32.1,18.8,0.188,Tree cover,88.8,Nagaland,Phek,Kezocha,Debris,2010,500–1000 m,30–40°,1500–2000 mm,50–100 m,2010s,2,4,2,3
13110,25.623,94.336,1815.0,26.8,1890.0,32.3,28.9,38.8,40.4,35.1,18.6,0.186,Grassland,1.9,Nagaland,Phek,Sakraba,Rock,2015,1500–2000 m,20–30°,1500–2000 mm,0–10 m,2010s,4,3,2,1
13109,25.623,94.354,1823.0,26.87,1892.0,32.2,29.1,38.7,39.4,34.3,18.3,0.183,Tree cover,80.5,Nagaland,Phek,Sakraba,Debris,2013,1500–2000 m,20–30°,1500–2000 mm,50–100 m,2010s,4,3,2,3
13112,25.624,94.206,1000.0,17.43,1783.0,31.6,27.0,41.4,39.6,32.1,18.8,0.188,Tree cover,136.7,Nagaland,Phek,Kezocha,Debris,2010,500–1000 m,10–20°,1500–2000 mm,100–500 m,2010s,2,2,2,4
13113,25.624,94.361,1833.0,13.14,1889.0,31.7,29.5,38.7,40.0,35.0,18.8,0.188,Tree cover,173.1,Nagaland,Phek,Sakraba,Debris,2014,1500–2000 m,10–20°,1500–2000 mm,100–500 m,2010s,4,2,2,4
13114,25.624,94.348,1788.0,22.43,1888.0,32.5,30.0,37.4,39.4,34.3,18.3,0.183,Built-up,0.3,Nagaland,Phek,Sakraba,Debris,2013,1500–2000 m,20–30°,1500–2000 mm,0–10 m,2010s,4,3,2,1
13117,25.625,94.335,1937.0,32.32,1890.0,33.3,29.0,37.7,40.4,35.1,18.6,0.186,Grassland,173.8,Nagaland,Phek,Sakraba,Debris,2013,1500–2000 m,30–40°,1500–2000 mm,100–500 m,2010s,4,4,2,4
13118,25.625,94.345,1869.0,27.42,1888.0,33.0,27.8,39.2,39.7,34.4,18.4,0.184,Grassland,88.4,Nagaland,Phek,Sakraba,Debris,2013,1500–2000 m,20–30°,1500–2000 mm,50–100 m,2010s,4,3,2,3
13127,25.628,94.211,942.0,25.64,1806.0,33.0,27.4,39.6,40.3,32.7,18.2,0.182,Tree cover,51.5,Nagaland,Phek,Pfutsero,Debris,2014,500–1000 m,20–30°,1500–2000 mm,50–100 m,2010s,2,3,2,3
13130,25.629,94.273,1736.0,29.44,1874.0,33.2,28.7,38.1,40.1,32.5,19.9,0.199,Tree cover,3084.8,Nagaland,Phek,Chetheba,Rock,2015,1500–2000 m,20–30°,1500–2000 mm,>1000 m,2010s,4,3,2,6
13132,25.629,93.855,1348.0,26.5,1946.0,32.8,31.3,35.9,39.7,31.9,17.5,0.175,Tree cover,3052.5,Nagaland,Peren,Pedi Ngwalwa,Rock,2010,1000–1500 m,20–30°,1500–2000 mm,>1000 m,2010s,3,3,2,6
13139,25.63,94.103,1468.0,29.51,1894.0,31.9,31.6,36.5,40.8,34.7,17.6,0.176,Tree cover,39.8,Nagaland,Kohima,Jakhama,Debris,2014,1000–1500 m,20–30°,1500–2000 mm,10–50 m,2010s,3,3,2,2
13143,25.631,94.203,985.0,24.23,1793.0,30.1,27.5,42.4,39.3,31.7,17.5,0.175,Grassland,72.0,Nagaland,Phek,Kezocha,Debris,2010,500–1000 m,20–30°,1500–2000 mm,50–100 m,2010s,2,3,2,3
13146,25.631,93.999,2075.0,43.53,1866.0,33.1,34.0,32.8,40.9,35.9,18.9,0.189,Tree cover,113.9,Nagaland,Kohima,Sechu Zubza,Rock,2015,2000–3000 m,40–50°,1500–2000 mm,100–500 m,2010s,5,5,2,4
13150,25.632,94.25,1089.0,30.37,1795.0,32.0,28.4,39.6,39.5,30.8,18.4,0.184,Tree cover,1962.0,Nagaland,Phek,Chetheba,Debris,2013,1000–1500 m,30–40°,1500–2000 mm,>1000 m,2010s,3,4,2,6
13155,25.633896,91.891833,1224.0,19.66,4267.0,26.3,39.9,33.8,44.4,32.4,18.7,0.187,Tree cover,18.5,Meghalaya,East Khasi Hills,Mawpat,Debris,2015,1000–1500 m,10–20°,>4000 mm,10–50 m,2010s,3,2,6,2
13157,25.634,94.255,1075.0,23.24,1795.0,31.9,28.5,39.6,39.0,30.8,18.5,0.185,Tree cover,2508.4,Nagaland,Phek,Chetheba,Debris,2013,1000–1500 m,20–30°,1500–2000 mm,>1000 m,2010s,3,3,2,6
13158,25.635,94.253,1046.0,35.1,1795.0,31.8,28.6,39.6,39.5,30.8,18.4,0.184,Tree cover,2314.2,Nagaland,Phek,Chetheba,Debris,2013,1000–1500 m,30–40°,1500–2000 mm,>1000 m,2010s,3,4,2,6
13160,25.635,94.252,1098.0,16.82,1795.0,31.8,28.6,39.6,39.5,30.8,18.4,0.184,Tree cover,2245.3,Nagaland,Phek,Chetheba,Debris,2013,1000–1500 m,10–20°,1500–2000 mm,>1000 m,2010s,3,2,2,6
13186,25.644,94.107,1586.0,29.49,1905.0,31.5,32.2,36.4,40.3,33.1,17.8,0.178,Tree cover,58.8,Nagaland,Kohima,Kohima Sadar,Debris,2014,1500–2000 m,20–30°,1500–2000 mm,50–100 m,2010s,4,3,2,3
13190,25.645,94.034,1578.0,26.98,1920.0,32.5,29.8,37.6,39.5,33.4,19.1,0.191,Tree cover,23.8,Nagaland,Kohima,Sechu Zubza,Debris,2013,1500–2000 m,20–30°,1500–2000 mm,10–50 m,2010s,4,3,2,2
13193,25.646,94.033,1554.0,20.6,1921.0,32.5,29.8,37.7,39.5,33.4,19.1,0.191,Tree cover,36.5,Nagaland,Kohima,Sechu Zubza,Debris,2013,1500–2000 m,20–30°,1500–2000 mm,10–50 m,2010s,4,3,2,2
13201,25.647,94.361,1685.0,46.75,1888.0,31.0,28.5,40.5,38.7,34.6,17.2,0.172,Tree cover,10.0,Nagaland,Phek,Sakraba,Debris,2015,1500–2000 m,40–50°,1500–2000 mm,0–10 m,2010s,4,5,2,1
13207,25.649,94.441,1492.0,44.08,1891.0,29.6,30.9,39.6,39.2,31.0,18.6,0.186,Tree cover,67.1,Nagaland,Phek,Phek Sadar,Rock,2014,1000–1500 m,40–50°,1500–2000 mm,50–100 m,2010s,3,5,2,3
13206,25.649,94.121,1225.0,25.39,1828.0,31.1,32.8,36.1,39.0,32.3,17.1,0.171,Tree cover,35.2,Nagaland,Kohima,Jakhama,Debris,2013,1000–1500 m,20–30°,1500–2000 mm,10–50 m,2010s,3,3,2,2
13208,25.649061,91.897336,1088.0,24.03,4530.0,26.9,39.8,33.3,44.0,32.8,17.4,0.174,Tree cover,14.6,Meghalaya,East Khasi Hills,Mawlai,Rock,2021,1000–1500 m,20–30°,>4000 mm,10–50 m,2020s,3,3,6,2
13209,25.649089,91.899,1083.0,23.3,4530.0,26.9,39.8,33.3,44.0,32.8,17.4,0.174,Built-up,4.5,Meghalaya,East Khasi Hill,Mawlai,Debris,2021,1000–1500 m,20–30°,>4000 mm,0–10 m,2020s,3,3,6,1
13213,25.65,94.03,1503.0,21.82,1907.0,31.6,29.1,39.3,40.3,32.9,19.6,0.196,Grassland,54.6,Nagaland,Kohima,Sechu Zubza,Rock,2014,1500–2000 m,20–30°,1500–2000 mm,50–100 m,2010s,4,3,2,3
13216,25.65,90.38,504.0,8.34,4388.0,29.4,36.6,34.0,44.2,32.9,16.9,0.169,Tree cover,224.5,Meghalaya,West Garo Hills,Rongram,Debris,2019,500–1000 m,0–10°,>4000 mm,100–500 m,2010s,2,1,6,4
13214,25.65,94.122,1236.0,35.72,1837.0,31.7,32.1,36.2,39.0,32.3,17.1,0.171,Grassland,24.2,Nagaland,Kohima,Jakhama,Debris,2014,1000–1500 m,30–40°,1500–2000 mm,10–50 m,2010s,3,4,2,2
13226,25.651,94.121,1249.0,34.42,1837.0,31.7,32.1,36.2,39.0,32.3,17.1,0.171,Grassland,16.1,Nagaland,Kohima,Jakhama,Debris,2011,1000–1500 m,30–40°,1500–2000 mm,10–50 m,2010s,3,4,2,2
13223,25.651,94.119,1309.0,14.99,1837.0,31.6,31.8,36.7,39.0,32.3,17.1,0.171,Grassland,114.6,Nagaland,Kohima,Jakhama,Debris,2010,1000–1500 m,10–20°,1500–2000 mm,100–500 m,2010s,3,2,2,4
13225,25.651,94.097,1601.0,27.68,1899.0,32.1,32.3,35.6,40.4,32.7,18.2,0.182,Tree cover,49.7,Nagaland,Kohima,Kohima Sadar,Debris,2009,1500–2000 m,20–30°,1500–2000 mm,10–50 m,2000s,4,3,2,2
13231,25.65167,93.12083,342.0,14.2,1550.0,31.9,33.1,35.0,38.9,30.2,18.5,0.185,Tree cover,2.1,Assam,Dima Hasao,Haflong,Soil,2014,0–500 m,10–20°,1500–2000 mm,0–10 m,2010s,1,2,2,1
13234,25.652,94.122,1236.0,30.78,1837.0,30.7,30.7,38.6,39.0,32.3,17.1,0.171,Bare / sparse vegetation,1.3,Nagaland,Kohima,Jakhama,Debris,2010,1000–1500 m,30–40°,1500–2000 mm,0–10 m,2010s,3,4,2,1
13232,25.652,94.121,1288.0,32.29,1837.0,31.0,31.1,37.9,39.0,32.3,17.1,0.171,Grassland,71.8,Nagaland,Kohima,Jakhama,Debris,2010,1000–1500 m,30–40°,1500–2000 mm,50–100 m,2010s,3,4,2,3
13239,25.65275,94.032,1671.0,24.53,1907.0,31.6,29.3,39.2,40.3,32.9,19.6,0.196,Grassland,297.1,Nagaland,Kohima,Sechu Zubza,Debris,2014,1500–2000 m,20–30°,1500–2000 mm,100–500 m,2010s,4,3,2,4
13241,25.653,94.121,1321.0,31.44,1837.0,31.0,31.1,37.9,39.0,32.3,17.1,0.171,Built-up,60.6,Nagaland,Kohima,Jakhama,Debris,2010,1000–1500 m,30–40°,1500–2000 mm,50–100 m,2010s,3,4,2,3
13245,25.654,94.438,1548.0,30.31,1894.0,31.8,30.3,37.9,40.2,32.7,18.7,0.187,Tree cover,22.4,Nagaland,Phek,Phek Sadar,Debris,2010,1500–2000 m,30–40°,1500–2000 mm,10–50 m,2010s,4,4,2,2
13244,25.654,94.122,1354.0,30.88,1837.0,29.7,32.1,38.2,39.0,32.3,17.1,0.171,Grassland,115.5,Nagaland,Kohima,Jakhama,Rock,2013,1000–1500 m,30–40°,1500–2000 mm,100–500 m,2010s,3,4,2,4
13248,25.655,94.438,1577.0,34.58,1894.0,31.8,30.3,37.9,40.2,32.7,18.7,0.187,Tree cover,65.7,Nagaland,Phek,Phek Sadar,Debris,2010,1500–2000 m,30–40°,1500–2000 mm,50–100 m,2010s,4,4,2,3
13247,25.655,94.234,1219.0,27.66,1847.0,28.0,31.2,40.8,39.2,30.7,17.4,0.174,Grassland,67.7,Nagaland,Phek,Chetheba,Rock,2013,1000–1500 m,20–30°,1500–2000 mm,50–100 m,2010s,3,3,2,3
13250,25.65653,94.09061,1576.0,23.84,1909.0,33.8,30.7,35.5,38.7,32.6,17.8,0.178,Tree cover,19.4,Nagaland,Kohima,Kohima Sadar,Debris,2014,1500–2000 m,20–30°,1500–2000 mm,10–50 m,2010s,4,3,2,2
13251,25.657,94.439,1513.0,8.8,1894.0,31.2,31.1,37.7,39.4,33.8,18.9,0.189,Grassland,14.9,Nagaland,Phek,Phek Sadar,Debris,2012,1500–2000 m,0–10°,1500–2000 mm,10–50 m,2010s,4,1,2,2
13256,25.65778,94.05683,1515.0,40.21,1893.0,30.9,30.4,38.6,41.1,33.0,17.9,0.179,Tree cover,470.7,Nagaland,Kohima,Sechu Zubza,Debris,2014,1500–2000 m,40–50°,1500–2000 mm,100–500 m,2010s,4,5,2,4
13260,25.659,94.112,1373.0,4.25,1853.0,29.7,32.1,38.1,39.2,32.6,16.9,0.169,Built-up,28.1,Nagaland,Kohima,Jakhama,Debris,1990,1000–1500 m,0–10°,1500–2000 mm,10–50 m,1990s,3,1,2,2
13268,25.660333,91.635083,1396.0,14.88,4786.0,33.4,34.5,32.1,45.0,34.2,19.2,0.192,Tree cover,9188.9,Meghalaya,West Khasi Hills,Mairang,Soil,2016,1000–1500 m,10–20°,>4000 mm,>1000 m,2010s,3,2,6,6
13269,25.660539,91.635431,1382.0,12.4,4786.0,33.5,34.9,31.7,45.0,34.2,19.2,0.192,Grassland,9195.1,Meghalaya,West Khasi Hills,Mairang,Soil,2016,1000–1500 m,10–20°,>4000 mm,>1000 m,2010s,3,2,6,6
13275,25.661,94.388,1310.0,17.33,1868.0,28.0,32.1,40.0,39.7,33.2,18.2,0.182,Grassland,534.4,Nagaland,Phek,Sakraba,Debris,2004,1000–1500 m,10–20°,1500–2000 mm,500–1000 m,2000s,3,2,2,5
13273,25.661,94.054,1361.0,42.62,1875.0,30.0,30.7,39.3,41.1,33.0,17.9,0.179,Tree cover,55.9,Nagaland,Kohima,Sechu Zubza,Debris,2011,1000–1500 m,40–50°,1500–2000 mm,50–100 m,2010s,3,5,2,3
13277,25.662,94.096,1427.0,19.45,1877.0,34.0,29.4,36.7,38.7,32.6,17.8,0.178,Tree cover,41.2,Nagaland,Kohima,Kohima Sadar,Debris,2010,1000–1500 m,10–20°,1500–2000 mm,10–50 m,2010s,3,2,2,2
13278,25.662,94.108,1389.0,13.29,1879.0,29.4,31.6,39.0,39.5,31.6,17.1,0.171,Built-up,4.9,Nagaland,Kohima,Kohima Sadar,Debris,2011,1000–1500 m,10–20°,1500–2000 mm,0–10 m,2010s,3,2,2,1
13276,25.662,94.453,1488.0,33.51,1889.0,30.3,29.9,39.7,39.9,34.2,18.1,0.181,Tree cover,52.9,Nagaland,Phek,Phek Sadar,Debris,2012,1000–1500 m,30–40°,1500–2000 mm,50–100 m,2010s,3,4,2,3
13280,25.66264,94.11353,1382.0,13.48,1853.0,31.3,32.9,35.8,39.2,32.6,16.9,0.169,Grassland,3.0,Nagaland,Kohima,Jakhama,Debris,2014,1000–1500 m,10–20°,1500–2000 mm,0–10 m,2010s,3,2,2,1
13282,25.663,94.097,1416.0,21.81,1877.0,33.4,30.0,36.6,38.7,32.6,17.8,0.178,Built-up,37.3,Nagaland,Kohima,Kohima Sadar,Debris,2006,1000–1500 m,20–30°,1500–2000 mm,10–50 m,2000s,3,3,2,2
13286,25.664,94.101,1477.0,26.3,1879.0,29.4,31.6,39.0,39.5,31.6,17.1,0.171,Built-up,0.4,Nagaland,Kohima,Kohima Sadar,Debris,2013,1000–1500 m,20–30°,1500–2000 mm,0–10 m,2010s,3,3,2,1
13294,25.665,94.214,846.0,26.56,1808.0,31.6,31.1,37.2,38.9,30.8,18.2,0.182,Tree cover,177.6,Nagaland,Phek,Kezocha,Debris,2013,500–1000 m,20–30°,1500–2000 mm,100–500 m,2010s,2,3,2,4
13288,25.665,94.104,1399.0,15.84,1879.0,32.9,31.9,35.3,39.5,31.6,17.1,0.171,Built-up,22.4,Nagaland,Kohima,Kohima Sadar,Debris,1989,1000–1500 m,10–20°,1500–2000 mm,10–50 m,1980s,3,2,2,2
13289,25.665,94.216,813.0,16.68,1808.0,32.1,31.2,36.8,38.9,30.8,18.2,0.182,Tree cover,120.9,Nagaland,Phek,Kezocha,Debris,2013,500–1000 m,10–20°,1500–2000 mm,100–500 m,2010s,2,2,2,4
13298,25.666,94.258,1570.0,23.35,1870.0,29.8,33.7,36.6,38.7,30.5,18.2,0.182,Tree cover,77.6,Nagaland,Phek,Chetheba,Debris,2014,1500–2000 m,20–30°,1500–2000 mm,50–100 m,2010s,4,3,2,3
13297,25.666,94.244,1321.0,36.9,1856.0,30.7,32.1,37.3,39.1,31.2,17.1,0.171,Tree cover,260.5,Nagaland,Phek,Chetheba,Rock,2015,1000–1500 m,30–40°,1500–2000 mm,100–500 m,2010s,3,4,2,4
13299,25.666,94.09,1352.0,10.63,1875.0,32.8,28.7,38.5,39.7,32.6,19.2,0.192,Tree cover,60.3,Nagaland,Kohima,Kohima Sadar,Debris,1989,1000–1500 m,10–20°,1500–2000 mm,50–100 m,1980s,3,2,2,3
13313,25.667,94.21,810.0,27.76,1816.0,29.9,31.9,38.2,39.4,31.2,17.6,0.176,Tree cover,91.2,Nagaland,Phek,Kezocha,Debris,2013,500–1000 m,20–30°,1500–2000 mm,50–100 m,2010s,2,3,2,3
13306,25.667,94.253,1553.0,28.36,1851.0,27.8,31.7,40.5,38.7,30.5,18.2,0.182,Tree cover,122.0,Nagaland,Phek,Chetheba,Debris,2015,1500–2000 m,20–30°,1500–2000 mm,100–500 m,2010s,4,3,2,4
13311,25.667,94.089,1328.0,17.61,1840.0,32.8,28.7,38.5,39.7,32.6,19.2,0.192,Built-up,6.1,Nagaland,Kohima,Kohima Sadar,Debris,1968,1000–1500 m,10–20°,1500–2000 mm,0–10 m,1960s,3,2,2,1
13307,25.667,94.094,1324.0,13.54,1847.0,32.6,29.7,37.7,38.7,32.6,17.8,0.178,Tree cover,42.8,Nagaland,Kohima,Kohima Sadar,Rock,2010,1000–1500 m,10–20°,1500–2000 mm,10–50 m,2010s,3,2,2,2
13309,25.667,94.211,809.0,17.33,1816.0,29.9,31.9,38.2,39.4,31.2,17.6,0.176,Tree cover,105.5,Nagaland,Phek,Kezocha,Debris,2013,500–1000 m,10–20°,1500–2000 mm,100–500 m,2010s,2,2,2,4
13308,25.667,94.254,1566.0,31.26,1851.0,29.4,32.7,37.9,38.7,30.5,18.2,0.182,Tree cover,82.4,Nagaland,Phek,Chetheba,Debris,2014,1500–2000 m,30–40°,1500–2000 mm,50–100 m,2010s,4,4,2,3
13319,25.667744,91.597819,1272.0,19.14,5353.0,28.9,37.1,34.0,45.6,35.2,19.8,0.198,Grassland,11602.1,Meghalaya,West Khasi Hills,Mairang,Debris,2017,1000–1500 m,10–20°,>4000 mm,>1000 m,2010s,3,2,6,6
13320,25.668,94.464,1372.0,27.04,1887.0,27.7,30.4,41.9,40.1,33.1,18.4,0.184,Tree cover,110.9,Nagaland,Phek,Phek Sadar,Debris,2014,1000–1500 m,20–30°,1500–2000 mm,100–500 m,2010s,3,3,2,4
13321,25.668,94.107,1401.0,17.33,1865.0,32.9,31.9,35.3,39.5,31.6,17.1,0.171,Built-up,75.5,Nagaland,Kohima,Kohima Sadar,Debris,1965,1000–1500 m,10–20°,1500–2000 mm,50–100 m,1960s,3,2,2,3
13323,25.66806,94.05525,1301.0,12.94,1842.0,31.9,30.6,37.5,39.7,31.5,18.8,0.188,Tree cover,158.0,Nagaland,Kohima,Sechu Zubza,Debris,2014,1000–1500 m,10–20°,1500–2000 mm,100–500 m,2010s,3,2,2,4
13331,25.669,94.104,1423.0,21.77,1865.0,31.7,30.0,38.3,39.5,31.6,17.1,0.171,Built-up,11.4,Nagaland,Kohima,Kohima Sadar,Debris,1999,1000–1500 m,20–30°,1500–2000 mm,10–50 m,1990s,3,3,2,2
13330,25.669,94.218,754.0,15.09,1811.0,33.3,30.7,36.0,38.9,30.8,18.2,0.182,Tree cover,49.9,Nagaland,Phek,Chetheba,Debris,2013,500–1000 m,10–20°,1500–2000 mm,10–50 m,2010s,2,2,2,2
13334,25.669,94.192,985.0,17.88,1793.0,30.4,31.8,37.8,39.0,31.0,17.7,0.177,Grassland,2.3,Nagaland,Kohima,Kezocha,Debris,2013,500–1000 m,10–20°,1500–2000 mm,0–10 m,2010s,2,2,2,1
13335,25.669,94.051,1401.0,44.51,1842.0,33.9,28.5,37.6,38.5,31.3,18.8,0.188,Tree cover,102.8,Nagaland,Kohima,Sechu Zubza,Debris,2013,1000–1500 m,40–50°,1500–2000 mm,100–500 m,2010s,3,5,2,4
13328,25.669,94.091,1321.0,14.8,1840.0,32.7,29.8,37.5,39.7,32.6,19.2,0.192,Tree cover,51.9,Nagaland,Kohima,Kohima Sadar,Debris,2009,1000–1500 m,10–20°,1500–2000 mm,50–100 m,2000s,3,2,2,3
13346,25.67,94.382,1642.0,35.91,1896.0,27.9,31.9,40.2,40.5,34.6,18.2,0.182,Tree cover,197.1,Nagaland,Phek,Sakraba,Debris,2013,1500–2000 m,30–40°,1500–2000 mm,100–500 m,2010s,4,4,2,4
13345,25.67,94.397,1387.0,38.75,1876.0,27.5,31.7,40.9,39.7,32.4,18.3,0.183,Grassland,61.9,Nagaland,Phek,Sakraba,Debris,2015,1000–1500 m,30–40°,1500–2000 mm,50–100 m,2010s,3,4,2,3
13342,25.67,94.109,1466.0,4.28,1868.0,33.4,31.5,35.2,39.5,31.6,17.1,0.171,Built-up,53.0,Nagaland,Kohima,Kohima Sadar,Debris,1965,1000–1500 m,0–10°,1500–2000 mm,50–100 m,1960s,3,1,2,3
13341,25.67,94.113,1344.0,17.51,1868.0,33.4,31.5,35.2,39.5,31.6,17.1,0.171,Tree cover,57.1,Nagaland,Kohima,Jakhama,Debris,2009,1000–1500 m,10–20°,1500–2000 mm,50–100 m,2000s,3,2,2,3
13351,25.671,94.21,838.0,13.96,1816.0,30.7,30.4,39.0,39.4,31.2,17.6,0.176,Tree cover,121.2,Nagaland,Phek,Kezocha,Debris,2013,500–1000 m,10–20°,1500–2000 mm,100–500 m,2010s,2,2,2,4
13363,25.672,94.101,1320.0,23.94,1865.0,31.8,30.2,38.0,38.7,32.6,17.8,0.178,Tree cover,134.1,Nagaland,Kohima,Kohima Sadar,Debris,2014,1000–1500 m,20–30°,1500–2000 mm,100–500 m,2010s,3,3,2,4
13367,25.67286,94.08883,1233.0,15.16,1840.0,33.5,29.9,36.6,39.7,32.6,19.2,0.192,Tree cover,76.1,Nagaland,Kohima,Kohima Sadar,Debris,2014,1000–1500 m,10–20°,1500–2000 mm,50–100 m,2010s,3,2,2,3
13379,25.674361,91.899916,1013.0,31.0,4504.0,28.7,40.7,30.6,42.8,32.5,16.9,0.169,Built-up,45.7,Meghalaya,RiBhoi,Umsning,Rock,2015,1000–1500 m,30–40°,>4000 mm,10–50 m,2010s,3,4,6,2
13382,25.675,94.397,1411.0,37.31,1876.0,28.9,31.8,39.3,39.4,33.4,19.3,0.193,Grassland,46.3,Nagaland,Phek,Phek Sadar,Debris,2015,1000–1500 m,30–40°,1500–2000 mm,10–50 m,2010s,3,4,2,2
13383,25.675139,91.898194,1020.0,10.58,4460.0,29.0,41.2,29.8,42.8,32.5,16.9,0.169,Grassland,38.0,Meghalaya,RiBhoi,Umsning,Rock,2015,1000–1500 m,10–20°,>4000 mm,10–50 m,2010s,3,2,6,2
13386,25.67661,94.02364,1423.0,24.03,1880.0,30.8,29.7,39.5,39.6,34.7,17.7,0.177,Tree cover,5.2,Nagaland,Kohima,Sechu Zubza,Debris,2014,1000–1500 m,20–30°,1500–2000 mm,0–10 m,2010s,3,3,2,1
13389,25.677,94.08,1279.0,12.61,1826.0,33.7,29.4,37.0,39.2,32.1,18.7,0.187,Tree cover,98.9,Nagaland,Kohima,Kohima Sadar,Debris,2010,1000–1500 m,10–20°,1500–2000 mm,50–100 m,2010s,3,2,2,3
13388,25.677,94.241,1002.0,23.66,1802.0,32.8,29.0,38.2,39.3,30.9,16.1,0.161,Tree cover,748.4,Nagaland,Kohima,Chetheba,Debris,2010,1000–1500 m,20–30°,1500–2000 mm,500–1000 m,2010s,3,3,2,5
13387,25.677,94.104,1349.0,20.46,1860.0,30.9,30.1,39.0,40.0,31.9,18.0,0.18,Tree cover,19.5,Nagaland,Kohima,Kohima Sadar,Debris,1988,1000–1500 m,20–30°,1500–2000 mm,10–50 m,1980s,3,3,2,2
13391,25.677,94.0202,1539.0,10.41,1880.0,30.8,29.9,39.2,39.6,34.7,17.7,0.177,Tree cover,36.6,Nagaland,Kohima,Sechu Zubza,Rock,2011,1500–2000 m,10–20°,1500–2000 mm,10–50 m,2010s,4,2,2,2
13392,25.677697,91.898581,977.0,25.61,4460.0,29.0,41.2,29.8,42.8,32.5,16.9,0.169,Built-up,23.6,Meghalaya,RiBhoi,Umsning,Rock,2015,500–1000 m,20–30°,>4000 mm,10–50 m,2010s,2,3,6,2
13394,25.678,94.109,1428.0,22.57,1887.0,31.7,29.5,38.7,39.9,33.8,18.4,0.184,Built-up,49.2,Nagaland,Kohima,Kohima Sadar,Debris,1956,1000–1500 m,20–30°,1500–2000 mm,10–50 m,1950s,3,3,2,2
13393,25.678,94.101,1272.0,34.32,1860.0,31.1,30.6,38.3,40.0,31.9,18.0,0.18,Tree cover,36.9,Nagaland,Kohima,Kohima Sadar,Rock,2014,1000–1500 m,30–40°,1500–2000 mm,10–50 m,2010s,3,4,2,2
13396,25.67821,91.898927,971.0,23.06,4460.0,29.0,41.2,29.8,42.8,32.5,16.9,0.169,Built-up,23.7,Meghalaya,RiBhoi,Umsning,Rock,2015,500–1000 m,20–30°,>4000 mm,10–50 m,2010s,2,3,6,2
13398,25.678645,91.899138,976.0,29.65,4460.0,29.8,40.8,29.4,42.8,32.5,16.9,0.169,Tree cover,20.8,Meghalaya,RiBhoi,Umsning,Rock,2019,500–1000 m,20–30°,>4000 mm,10–50 m,2010s,2,3,6,2
13402,25.679,94.096,1252.0,21.82,1823.0,32.3,30.3,37.4,39.1,32.1,18.7,0.187,Tree cover,11.2,Nagaland,Kohima,Kohima Sadar,Debris,2013,1000–1500 m,20–30°,1500–2000 mm,10–50 m,2010s,3,3,2,2
13403,25.679745,91.900406,962.0,23.75,4418.0,29.8,40.8,29.4,42.8,32.5,16.9,0.169,Built-up,24.0,Meghalaya,RiBhoi,Umsning,Rock,2015,500–1000 m,20–30°,>4000 mm,10–50 m,2010s,2,3,6,2
13405,25.68,94.287,1655.0,25.12,1878.0,33.9,30.3,35.8,40.7,33.8,19.2,0.192,Tree cover,31.9,Nagaland,Phek,Chetheba,Debris,2015,1500–2000 m,20–30°,1500–2000 mm,10–50 m,2010s,4,3,2,2
13407,25.680203,91.90067,958.0,26.13,4418.0,29.8,40.8,29.4,42.8,32.5,16.9,0.169,Built-up,28.1,Meghalaya,RiBhoi,Umsning,Debris,2019,500–1000 m,20–30°,>4000 mm,10–50 m,2010s,2,3,6,2
13411,25.681,94.387,1462.0,30.79,1888.0,28.7,28.9,42.5,40.2,34.7,18.8,0.188,Bare / sparse vegetation,1.2,Nagaland,Phek,Sakraba,Debris,2015,1000–1500 m,30–40°,1500–2000 mm,0–10 m,2010s,3,4,2,1
13413,25.682,94.052,1269.0,19.23,1850.0,33.0,30.8,36.2,39.2,30.7,18.9,0.189,Tree cover,0.6,Nagaland,Kohima,Sechu Zubza,Debris,2010,1000–1500 m,10–20°,1500–2000 mm,0–10 m,2010s,3,2,2,1
13415,25.682,94.094,1217.0,20.39,1823.0,32.6,30.9,36.4,39.1,32.1,18.7,0.187,Tree cover,50.9,Nagaland,Kohima,Kohima Sadar,Debris,2013,1000–1500 m,20–30°,1500–2000 mm,50–100 m,2010s,3,3,2,3
13417,25.682,94.096,1287.0,25.42,1823.0,31.9,31.6,36.5,39.1,32.1,18.7,0.187,Tree cover,46.6,Nagaland,Kohima,Kohima Sadar,Debris,2011,1000–1500 m,20–30°,1500–2000 mm,10–50 m,2010s,3,3,2,2
13420,25.683,94.038,1090.0,17.5,1817.0,32.8,30.3,36.9,40.1,32.2,18.4,0.184,Tree cover,9.1,Nagaland,Kohima,Sechu Zubza,Debris,2016,1000–1500 m,10–20°,1500–2000 mm,0–10 m,2010s,3,2,2,1
13419,25.683,94.099,1344.0,23.21,1823.0,32.3,30.1,37.5,40.6,32.8,18.9,0.189,Tree cover,19.8,Nagaland,Kohima,Kohima Sadar,Debris,2006,1000–1500 m,20–30°,1500–2000 mm,10–50 m,2000s,3,3,2,2
13423,25.68375,94.12436,1335.0,15.04,1863.0,31.8,31.2,37.0,40.6,33.0,18.7,0.187,Tree cover,31.2,Nagaland,Kohima,Kohima Sadar,Debris,2014,1000–1500 m,10–20°,1500–2000 mm,10–50 m,2010s,3,2,2,2
13427,25.685,94.059,1215.0,17.18,1804.0,34.3,29.3,36.5,40.1,31.3,17.8,0.178,Tree cover,242.7,Nagaland,Kohima,Sechu Zubza,Rock,1940,1000–1500 m,10–20°,1500–2000 mm,100–500 m,1940s,3,2,2,4
13426,25.685,94.12,1388.0,32.17,1863.0,31.4,32.0,36.5,39.9,33.8,18.4,0.184,Tree cover,40.0,Nagaland,Kohima,Kohima Sadar,Debris,2013,1000–1500 m,30–40°,1500–2000 mm,10–50 m,2010s,3,4,2,2
13429,25.68525,94.12347,1312.0,19.77,1863.0,32.1,31.1,36.9,40.6,33.0,18.7,0.187,Tree cover,135.2,Nagaland,Kohima,Kohima Sadar,Debris,2014,1000–1500 m,10–20°,1500–2000 mm,100–500 m,2010s,3,2,2,4
13430,25.68572,91.901961,916.0,13.23,4385.0,30.0,41.3,28.7,42.3,32.0,17.3,0.173,Built-up,28.1,Meghalaya,RiBhoi,Umsning,Debris,2015,500–1000 m,10–20°,>4000 mm,10–50 m,2010s,2,2,6,2
13431,25.686,94.119,1422.0,16.38,1863.0,33.1,30.5,36.4,39.9,33.8,18.4,0.184,Tree cover,68.0,Nagaland,Kohima,Kohima Sadar,Debris,2015,1000–1500 m,10–20°,1500–2000 mm,50–100 m,2010s,3,2,2,3
13432,25.686,94.043,999.0,21.3,1811.0,33.0,28.6,38.4,39.8,31.7,17.9,0.179,Built-up,8.1,Nagaland,Kohima,Sechu Zubza,Debris,2013,500–1000 m,20–30°,1500–2000 mm,0–10 m,2010s,2,3,2,1
13436,25.68625,94.043194,986.0,25.08,1811.0,33.0,28.6,38.4,39.8,31.7,17.9,0.179,Tree cover,24.5,Nagaland,Kohima,Sechu Zubza,Debris,2015,500–1000 m,20–30°,1500–2000 mm,10–50 m,2010s,2,3,2,2
13437,25.68658,94.05319,1146.0,23.51,1807.0,34.3,30.2,35.5,40.1,31.3,17.8,0.178,Tree cover,37.5,Nagaland,Kohima,Sechu Zubza,Debris,2014,1000–1500 m,20–30°,1500–2000 mm,10–50 m,2010s,3,3,2,2
13441,25.687,94.062,1077.0,20.51,1804.0,34.7,30.3,35.0,40.1,31.3,17.8,0.178,Tree cover,92.2,Nagaland,Kohima,Sechu Zubza,Debris,2006,1000–1500 m,20–30°,1500–2000 mm,50–100 m,2000s,3,3,2,3
13442,25.68703,94.12442,1255.0,14.98,1863.0,32.1,31.1,36.9,40.6,33.0,18.7,0.187,Tree cover,314.2,Nagaland,Kohima,Kohima Sadar,Debris,2014,1000–1500 m,10–20°,1500–2000 mm,100–500 m,2010s,3,2,2,4
13444,25.687083,91.650858,1096.0,13.92,5420.0,31.3,36.8,31.9,45.7,33.9,18.9,0.189,Tree cover,11541.3,Meghalaya,West Khasi Hills,Mairang,Debris,2016,1000–1500 m,10–20°,>4000 mm,>1000 m,2010s,3,2,6,6
13448,25.687442,91.656183,1040.0,14.39,5420.0,30.7,38.5,30.8,45.7,33.9,18.9,0.189,Tree cover,11487.4,Meghalaya,West Khasi Hills,Mairang,Debris,2016,1000–1500 m,10–20°,>4000 mm,>1000 m,2010s,3,2,6,6
13450,25.68772,94.14044,1312.0,22.44,1846.0,31.6,31.8,36.6,39.3,31.3,18.3,0.183,Tree cover,351.8,Nagaland,Kohima,Kohima Sadar,Debris,2014,1000–1500 m,20–30°,1500–2000 mm,100–500 m,2010s,3,3,2,4
13452,25.687856,91.647944,1131.0,29.6,5074.0,33.6,34.6,31.8,45.1,34.0,19.6,0.196,Tree cover,11686.4,Meghalaya,West Khasi Hills,Mairang,Debris,2016,1000–1500 m,20–30°,>4000 mm,>1000 m,2010s,3,3,6,6
13455,25.688,93.907,917.0,22.69,1826.0,34.1,29.2,36.7,39.6,29.5,18.0,0.18,Tree cover,2793.2,Nagaland,Kohima,Medziphema,Debris,2015,500–1000 m,20–30°,1500–2000 mm,>1000 m,2010s,2,3,2,6
13453,25.688,94.137,1319.0,23.91,1846.0,30.2,31.3,38.5,39.3,31.3,18.3,0.183,Tree cover,16.3,Nagaland,Kohima,Kohima Sadar,Rock,2012,1000–1500 m,20–30°,1500–2000 mm,10–50 m,2010s,3,3,2,2
13456,25.688,94.121,1366.0,30.67,1863.0,31.8,31.2,37.0,39.9,33.8,18.4,0.184,Tree cover,13.9,Nagaland,Kohima,Kohima Sadar,Debris,2011,1000–1500 m,30–40°,1500–2000 mm,10–50 m,2010s,3,4,2,2
13454,25.688,94.12,1417.0,11.4,1863.0,33.1,30.5,36.4,39.9,33.8,18.4,0.184,Tree cover,62.8,Nagaland,Kohima,Kohima Sadar,Debris,2014,1000–1500 m,10–20°,1500–2000 mm,50–100 m,2010s,3,2,2,3
13463,25.688974,91.903281,899.0,22.77,4385.0,29.2,41.4,29.4,42.3,32.0,17.3,0.173,Built-up,22.6,Meghalaya,RiBhoi,Umsning,Rock,2019,500–1000 m,20–30°,>4000 mm,10–50 m,2010s,2,3,6,2
13478,25.691238,91.906313,886.0,26.24,4385.0,29.5,41.0,29.4,42.3,32.0,17.3,0.173,Built-up,17.1,Meghalaya,RiBhoi,Umsning,Debris,2015,500–1000 m,20–30°,>4000 mm,10–50 m,2010s,2,3,6,2
13482,25.691453,91.645731,1262.0,42.44,5074.0,33.7,34.1,32.2,45.1,34.0,19.6,0.196,Tree cover,12126.1,Meghalaya,West Khasi Hills,Mairang,Debris,2016,1000–1500 m,40–50°,>4000 mm,>1000 m,2010s,3,5,6,6
13488,25.692093,91.90636,881.0,23.83,4321.0,29.3,42.4,28.4,41.5,32.2,16.0,0.16,Grassland,16.5,Meghalaya,RiBhoi,Umsning,Debris,2019,500–1000 m,20–30°,>4000 mm,10–50 m,2010s,2,3,6,2
13493,25.692933,91.647703,1180.0,34.99,5236.0,34.4,34.0,31.6,46.0,32.4,19.1,0.191,Grassland,12243.0,Meghalaya,West Khasi Hills,Mairang,Debris,2016,1000–1500 m,30–40°,>4000 mm,>1000 m,2010s,3,4,6,6
13494,25.692947,91.648044,1166.0,23.58,5236.0,34.4,34.0,31.6,46.0,32.4,19.1,0.191,Grassland,12237.3,Meghalaya,West Khasi Hills,Mairang,Debris,2016,1000–1500 m,20–30°,>4000 mm,>1000 m,2010s,3,3,6,6
13498,25.694,94.107,1422.0,18.38,1861.0,31.8,30.5,37.7,39.9,33.4,19.0,0.19,Built-up,28.9,Nagaland,Kohima,Kohima Sadar,Debris,2013,1000–1500 m,10–20°,1500–2000 mm,10–50 m,2010s,3,2,2,2
13502,25.695,94.077,1170.0,15.81,1811.0,32.9,30.7,36.4,38.7,31.4,18.3,0.183,Tree cover,86.9,Nagaland,Kohima,Chiephobozou,Debris,2006,1000–1500 m,10–20°,1500–2000 mm,50–100 m,2000s,3,2,2,3
13504,25.695,94.349,1868.0,33.52,1869.0,34.5,29.5,36.1,40.7,34.6,19.3,0.193,Tree cover,98.6,Nagaland,Phek,Chozuba,Debris,2015,1500–2000 m,30–40°,1500–2000 mm,50–100 m,2010s,4,4,2,3
13503,25.695,94.459,1555.0,26.39,1893.0,29.8,30.6,39.6,40.1,32.3,18.6,0.186,Built-up,0.9,Nagaland,Phek,Phek Sadar,Debris,2014,1500–2000 m,20–30°,1500–2000 mm,0–10 m,2010s,4,3,2,1
13501,25.695,94.108,1376.0,19.81,1861.0,31.6,30.5,37.9,39.9,33.4,19.0,0.19,Tree cover,53.8,Nagaland,Kohima,Kohima Sadar,Debris,2009,1000–1500 m,10–20°,1500–2000 mm,50–100 m,2000s,3,2,2,3
13507,25.69583,94.10833,1367.0,26.17,1861.0,31.6,30.5,37.9,39.9,33.4,19.0,0.19,Grassland,50.8,Nagaland,Kohima,Kohima Sadar,Debris,2014,1000–1500 m,20–30°,1500–2000 mm,50–100 m,2010s,3,3,2,3
13508,25.696,94.318,1510.0,17.95,1879.0,30.5,31.0,38.5,40.0,32.4,18.1,0.181,Tree cover,92.7,Nagaland,Phek,Chozuba,Debris,2014,1500–2000 m,10–20°,1500–2000 mm,50–100 m,2010s,4,2,2,3
13517,25.696489,91.644528,1224.0,28.47,5236.0,33.5,33.9,32.6,45.0,33.4,18.9,0.189,Tree cover,12698.9,Meghalaya,West Khasi Hills,Mairang,Debris,2016,1000–1500 m,20–30°,>4000 mm,>1000 m,2010s,3,3,6,6
13520,25.697,94.105,1349.0,24.99,1861.0,34.1,29.8,36.0,40.6,32.8,18.9,0.189,Tree cover,23.1,Nagaland,Kohima,Kohima Sadar,Debris,2010,1000–1500 m,20–30°,1500–2000 mm,10–50 m,2010s,3,3,2,2
13519,25.697,94.464,1485.0,19.81,1893.0,29.8,30.2,40.0,40.1,32.3,18.6,0.186,Grassland,12.6,Nagaland,Phek,Phek Sadar,Debris,2015,1000–1500 m,10–20°,1500–2000 mm,10–50 m,2010s,3,2,2,2
13534,25.6999,91.642192,1250.0,28.22,5236.0,33.9,33.8,32.4,45.0,33.4,18.9,0.189,Tree cover,13122.6,Meghalaya,West Khasi Hills,Mairang,Debris,2016,1000–1500 m,20–30°,>4000 mm,>1000 m,2010s,3,3,6,6
13536,25.700053,91.644486,1245.0,35.52,5365.0,33.9,33.8,32.4,45.0,33.4,18.9,0.189,Tree cover,13086.0,Meghalaya,West Khasi Hills,Mairang,Debris,2016,1000–1500 m,30–40°,>4000 mm,>1000 m,2010s,3,4,6,6
13542,25.70106,94.14167,1188.0,15.76,1829.0,30.9,30.6,38.5,40.2,31.3,18.7,0.187,Tree cover,544.7,Nagaland,Kohima,Kohima Sadar,Debris,2014,1000–1500 m,10–20°,1500–2000 mm,500–1000 m,2010s,3,2,2,5
13547,25.703,94.338,1820.0,30.86,1878.0,33.6,30.6,35.7,40.0,32.4,19.1,0.191,Grassland,63.0,Nagaland,Phek,Chozuba,Debris,2015,1500–2000 m,30–40°,1500–2000 mm,50–100 m,2010s,4,4,2,3
13548,25.703,94.137,1344.0,23.31,1849.0,31.0,29.8,39.2,40.0,32.8,18.1,0.181,Tree cover,35.8,Nagaland,Kohima,Kohima Sadar,Debris,2014,1000–1500 m,20–30°,1500–2000 mm,10–50 m,2010s,3,3,2,2
13557,25.706,94.466,1359.0,29.37,1895.0,28.8,29.8,41.4,40.6,33.8,18.9,0.189,Tree cover,139.6,Nagaland,Phek,Phek Sadar,Debris,2010,1000–1500 m,20–30°,1500–2000 mm,100–500 m,2010s,3,3,2,4
13561,25.707,94.466,1341.0,28.56,1895.0,28.8,29.8,41.4,40.6,33.8,18.9,0.189,Tree cover,162.4,Nagaland,Phek,Phek Sadar,Debris,2010,1000–1500 m,20–30°,1500–2000 mm,100–500 m,2010s,3,3,2,4
13568,25.71,93.74,381.0,24.71,1610.0,33.1,31.4,35.5,38.3,28.5,16.9,0.169,Tree cover,3056.0,Nagaland,Dimapur,Medziphema,Debris,2017,0–500 m,20–30°,1500–2000 mm,>1000 m,2010s,1,3,2,6
13570,25.71092,94.09306,1408.0,24.72,1859.0,33.9,30.1,36.1,40.7,32.6,18.2,0.182,Tree cover,8.3,Nagaland,Kohima,Kohima Sadar,Debris,2014,1000–1500 m,20–30°,1500–2000 mm,0–10 m,2010s,3,3,2,1
13575,25.711396,91.895328,855.0,24.83,4273.0,29.6,41.2,29.1,42.1,33.1,15.5,0.155,Grassland,41.6,Meghalaya,RiBhoi,Umsning,Debris,2019,500–1000 m,20–30°,>4000 mm,10–50 m,2010s,2,3,6,2
13577,25.711443,91.890068,821.0,27.31,4242.0,28.8,42.3,28.9,41.4,33.1,16.6,0.166,Tree cover,33.4,Meghalaya,RiBhoi,Umsning,Debris,2019,500–1000 m,20–30°,>4000 mm,10–50 m,2010s,2,3,6,2
13579,25.712039,91.894618,843.0,20.48,4273.0,29.2,41.6,29.2,42.1,33.1,15.5,0.155,Tree cover,34.5,Meghalaya,RiBhoi,Umsning,Debris,2019,500–1000 m,20–30°,>4000 mm,10–50 m,2010s,2,3,6,2
13583,25.713,94.088,1385.0,25.38,1862.0,33.0,31.7,35.4,40.7,32.6,18.2,0.182,Tree cover,46.0,Nagaland,Kohima,Kohima Sadar,Debris,2011,1000–1500 m,20–30°,1500–2000 mm,10–50 m,2010s,3,3,2,2
13588,25.714,94.086,1364.0,25.05,1862.0,33.2,31.7,35.1,39.2,31.4,18.1,0.181,Tree cover,6.1,Nagaland,Kohima,Kohima Sadar,Debris,2009,1000–1500 m,20–30°,1500–2000 mm,0–10 m,2000s,3,3,2,1
13587,25.714,94.087,1385.0,28.69,1862.0,33.2,31.7,35.1,39.2,31.4,18.1,0.181,Built-up,13.0,Nagaland,Kohima,Kohima Sadar,Debris,2014,1000–1500 m,20–30°,1500–2000 mm,10–50 m,2010s,3,3,2,2
13589,25.714939,91.889524,810.0,35.05,4242.0,28.8,41.7,29.5,41.4,33.1,16.6,0.166,Tree cover,41.9,Meghalaya,RiBhoi,Umsning,Debris,2014,500–1000 m,30–40°,>4000 mm,10–50 m,2010s,2,4,6,2
13592,25.716,94.085,1366.0,32.01,1862.0,35.3,31.0,33.7,39.2,31.4,18.1,0.181,Tree cover,1.4,Nagaland,Kohima,Chiephobozou,Debris,2010,1000–1500 m,30–40°,1500–2000 mm,0–10 m,2010s,3,4,2,1
13598,25.71906,94.10883,1315.0,16.3,1828.0,32.1,31.2,36.7,39.3,32.2,18.2,0.182,Tree cover,27.8,Nagaland,Kohima,Chiephobozou,Debris,2014,1000–1500 m,10–20°,1500–2000 mm,10–50 m,2010s,3,2,2,2
13600,25.72,94.085,1317.0,16.99,1859.0,33.5,31.9,34.6,40.3,32.2,18.2,0.182,Tree cover,45.0,Nagaland,Kohima,Chiephobozou,Debris,2014,1000–1500 m,10–20°,1500–2000 mm,10–50 m,2010s,3,2,2,2
13602,25.721,94.084,1321.0,24.48,1859.0,33.5,31.9,34.6,40.3,32.2,18.2,0.182,Tree cover,25.7,Nagaland,Kohima,Chiephobozou,Debris,2009,1000–1500 m,20–30°,1500–2000 mm,10–50 m,2000s,3,3,2,2
13607,25.722,94.082,1301.0,21.81,1827.0,33.4,32.6,34.0,40.3,32.2,18.2,0.182,Tree cover,25.8,Nagaland,Kohima,Chiephobozou,Rock,2009,1000–1500 m,20–30°,1500–2000 mm,10–50 m,2000s,3,3,2,2
13606,25.722,94.081,1277.0,33.56,1827.0,33.5,32.5,34.0,39.0,30.5,17.4,0.174,Tree cover,17.6,Nagaland,Kohima,Chiephobozou,Debris,2010,1000–1500 m,30–40°,1500–2000 mm,10–50 m,2010s,3,4,2,2
13610,25.723873,91.884068,834.0,11.86,4182.0,29.3,40.7,30.0,41.4,32.9,17.0,0.17,Bare / sparse vegetation,30.9,Meghalaya,RiBhoi,Umsning,Rock,2014,500–1000 m,10–20°,>4000 mm,10–50 m,2010s,2,2,6,2
13611,25.724,93.777,404.0,23.37,1679.0,32.5,29.3,38.2,38.3,27.9,18.0,0.18,Tree cover,995.6,Nagaland,Dimapur,Medziphema,Rock,2010,0–500 m,20–30°,1500–2000 mm,500–1000 m,2010s,1,3,2,5
13612,25.72486,93.131083,160.0,28.54,1406.0,30.7,35.2,34.1,36.6,30.6,18.0,0.18,Tree cover,479.4,Assam,Dima Hasao,Haflong,Debris,2015,0–500 m,20–30°,<1500 mm,100–500 m,2010s,1,3,1,4
13616,25.726,94.076,1154.0,19.46,1831.0,35.1,31.7,33.2,39.0,30.5,17.4,0.174,Tree cover,75.9,Nagaland,Kohima,Chiephobozou,Debris,2015,1000–1500 m,10–20°,1500–2000 mm,50–100 m,2010s,3,2,2,3
13615,25.726,94.435,1127.0,30.82,1879.0,28.7,29.2,42.1,39.6,32.9,19.7,0.197,Tree cover,120.1,Nagaland,Phek,Phek Sadar,Debris,2012,1000–1500 m,30–40°,1500–2000 mm,100–500 m,2010s,3,4,2,4
13617,25.726,93.773,337.0,11.0,1633.0,31.6,30.8,37.6,37.7,27.8,16.4,0.164,Tree cover,1436.0,Nagaland,Dimapur,Medziphema,Debris,2010,0–500 m,10–20°,1500–2000 mm,>1000 m,2010s,1,2,2,6
13618,25.72628,94.10003,1216.0,14.48,1828.0,35.0,31.8,33.3,40.7,32.6,18.6,0.186,Built-up,274.2,Nagaland,Kohima,Chiephobozou,Debris,2014,1000–1500 m,10–20°,1500–2000 mm,100–500 m,2010s,3,2,2,4
13619,25.72739,94.10103,1231.0,16.71,1828.0,35.0,31.8,33.3,40.7,32.6,18.6,0.186,Tree cover,251.0,Nagaland,Kohima,Chiephobozou,Debris,2014,1000–1500 m,10–20°,1500–2000 mm,100–500 m,2010s,3,2,2,4
13622,25.72894,94.0855,1420.0,24.86,1872.0,33.7,31.6,34.7,40.8,31.3,18.3,0.183,Tree cover,109.1,Nagaland,Kohima,Chiephobozou,Debris,2014,1000–1500 m,20–30°,1500–2000 mm,100–500 m,2010s,3,3,2,4
13624,25.729,94.083,1355.0,26.71,1831.0,34.5,32.1,33.4,39.4,31.0,17.4,0.174,Tree cover,32.4,Nagaland,Kohima,Chiephobozou,Debris,2014,1000–1500 m,20–30°,1500–2000 mm,10–50 m,2010s,3,3,2,2
13626,25.731,94.087,1443.0,19.03,1872.0,33.3,32.3,34.4,40.8,31.3,18.3,0.183,Tree cover,53.8,Nagaland,Kohima,Chiephobozou,Debris,2010,1000–1500 m,10–20°,1500–2000 mm,50–100 m,2010s,3,2,2,3
13632,25.736,94.012,983.0,11.57,1806.0,34.1,32.8,33.1,39.5,30.9,17.5,0.175,Built-up,5.0,Nagaland,Phek,Sechu Zubza,Debris,2014,500–1000 m,10–20°,1500–2000 mm,0–10 m,2010s,2,2,2,1
13635,25.738,94.008,993.0,9.82,1807.0,35.1,30.7,34.1,39.4,31.1,16.7,0.167,Built-up,54.4,Nagaland,Kohima,Sechu Zubza,Debris,2009,500–1000 m,0–10°,1500–2000 mm,50–100 m,2000s,2,1,2,3
13640,25.743,93.798,344.0,24.73,1632.0,32.0,31.0,37.0,38.3,29.4,17.4,0.174,Tree cover,778.5,Nagaland,Dimapur,Medziphema,Debris,2010,0–500 m,20–30°,1500–2000 mm,500–1000 m,2010s,1,3,2,5
13646,25.745,94.338,1581.0,26.45,1876.0,32.1,29.4,38.5,40.2,32.9,18.8,0.188,Tree cover,730.0,Nagaland,Phek,Chozuba,Debris,2015,1500–2000 m,20–30°,1500–2000 mm,500–1000 m,2010s,4,3,2,5
13655,25.748,94.077,1179.0,25.1,1819.0,33.4,29.6,37.1,39.7,31.6,18.8,0.188,Tree cover,99.4,Nagaland,Kohima,Chiephobozou,Debris,2013,1000–1500 m,20–30°,1500–2000 mm,50–100 m,2010s,3,3,2,3
13657,25.75,93.97,995.0,20.84,1819.0,33.2,30.2,36.6,39.8,29.4,17.9,0.179,Tree cover,166.0,Nagaland,Dimapur,Medziphema,Debris,2018,500–1000 m,20–30°,1500–2000 mm,100–500 m,2010s,2,3,2,4
13663,25.751456,94.850217,1066.0,30.63,2048.0,27.7,30.2,42.1,39.1,33.5,18.0,0.18,Grassland,11.8,Nagaland,Kiphire,Pungro,Debris,2016,1000–1500 m,30–40°,2000–2500 mm,10–50 m,2010s,3,4,3,2
13667,25.752581,91.885428,807.0,23.25,4004.0,29.4,39.5,31.2,41.7,32.9,16.6,0.166,Tree cover,26.6,Meghalaya,RiBhoi,Umsning,Rock,2014,500–1000 m,20–30°,>4000 mm,10–50 m,2010s,2,3,6,2
13670,25.755936,94.846033,1080.0,31.54,2087.0,30.3,30.5,39.2,39.4,33.1,16.7,0.167,Tree cover,17.9,Nagaland,Kiphire,Pungro,Debris,2016,1000–1500 m,30–40°,2000–2500 mm,10–50 m,2010s,3,4,3,2
13671,25.75634,92.017832,961.0,27.53,3648.0,31.9,38.4,29.7,42.2,33.4,18.4,0.184,Grassland,366.4,Meghalaya,Ri-Bhoi,Bhoirymbong,Rock,2014,500–1000 m,20–30°,3000–4000 mm,100–500 m,2010s,2,3,5,4
13679,25.7578,94.7058,658.0,25.89,2062.0,33.8,28.1,38.1,39.7,34.1,18.7,0.187,Tree cover,5.1,Nagaland,Kiphire,Meluri,Debris,2016,500–1000 m,20–30°,2000–2500 mm,0–10 m,2010s,2,3,3,1
13681,25.759278,91.882861,769.0,6.35,3936.0,29.3,40.9,29.7,41.3,31.9,14.8,0.148,Tree cover,237.3,Meghalaya,Ri-Bhoi,Umsning,Soil,2015,500–1000 m,0–10°,3000–4000 mm,100–500 m,2010s,2,1,5,4
13687,25.76,93.94,751.0,39.68,1785.0,36.3,30.5,33.2,39.6,31.3,17.5,0.175,Tree cover,374.8,Nagaland,Dimapur,Medziphema,Debris,2018,500–1000 m,30–40°,1500–2000 mm,100–500 m,2010s,2,4,2,4
13684,25.76,93.95,972.0,27.49,1819.0,33.8,30.7,35.5,39.5,29.8,17.8,0.178,Tree cover,233.3,Nagaland,Dimapur,Medziphema,Debris,2018,500–1000 m,20–30°,1500–2000 mm,100–500 m,2010s,2,3,2,4
13690,25.760611,91.88225,748.0,13.5,3936.0,28.7,40.8,30.5,41.3,31.9,14.8,0.148,Tree cover,219.5,Meghalaya,Ri-Bhoi,Umsning,Soil,2015,500–1000 m,10–20°,3000–4000 mm,100–500 m,2010s,2,2,5,4
13700,25.767683,94.709381,648.0,20.94,2066.0,32.6,28.8,38.6,39.3,34.5,18.1,0.181,Tree cover,7.1,Nagaland,Kiphire,Longmatra,Debris,2016,500–1000 m,20–30°,2000–2500 mm,0–10 m,2010s,2,3,3,1
13724,25.77,93.98,536.0,6.41,1753.0,34.4,31.2,34.4,38.3,29.9,16.8,0.168,Tree cover,2142.3,Nagaland,Dimapur,Medziphema,Debris,2019,500–1000 m,0–10°,1500–2000 mm,>1000 m,2010s,2,1,2,6
13709,25.77,93.91,556.0,10.78,1747.0,33.2,31.5,35.3,38.8,29.8,17.9,0.179,Tree cover,278.9,Nagaland,Dimapur,Medziphema,Debris,2018,500–1000 m,10–20°,1500–2000 mm,100–500 m,2010s,2,2,2,4
13708,25.77,93.82,251.0,23.52,1620.0,31.0,32.3,36.7,38.6,28.5,15.8,0.158,Tree cover,145.9,Nagaland,Dimapur,Medziphema,Soil,2018,0–500 m,20–30°,1500–2000 mm,100–500 m,2010s,1,3,2,4
13731,25.776087,92.03754,919.0,23.55,3481.0,29.5,37.5,33.0,41.4,33.9,18.7,0.187,Tree cover,4.7,Meghalaya,Ri-Bhoi,Umsning,Debris,2015,500–1000 m,20–30°,3000–4000 mm,0–10 m,2010s,2,3,5,1
13738,25.78,93.92,635.0,25.0,1770.0,33.8,30.1,36.1,38.7,29.7,17.0,0.17,Tree cover,351.6,Nagaland,Dimapur,Medziphema,Debris,2018,500–1000 m,20–30°,1500–2000 mm,100–500 m,2010s,2,3,2,4
13734,25.78,93.93,775.0,18.59,1793.0,35.7,29.5,34.8,39.7,30.5,17.0,0.17,Tree cover,318.6,Nagaland,Dimapur,Medziphema,Debris,2019,500–1000 m,10–20°,1500–2000 mm,100–500 m,2010s,2,2,2,4
13737,25.78,93.8,254.0,20.59,1632.0,35.2,29.5,35.3,38.4,29.3,18.3,0.183,Tree cover,64.0,Nagaland,Dimapur,Medziphema,Rock,2018,0–500 m,20–30°,1500–2000 mm,50–100 m,2010s,1,3,2,3
13748,25.784961,94.789617,882.0,42.15,2068.0,31.2,29.6,39.2,40.3,34.3,18.7,0.187,Tree cover,1933.3,Nagaland,Kiphire,Longmatra,Debris,2016,500–1000 m,40–50°,2000–2500 mm,>1000 m,2010s,2,5,3,6
13749,25.786061,94.931447,1786.0,24.62,1984.0,29.0,30.8,40.2,40.5,33.5,18.5,0.185,Grassland,9.0,Nagaland,Kiphire,Khongsa,Debris,2015,1500–2000 m,20–30°,1500–2000 mm,0–10 m,2010s,4,3,2,1
13752,25.786433,94.519583,1350.0,32.18,1912.0,30.0,31.0,39.0,40.2,32.9,17.9,0.179,Tree cover,1421.4,Nagaland,Kiphire,Phek Sadar,Rock,2016,1000–1500 m,30–40°,1500–2000 mm,>1000 m,2010s,3,4,2,6
13754,25.786692,94.829933,881.0,37.3,2101.0,29.8,32.7,37.5,39.9,33.8,18.3,0.183,Grassland,12.1,Nagaland,Kiphire,Pungro,Debris,2015,500–1000 m,30–40°,2000–2500 mm,10–50 m,2010s,2,4,3,2
13757,25.787211,94.834275,862.0,32.07,2154.0,29.8,31.4,38.9,39.9,33.8,18.3,0.183,Tree cover,22.4,Nagaland,Kiphire,Pungro,Debris,2016,500–1000 m,30–40°,2000–2500 mm,10–50 m,2010s,2,4,3,2
13762,25.788847,94.856314,618.0,13.73,2184.0,29.3,33.6,37.1,39.9,32.2,17.8,0.178,Tree cover,9.9,Nagaland,Kiphire,Pungro,Debris,2015,500–1000 m,10–20°,2000–2500 mm,0–10 m,2010s,2,2,3,1
13763,25.788911,94.855664,626.0,40.03,2184.0,30.4,33.3,36.3,39.9,32.1,17.1,0.171,Grassland,8.6,Nagaland,Kiphire,Pungro,Debris,2015,500–1000 m,40–50°,2000–2500 mm,0–10 m,2010s,2,5,3,1
13764,25.789856,94.95825,1875.0,24.09,1999.0,30.7,29.9,39.3,40.2,32.4,18.8,0.188,Tree cover,5.1,Nagaland,Kiphire,Khongsa,Debris,2015,1500–2000 m,20–30°,1500–2000 mm,0–10 m,2010s,4,3,2,1
13766,25.789933,94.849811,694.0,35.99,2182.0,29.6,33.9,36.5,39.9,32.1,17.1,0.171,Tree cover,2.9,Nagaland,Kiphire,Pungro,Debris,2016,500–1000 m,30–40°,2000–2500 mm,0–10 m,2010s,2,4,3,1
13770,25.79,93.8,217.0,11.92,1655.0,32.4,32.0,35.7,39.0,30.0,17.2,0.172,Tree cover,39.5,Nagaland,Dimapur,Medziphema,Rock,2018,0–500 m,10–20°,1500–2000 mm,10–50 m,2010s,1,2,2,2
13773,25.79,93.78,244.0,28.59,1611.0,32.2,34.1,33.7,39.2,28.9,17.0,0.17,Tree cover,452.4,Nagaland,Dimapur,Chumukedima,Debris,2018,0–500 m,20–30°,1500–2000 mm,100–500 m,2010s,1,3,2,4
13774,25.792131,94.95655,1742.0,22.7,2022.0,30.1,31.3,38.6,40.1,32.9,17.8,0.178,Grassland,2.9,Nagaland,Kiphire,Khongsa,Debris,2015,1500–2000 m,20–30°,2000–2500 mm,0–10 m,2010s,4,3,3,1
13775,25.793333,94.958014,1763.0,25.7,2022.0,29.9,31.8,38.4,40.1,32.9,17.8,0.178,Grassland,5.3,Nagaland,Kiphire,Khongsa,Debris,2015,1500–2000 m,20–30°,2000–2500 mm,0–10 m,2010s,4,3,3,1
13777,25.795444,91.662111,768.0,22.99,4349.0,28.9,39.0,32.1,41.5,32.4,17.0,0.17,Tree cover,2652.7,Meghalaya,West Khasi Hills,Mairang,Soil,2016,500–1000 m,20–30°,>4000 mm,>1000 m,2010s,2,3,6,6
13778,25.795957,91.874672,647.0,36.59,3716.0,29.7,41.2,29.1,40.5,32.1,16.8,0.168,Tree cover,42.5,Meghalaya,RiBhoi,Umsning,Rock,2014,500–1000 m,30–40°,3000–4000 mm,10–50 m,2010s,2,4,5,2
13780,25.796657,92.143462,816.0,25.8,3112.0,30.0,40.4,29.5,41.7,32.8,16.1,0.161,Tree cover,947.9,Meghalaya,Ri-Bhoi,Bhoirymbong,Soil,2015,500–1000 m,20–30°,3000–4000 mm,500–1000 m,2010s,2,3,5,5
13781,25.79731,91.874076,638.0,36.77,3716.0,29.7,41.6,28.7,40.5,32.1,16.8,0.168,Tree cover,37.4,Meghalaya,RiBhoi,Umsning,Rock,2014,500–1000 m,30–40°,3000–4000 mm,10–50 m,2010s,2,4,5,2
13788,25.8,93.81,351.0,20.14,1689.0,33.2,32.6,34.2,38.9,28.9,17.3,0.173,Tree cover,685.2,Nagaland,Dimapur,Medziphema,Rock,2018,0–500 m,20–30°,1500–2000 mm,500–1000 m,2010s,1,3,2,5
13789,25.8,94.0,577.0,15.79,1730.0,33.6,28.9,37.5,39.7,31.1,18.8,0.188,Tree cover,2654.0,Nagaland,Dimapur,Chiephobozou,Debris,2017,500–1000 m,10–20°,1500–2000 mm,>1000 m,2010s,2,2,2,6
13790,25.8,93.8,224.0,7.69,1615.0,30.8,35.0,34.2,38.2,28.8,15.9,0.159,Tree cover,51.2,Nagaland,Dimapur,Medziphema,Rock,2018,0–500 m,0–10°,1500–2000 mm,50–100 m,2010s,1,1,2,3
13787,25.8,93.83,539.0,13.66,1673.0,35.3,31.0,33.6,38.8,29.5,16.7,0.167,Tree cover,2525.3,Nagaland,Dimapur,Medziphema,Debris,2017,500–1000 m,10–20°,1500–2000 mm,>1000 m,2010s,2,2,2,6
13795,25.804908,94.932467,2112.0,29.78,1938.0,30.7,31.5,37.8,40.4,33.7,18.7,0.187,Tree cover,16.6,Nagaland,Kiphire,Khongsa,Debris,2015,2000–3000 m,20–30°,1500–2000 mm,10–50 m,2010s,5,3,2,2
13798,25.807169,91.875022,602.0,30.17,3549.0,27.5,42.3,30.2,41.0,32.2,16.1,0.161,Tree cover,35.0,Meghalaya,RiBhoi,Umsning,Debris,2015,500–1000 m,30–40°,3000–4000 mm,10–50 m,2010s,2,4,5,2
13804,25.810964,94.527417,1318.0,39.6,1924.0,27.9,32.3,39.8,39.4,32.4,17.3,0.173,Grassland,1561.3,Nagaland,Kiphire,Khuza,Debris,2016,1000–1500 m,30–40°,1500–2000 mm,>1000 m,2010s,3,4,2,6
13806,25.811951,91.874726,578.0,31.48,3531.0,29.4,40.2,30.4,40.2,31.9,17.0,0.17,Tree cover,37.7,Meghalaya,RiBhoi,Umsning,Rock,2015,500–1000 m,30–40°,3000–4000 mm,10–50 m,2010s,2,4,5,2
13810,25.813064,94.971453,1759.0,28.83,2011.0,29.4,33.8,36.8,40.0,33.6,17.5,0.175,Grassland,6.3,Nagaland,Kiphire,Khongsa,Debris,2015,1500–2000 m,20–30°,2000–2500 mm,0–10 m,2010s,4,3,3,1
13811,25.813294,94.968222,1700.0,33.18,2011.0,29.5,33.0,37.5,40.1,33.8,18.3,0.183,Grassland,14.2,Nagaland,Kiphire,Khongsa,Debris,2014,1500–2000 m,30–40°,2000–2500 mm,10–50 m,2010s,4,4,3,2
13812,25.814272,94.968933,1690.0,35.8,2011.0,29.5,33.0,37.5,40.1,33.8,18.3,0.183,Tree cover,11.2,Nagaland,Kiphire,Khongsa,Debris,2014,1500–2000 m,30–40°,2000–2500 mm,10–50 m,2010s,4,4,3,2
13815,25.814625,94.971819,1785.0,22.84,2011.0,29.0,34.3,36.7,40.0,33.6,17.5,0.175,Grassland,2.8,Nagaland,Kiphire,Khongsa,Debris,2015,1500–2000 m,20–30°,2000–2500 mm,0–10 m,2010s,4,3,3,1
13816,25.814822,94.950353,2057.0,22.99,1948.0,30.1,33.5,36.5,39.8,35.5,17.6,0.176,Tree cover,16.5,Nagaland,Kiphire,Khongsa,Debris,2016,2000–3000 m,20–30°,1500–2000 mm,10–50 m,2010s,5,3,2,2
13821,25.817164,94.975969,1834.0,31.94,1982.0,30.7,31.8,37.5,40.0,33.6,17.5,0.175,Tree cover,11.3,Nagaland,Kiphire,Khongsa,Debris,2015,1500–2000 m,30–40°,1500–2000 mm,10–50 m,2010s,4,4,2,2
13825,25.818947,94.8075,741.0,26.94,2158.0,27.9,30.0,42.1,39.9,33.8,18.0,0.18,Grassland,4.0,Nagaland,Kiphire,Longmatra,Debris,2016,500–1000 m,20–30°,2000–2500 mm,0–10 m,2010s,2,3,3,1
13826,25.820367,94.820367,911.0,27.98,2123.0,28.0,30.3,41.6,39.9,33.7,17.7,0.177,Tree cover,1250.5,Nagaland,Kiphire,Pungro,Debris,2016,500–1000 m,20–30°,2000–2500 mm,>1000 m,2010s,2,3,3,6
13828,25.820689,94.767353,564.0,2.12,2132.0,31.7,30.2,38.2,40.1,34.4,17.8,0.178,Tree cover,20.7,Nagaland,Kiphire,Longmatra,Debris,2016,500–1000 m,0–10°,2000–2500 mm,10–50 m,2010s,2,1,3,2
13830,25.821589,94.708056,1369.0,34.01,1968.0,29.5,32.5,38.0,40.1,32.9,18.8,0.188,Tree cover,1462.7,Nagaland,Kiphire,Sitimi,Debris,2016,1000–1500 m,30–40°,1500–2000 mm,>1000 m,2010s,3,4,2,6
13840,25.827608,94.783028,697.0,34.13,2107.0,30.8,29.5,39.7,40.4,34.1,19.0,0.19,Tree cover,23.6,Nagaland,Kiphire,Longmatra,Debris,2016,500–1000 m,30–40°,2000–2500 mm,10–50 m,2010s,2,4,3,2
13845,25.828928,94.898075,1690.0,43.99,2014.0,30.9,30.8,38.3,40.4,32.5,18.3,0.183,Grassland,14.0,Nagaland,Kiphire,Pungro,Debris,2016,1500–2000 m,40–50°,2000–2500 mm,10–50 m,2010s,4,5,3,2
13847,25.829728,94.792592,628.0,29.99,2178.0,30.5,31.0,38.5,40.1,34.1,17.5,0.175,Grassland,11.7,Nagaland,Kiphire,Longmatra,Debris,2016,500–1000 m,20–30°,2000–2500 mm,10–50 m,2010s,2,3,3,2
13850,25.83,91.05,108.0,4.96,2260.0,29.4,37.1,33.5,39.8,33.2,17.4,0.174,Tree cover,4625.7,Meghalaya,West Khasi Hills,Mawshynrut,Soil,2019,0–500 m,0–10°,2000–2500 mm,>1000 m,2010s,1,1,3,6
13856,25.833644,94.518333,824.0,33.32,1945.0,30.6,28.3,41.1,39.7,32.9,18.6,0.186,Tree cover,2048.7,Nagaland,Kiphire,Satakha,Debris,2016,500–1000 m,30–40°,1500–2000 mm,>1000 m,2010s,2,4,2,6
13857,25.834436,94.795519,587.0,37.16,2156.0,31.8,30.5,37.7,40.1,34.1,17.5,0.175,Grassland,25.3,Nagaland,Kiphire,Kiphire Sadar,Debris,2016,500–1000 m,30–40°,2000–2500 mm,10–50 m,2010s,2,4,3,2
13859,25.836419,94.526964,850.0,20.74,1941.0,35.9,29.0,35.1,39.0,33.3,18.4,0.184,Tree cover,1269.9,Nagaland,Kiphire,Satoi,Debris,2016,500–1000 m,20–30°,1500–2000 mm,>1000 m,2010s,2,3,2,6
13860,25.838592,94.788669,585.0,31.86,2157.0,33.4,29.7,36.9,39.7,33.9,17.8,0.178,Grassland,13.5,Nagaland,Kiphire,Longmatra,Debris,2016,500–1000 m,30–40°,2000–2500 mm,10–50 m,2010s,2,4,3,2
13861,25.838681,94.788925,570.0,31.09,2157.0,33.4,29.7,36.9,39.7,33.9,17.8,0.178,Built-up,8.5,Nagaland,Kiphire,Longmatra,Debris,2016,500–1000 m,30–40°,2000–2500 mm,0–10 m,2010s,2,4,3,1
13870,25.83986,94.15528,1460.0,10.15,1876.0,32.8,28.6,38.5,40.5,33.6,19.0,0.19,Grassland,155.1,Nagaland,Kohima,Chiephobozou,Debris,2014,1000–1500 m,10–20°,1500–2000 mm,100–500 m,2010s,3,2,2,4
13873,25.84,93.98,506.0,25.0,1724.0,41.9,28.7,29.4,38.4,29.3,16.8,0.168,Tree cover,446.5,Nagaland,Dimapur,Medziphema,Rock,2015,500–1000 m,20–30°,1500–2000 mm,100–500 m,2010s,2,3,2,4
13871,25.84,91.35,75.0,26.13,2245.0,31.1,36.4,32.5,39.3,32.7,15.7,0.157,Tree cover,736.7,Assam,Kamrup (Rural),Chhaygaon,Debris,2018,0–500 m,20–30°,2000–2500 mm,500–1000 m,2010s,1,3,3,5
13881,25.842358,94.702953,1818.0,38.02,1957.0,32.7,31.8,35.4,40.8,34.0,18.6,0.186,Tree cover,9.0,Nagaland,Kiphire,Sitimi,Rock,2016,1500–2000 m,30–40°,1500–2000 mm,0–10 m,2010s,4,4,2,1
13884,25.842742,94.503003,1568.0,12.9,1918.0,31.6,33.4,35.0,40.2,32.1,18.9,0.189,Tree cover,2460.0,Nagaland,Kiphire,Satakha,Debris,2016,1500–2000 m,10–20°,1500–2000 mm,>1000 m,2010s,4,2,2,6
13900,25.848194,94.916169,1508.0,39.9,2024.0,28.6,32.8,38.6,39.9,32.3,18.9,0.189,Grassland,3.9,Nagaland,Kiphire,Pungro,Debris,2016,1500–2000 m,30–40°,2000–2500 mm,0–10 m,2010s,4,4,3,1
13902,25.848958,94.755311,973.0,18.07,2093.0,29.2,30.4,40.4,39.9,32.8,19.8,0.198,Tree cover,5.1,Nagaland,Kiphire,Sitimi,Debris,2016,500–1000 m,10–20°,2000–2500 mm,0–10 m,2010s,2,2,3,1
13909,25.850458,94.530347,925.0,26.67,1942.0,31.9,30.1,38.0,39.6,32.3,17.8,0.178,Grassland,19.5,Nagaland,Kiphire,Satoi,Debris,2016,500–1000 m,20–30°,1500–2000 mm,10–50 m,2010s,2,3,2,2
13913,25.851617,94.528211,908.0,18.5,1942.0,35.1,27.1,37.8,39.1,32.9,18.6,0.186,Tree cover,3.3,Nagaland,Kiphire,Satakha,Debris,2016,500–1000 m,10–20°,1500–2000 mm,0–10 m,2010s,2,2,2,1
13917,25.852222,91.881361,597.0,10.55,3321.0,28.2,40.8,31.0,41.0,31.5,16.8,0.168,Tree cover,295.3,Meghalaya,Ri-Bhoi,Umling,Soil,2015,500–1000 m,10–20°,3000–4000 mm,100–500 m,2010s,2,2,5,4
13918,25.853111,91.881583,591.0,3.41,3321.0,28.2,40.8,31.0,41.0,31.5,16.8,0.168,Tree cover,269.4,Meghalaya,Ri-Bhoi,Umling,Debris,2015,500–1000 m,0–10°,3000–4000 mm,100–500 m,2010s,2,1,5,4
13926,25.857789,94.523589,867.0,40.49,1934.0,31.6,29.0,39.4,39.1,32.7,17.8,0.178,Tree cover,23.6,Nagaland,Kiphire,Satakha,Debris,2016,500–1000 m,40–50°,1500–2000 mm,10–50 m,2010s,2,5,2,2
13929,25.86,93.99,402.0,19.24,1701.0,38.0,30.9,31.0,38.2,28.4,16.8,0.168,Tree cover,432.0,Nagaland,Dimapur,Chiephobozou,Debris,2019,0–500 m,10–20°,1500–2000 mm,100–500 m,2010s,1,2,2,4
13931,25.861553,94.820553,931.0,38.66,2114.0,27.1,30.9,42.0,40.4,34.3,17.6,0.176,Tree cover,7.4,Nagaland,Kiphire,Pungro,Debris,2016,500–1000 m,30–40°,2000–2500 mm,0–10 m,2010s,2,4,3,1
13937,25.86575,92.153286,670.0,27.63,2844.0,27.3,39.1,33.6,41.0,32.3,15.2,0.152,Tree cover,908.5,Meghalaya,Ri-Bhoi,Umsning,Soil,2015,500–1000 m,20–30°,2500–3000 mm,500–1000 m,2010s,2,3,4,5
13938,25.865894,91.880278,544.0,25.57,3207.0,27.3,41.2,31.5,40.2,32.0,15.8,0.158,Tree cover,29.5,Meghalaya,Ri-Bhoi,Umling,Soil,2015,500–1000 m,20–30°,3000–4000 mm,10–50 m,2010s,2,3,5,2
13944,25.872444,94.950069,1818.0,10.92,1988.0,29.4,32.5,38.1,40.1,33.8,18.3,0.183,Tree cover,4.4,Nagaland,Kiphire,Pungro,Debris,2015,1500–2000 m,10–20°,1500–2000 mm,0–10 m,2010s,4,2,2,1
13955,25.879925,94.632275,1923.0,29.31,1891.0,34.0,32.2,33.8,40.3,34.1,19.0,0.19,Grassland,8.7,Nagaland,Kiphire,Seyochung,Debris,2016,1500–2000 m,20–30°,1500–2000 mm,0–10 m,2010s,4,3,2,1
13956,25.880069,94.628103,1899.0,34.07,1891.0,32.4,32.5,35.1,40.3,34.1,19.0,0.19,Tree cover,3.2,Nagaland,Kiphire,Seyochung,Rock,2016,1500–2000 m,30–40°,1500–2000 mm,0–10 m,2010s,4,4,2,1
13961,25.881489,94.962525,1935.0,16.07,1977.0,29.1,31.1,39.7,40.2,32.7,18.0,0.18,Tree cover,26.0,Nagaland,Kiphire,Pungro,Debris,2015,1500–2000 m,10–20°,1500–2000 mm,10–50 m,2010s,4,2,2,2
13963,25.881797,94.654425,1898.0,42.97,1926.0,31.5,35.2,33.4,39.9,35.0,17.6,0.176,Tree cover,8.8,Nagaland,Kiphire,Seyochung,Rock,2016,1500–2000 m,40–50°,1500–2000 mm,0–10 m,2010s,4,5,2,1
13965,25.883108,94.919106,1240.0,17.45,2076.0,27.8,32.9,39.2,39.6,31.8,18.5,0.185,Tree cover,31.9,Nagaland,Kiphire,Pungro,Debris,2015,1000–1500 m,10–20°,2000–2500 mm,10–50 m,2010s,3,2,3,2
13970,25.886089,94.542711,1493.0,35.27,1933.0,29.4,31.3,39.4,39.8,32.7,19.0,0.19,Tree cover,1926.4,Nagaland,Kiphire,Aghunato,Debris,2016,1000–1500 m,30–40°,1500–2000 mm,>1000 m,2010s,3,4,2,6
13973,25.887303,94.788144,1137.0,24.65,2083.0,25.7,32.7,41.7,39.7,33.9,17.5,0.175,Grassland,238.1,Nagaland,Kiphire,Kiphire Sadar,Debris,2016,1000–1500 m,20–30°,2000–2500 mm,100–500 m,2010s,3,3,3,4
13975,25.887917,94.795558,895.0,29.34,2120.0,29.0,31.3,39.7,39.6,33.5,17.9,0.179,Tree cover,36.0,Nagaland,Kiphire,Kiphire Sadar,Rock,2016,500–1000 m,20–30°,2000–2500 mm,10–50 m,2010s,2,3,3,2
13982,25.893797,94.821944,558.0,34.35,2198.0,32.9,28.7,38.4,39.3,32.6,18.3,0.183,Grassland,16.0,Nagaland,Kiphire,Pungro,Debris,2016,500–1000 m,30–40°,2000–2500 mm,10–50 m,2010s,2,4,3,2
13983,25.895111,94.650258,2051.0,21.52,1887.0,31.4,33.6,35.1,40.5,33.8,18.7,0.187,Tree cover,32.7,Nagaland,Kiphire,Seyochung,Debris,2016,2000–3000 m,20–30°,1500–2000 mm,10–50 m,2010s,5,3,2,2
13985,25.896244,94.758128,1560.0,36.74,1995.0,28.6,31.7,39.7,39.7,32.9,18.5,0.185,Tree cover,4.4,Nagaland,Kiphire,Kiphire Sadar,Debris,2016,1500–2000 m,30–40°,1500–2000 mm,0–10 m,2010s,4,4,2,1
13987,25.896511,94.646325,2010.0,30.14,1860.0,31.7,32.7,35.6,40.5,33.8,18.7,0.187,Tree cover,17.5,Nagaland,Kiphire,Seyochung,Rock,2016,2000–3000 m,30–40°,1500–2000 mm,10–50 m,2010s,5,4,2,2
13988,25.898825,94.629367,1904.0,27.47,1922.0,32.4,31.5,36.1,40.5,33.8,18.8,0.188,Tree cover,121.1,Nagaland,Kiphire,Seyochung,Debris,2015,1500–2000 m,20–30°,1500–2000 mm,100–500 m,2010s,4,3,2,4
13989,25.899767,94.640067,2185.0,39.81,1881.0,32.8,31.8,35.5,40.4,34.3,18.1,0.181,Grassland,18.6,Nagaland,Kiphire,Seyochung,Debris,2016,2000–3000 m,30–40°,1500–2000 mm,10–50 m,2010s,5,4,2,2
13990,25.899894,94.624047,1813.0,41.21,1947.0,30.5,31.7,37.9,39.9,32.3,18.0,0.18,Tree cover,119.8,Nagaland,Kiphire,Seyochung,Debris,2011,1500–2000 m,40–50°,1500–2000 mm,100–500 m,2010s,4,5,2,4
13995,25.905494,94.769017,1390.0,37.37,2015.0,28.2,32.7,39.1,39.8,33.3,17.9,0.179,Grassland,51.9,Nagaland,Kiphire,Kiphire Sadar,Debris,2016,1000–1500 m,30–40°,2000–2500 mm,50–100 m,2010s,3,4,3,3
14008,25.911931,94.793292,1055.0,23.88,2104.0,26.0,31.9,42.1,39.5,33.1,17.1,0.171,Grassland,54.6,Nagaland,Kiphire,Kiphire Sadar,Debris,2016,1000–1500 m,20–30°,2000–2500 mm,50–100 m,2010s,3,3,3,3
14012,25.915344,94.828308,661.0,31.95,2197.0,32.1,31.6,36.3,39.6,33.6,17.9,0.179,Tree cover,2.5,Nagaland,Kiphire,Kiphire Sadar,Debris,2016,500–1000 m,30–40°,2000–2500 mm,0–10 m,2010s,2,4,3,1
14014,25.915925,94.824992,854.0,32.18,2135.0,30.4,31.9,37.7,39.7,33.4,17.7,0.177,Tree cover,1.0,Nagaland,Kiphire,Kiphire Sadar,Debris,2016,500–1000 m,30–40°,2000–2500 mm,0–10 m,2010s,2,4,3,1
14018,25.919689,94.839167,625.0,41.49,2205.0,31.0,31.5,37.5,39.1,31.7,15.9,0.159,Tree cover,2.0,Nagaland,Kiphire,Pungro,Debris,2016,500–1000 m,40–50°,2000–2500 mm,0–10 m,2010s,2,5,3,1
14021,25.922767,94.565056,1945.0,30.82,1876.0,31.4,30.5,38.2,40.7,33.8,19.3,0.193,Tree cover,4.2,Nagaland,Kiphire,Aghunato,Debris,2016,1500–2000 m,30–40°,1500–2000 mm,0–10 m,2010s,4,4,2,1
14022,25.9235,91.574222,464.0,18.57,3224.0,31.6,39.9,28.5,40.9,31.6,16.7,0.167,Tree cover,5769.8,Meghalaya,Ri-Bhoi,Jirang,Debris,2016,0–500 m,10–20°,3000–4000 mm,>1000 m,2010s,1,2,5,6
14023,25.9255,94.760419,1874.0,4.9,1964.0,31.1,35.0,33.8,40.9,33.3,18.6,0.186,Tree cover,4.3,Nagaland,Kiphire,Amahator,Debris,2016,1500–2000 m,0–10°,1500–2000 mm,0–10 m,2010s,4,1,2,1
14025,25.927972,91.877194,591.0,15.59,3197.0,30.3,38.6,31.1,40.5,31.9,16.7,0.167,Tree cover,254.9,Meghalaya,Ri-Bhoi,Umling,Soil,2015,500–1000 m,10–20°,3000–4000 mm,100–500 m,2010s,2,2,5,4
14027,25.930386,91.571822,506.0,30.36,3329.0,29.1,40.3,30.6,41.0,30.8,16.9,0.169,Grassland,4975.8,Meghalaya,Ri-Bhoi,Jirang,Soil,2016,500–1000 m,30–40°,3000–4000 mm,>1000 m,2010s,2,4,5,6
14031,25.934647,94.787967,897.0,36.17,2110.0,29.2,32.2,38.6,39.1,33.0,18.2,0.182,Tree cover,9.7,Nagaland,Kiphire,Kiphire Sadar,Rock,2016,500–1000 m,30–40°,2000–2500 mm,0–10 m,2010s,2,4,3,1
14032,25.934889,91.714389,293.0,23.95,2499.0,25.2,38.1,36.7,40.6,30.6,15.6,0.156,Tree cover,10559.0,Meghalaya,Ri-Bhoi,Jirang,Soil,2016,0–500 m,20–30°,2000–2500 mm,>1000 m,2010s,1,3,3,6
14034,25.935708,91.714556,276.0,26.79,2499.0,25.2,38.1,36.7,40.6,30.6,15.6,0.156,Tree cover,10520.7,Meghalaya,Ri-Bhoi,Jirang,Soil,2016,0–500 m,20–30°,2000–2500 mm,>1000 m,2010s,1,3,3,6
14035,25.935833,91.56525,472.0,28.42,3057.0,31.6,39.5,28.8,40.9,31.7,16.5,0.165,Tree cover,4148.6,Meghalaya,Ri-Bhoi,Jirang,Soil,2016,0–500 m,20–30°,3000–4000 mm,>1000 m,2010s,1,3,5,6
14036,25.935908,91.564903,472.0,26.58,3057.0,29.3,40.1,30.6,40.9,31.7,16.5,0.165,Grassland,4127.6,Meghalaya,Ri-Bhoi,Jirang,Soil,2016,0–500 m,20–30°,3000–4000 mm,>1000 m,2010s,1,3,5,6
14039,25.936583,91.563917,476.0,37.44,3057.0,29.3,40.1,30.6,40.9,31.7,16.5,0.165,Tree cover,4021.1,Meghalaya,Ri-Bhoi,Jirang,Debris,2016,0–500 m,30–40°,3000–4000 mm,>1000 m,2010s,1,4,5,6
14041,25.938447,94.7843,920.0,39.0,2110.0,31.5,32.2,36.3,39.6,32.5,18.4,0.184,Tree cover,6.9,Nagaland,Kiphire,Kiphire Sadar,Debris,2016,500–1000 m,30–40°,2000–2500 mm,0–10 m,2010s,2,4,3,1
14042,25.939139,94.649311,1991.0,28.46,1903.0,31.8,32.5,35.7,40.9,33.9,18.6,0.186,Tree cover,4.2,Nagaland,Kiphire,Seyochung,Debris,2015,1500–2000 m,20–30°,1500–2000 mm,0–10 m,2010s,4,3,2,1
14043,25.940053,94.797197,1089.0,38.52,2102.0,29.2,32.2,38.6,39.1,33.0,18.2,0.182,Tree cover,4.1,Nagaland,Kiphire,Kiphire Sadar,Rock,2016,1000–1500 m,30–40°,2000–2500 mm,0–10 m,2010s,3,4,3,1
14044,25.940317,94.650583,2005.0,34.52,1927.0,31.8,32.5,35.7,40.9,33.9,18.6,0.186,Tree cover,1.8,Nagaland,Kiphire,Seyochung,Debris,2015,2000–3000 m,30–40°,1500–2000 mm,0–10 m,2010s,5,4,2,1
14045,25.940439,91.563069,445.0,22.61,3057.0,30.1,40.2,29.7,40.9,31.7,16.5,0.165,Tree cover,3591.1,Meghalaya,Ri-Bhoi,Jirang,Soil,2016,0–500 m,20–30°,3000–4000 mm,>1000 m,2010s,1,3,5,6
14046,25.940703,94.750969,1966.0,34.75,1924.0,32.3,32.5,35.1,40.6,31.4,18.9,0.189,Tree cover,1.4,Nagaland,Kiphire,Amahator,Debris,2015,1500–2000 m,30–40°,1500–2000 mm,0–10 m,2010s,4,4,2,1
14047,25.940872,94.586361,1801.0,23.02,1927.0,31.5,30.6,37.9,40.3,34.5,19.1,0.191,Tree cover,0.5,Nagaland,Kiphire,Aghunato,Debris,2015,1500–2000 m,20–30°,1500–2000 mm,0–10 m,2010s,4,3,2,1
14048,25.940978,91.724644,314.0,18.6,2556.0,25.4,39.1,35.5,40.4,30.7,15.6,0.156,Tree cover,9406.0,Meghalaya,Ri-Bhoi,Jirang,Soil,2016,0–500 m,10–20°,2500–3000 mm,>1000 m,2010s,1,2,4,6
14050,25.941525,94.652408,2016.0,28.16,1927.0,32.1,32.2,35.7,40.9,33.9,18.6,0.186,Tree cover,5.7,Nagaland,Kiphire,Seyochung,Debris,2015,2000–3000 m,20–30°,1500–2000 mm,0–10 m,2010s,5,3,2,1
14060,25.946611,92.305361,563.0,16.64,2305.0,28.7,36.4,34.8,39.3,31.9,15.4,0.154,Tree cover,16.9,Assam,West Karbi Anglong,Donka,Debris,2015,500–1000 m,10–20°,2000–2500 mm,10–50 m,2010s,2,2,3,2
14064,25.948886,94.706133,1803.0,30.63,1955.0,27.7,32.5,39.7,40.2,34.3,19.3,0.193,Tree cover,576.6,Nagaland,Kiphire,Amahator,Rock,2016,1500–2000 m,30–40°,1500–2000 mm,500–1000 m,2010s,4,4,2,5
14066,25.95,91.28,69.0,0.57,1942.0,29.6,34.6,35.9,39.4,31.2,14.8,0.148,Tree cover,1175.1,Assam,Kamrup (Rural),Chhaygaon,Debris,2019,0–500 m,0–10°,1500–2000 mm,>1000 m,2010s,1,1,2,6
14078,25.954636,94.607456,1540.0,31.43,1947.0,29.4,31.7,38.9,39.7,32.9,18.1,0.181,Tree cover,17.6,Nagaland,Kiphire,Aghunato,Debris,2015,1500–2000 m,30–40°,1500–2000 mm,10–50 m,2010s,4,4,2,2
14079,25.954889,91.858667,419.0,18.13,2773.0,26.0,41.6,32.4,39.9,31.5,14.3,0.143,Tree cover,11.3,Meghalaya,Ri-Bhoi,Umling,Debris,2016,0–500 m,10–20°,2500–3000 mm,10–50 m,2010s,1,2,4,2
14081,25.955769,94.605419,1596.0,36.59,1947.0,28.7,31.7,39.6,39.6,33.4,19.2,0.192,Tree cover,0.1,Nagaland,Kiphire,Aghunato,Debris,2015,1500–2000 m,30–40°,1500–2000 mm,0–10 m,2010s,4,4,2,1
14082,25.956083,94.719475,1879.0,34.82,1937.0,30.5,32.7,36.8,40.3,33.4,18.7,0.187,Tree cover,4.4,Nagaland,Kiphire,Amahator,Debris,2016,1500–2000 m,30–40°,1500–2000 mm,0–10 m,2010s,4,4,2,1
14083,25.956333,91.85725,400.0,7.63,2604.0,28.1,39.7,32.2,39.9,31.5,14.3,0.143,Tree cover,33.9,Meghalaya,Ri-Bhoi,Umling,Soil,2015,0–500 m,0–10°,2500–3000 mm,10–50 m,2010s,1,1,4,2
14084,25.956781,91.852883,398.0,31.63,2604.0,29.3,39.0,31.6,39.9,31.5,14.3,0.143,Tree cover,28.2,Meghalaya,Ri-Bhoi,Umling,Soil,2015,0–500 m,30–40°,2500–3000 mm,10–50 m,2010s,1,4,4,2
14086,25.958047,94.597519,1729.0,26.16,1938.0,27.1,32.3,40.7,40.7,33.7,19.4,0.194,Tree cover,117.5,Nagaland,Kiphire,Aghunato,Debris,2015,1500–2000 m,20–30°,1500–2000 mm,100–500 m,2010s,4,3,2,4
14088,25.958886,91.851242,349.0,28.23,2346.0,29.3,39.2,31.5,39.7,32.2,15.3,0.153,Tree cover,47.9,Meghalaya,Ri-Bhoi,Umling,Soil,2015,0–500 m,20–30°,2000–2500 mm,10–50 m,2010s,1,3,3,2
14090,25.96,91.857,306.0,25.67,2346.0,28.1,39.5,32.4,39.9,31.5,14.3,0.143,Tree cover,54.4,Meghalaya,Ri-Bhoi,Umling,Soil,2015,0–500 m,20–30°,2000–2500 mm,50–100 m,2010s,1,3,3,3
14094,25.962494,94.818667,1128.0,25.32,2117.0,27.1,33.7,39.2,39.4,32.7,17.8,0.178,Tree cover,11.4,Nagaland,Kiphire,Kiphire Sadar,Rock,2016,1000–1500 m,20–30°,2000–2500 mm,10–50 m,2010s,3,3,3,2
14096,25.962689,94.816972,1142.0,34.37,2117.0,27.1,33.7,39.2,39.4,32.7,17.8,0.178,Tree cover,24.9,Nagaland,Kiphire,Kiphire Sadar,Rock,2016,1000–1500 m,30–40°,2000–2500 mm,10–50 m,2010s,3,4,3,2
14098,25.963,94.614097,1480.0,26.76,1960.0,27.8,30.6,41.6,39.9,33.3,17.4,0.174,Tree cover,11.6,Nagaland,Kiphire,Aghunato,Debris,2015,1000–1500 m,20–30°,1500–2000 mm,10–50 m,2010s,3,3,2,2
14099,25.964283,94.619592,1422.0,29.38,1978.0,27.6,32.1,40.3,39.9,33.3,17.4,0.174,Tree cover,19.5,Nagaland,Kiphire,Tokiye,Debris,2015,1000–1500 m,20–30°,1500–2000 mm,10–50 m,2010s,3,3,2,2
14100,25.9645,94.632583,1204.0,29.89,1990.0,29.9,31.0,39.2,39.3,32.1,17.1,0.171,Grassland,15.4,Nagaland,Kiphire,Seyochung,Debris,2015,1000–1500 m,20–30°,1500–2000 mm,10–50 m,2010s,3,3,2,2
14101,25.964631,94.574406,1923.0,6.52,1897.0,32.6,31.3,36.1,40.4,34.2,17.9,0.179,Tree cover,3.2,Nagaland,Kiphire,Aghunato,Debris,2016,1500–2000 m,0–10°,1500–2000 mm,0–10 m,2010s,4,1,2,1
14107,25.96667,92.356917,663.0,12.82,2291.0,29.1,36.9,34.0,40.2,31.5,15.6,0.156,Tree cover,44.8,Assam,West Karbi Anglong,Donka,Soil,2016,500–1000 m,10–20°,2000–2500 mm,10–50 m,2010s,2,2,3,2
14108,25.966742,94.502006,1767.0,28.75,1881.0,30.8,31.2,38.0,40.0,32.2,18.3,0.183,Tree cover,47.5,Nagaland,Kiphire,Zunheboto Sadar,Debris,2016,1500–2000 m,20–30°,1500–2000 mm,10–50 m,2010s,4,3,2,2
14111,25.968006,94.574256,1892.0,37.07,1870.0,32.8,31.0,36.1,40.5,33.5,18.2,0.182,Tree cover,6.2,Nagaland,Kiphire,Aghunato,Debris,2016,1500–2000 m,30–40°,1500–2000 mm,0–10 m,2010s,4,4,2,1
14115,25.969628,94.634169,1217.0,33.22,1989.0,30.2,31.4,38.4,39.3,32.1,17.1,0.171,Tree cover,49.7,Nagaland,Kiphire,Seyochung,Debris,2015,1000–1500 m,30–40°,1500–2000 mm,10–50 m,2010s,3,4,2,2
14116,25.970032,92.056762,604.0,32.79,2745.0,29.8,39.5,30.7,41.1,31.4,15.7,0.157,Grassland,3910.2,Meghalaya,Ri-Bhoi,Umling,Soil,2015,500–1000 m,30–40°,2500–3000 mm,>1000 m,2010s,2,4,4,6
14120,25.970531,94.574903,1845.0,38.04,1870.0,32.5,31.6,35.8,40.4,33.4,19.6,0.196,Tree cover,8.4,Nagaland,Kiphire,Aghunato,Debris,2016,1500–2000 m,30–40°,1500–2000 mm,0–10 m,2010s,4,4,2,1
14125,25.97175,94.504619,1783.0,25.47,1881.0,32.0,32.9,35.2,40.9,33.4,19.2,0.192,Tree cover,16.7,Nagaland,Kiphire,Zunheboto Sadar,Debris,2016,1500–2000 m,20–30°,1500–2000 mm,10–50 m,2010s,4,3,2,2
14126,25.971897,91.562372,275.0,32.24,2575.0,27.4,39.0,33.6,39.7,31.9,16.0,0.16,Tree cover,1061.6,Meghalaya,Ri-Bhoi,Jirang,Soil,2016,0–500 m,30–40°,2500–3000 mm,>1000 m,2010s,1,4,4,6
14127,25.972322,91.561125,285.0,24.7,2575.0,27.2,39.5,33.3,39.7,31.9,16.0,0.16,Tree cover,933.0,Meghalaya,Ri-Bhoi,Jirang,Soil,2016,0–500 m,20–30°,2500–3000 mm,500–1000 m,2010s,1,3,4,5
14129,25.972469,91.560822,274.0,27.74,2575.0,27.2,39.5,33.3,39.7,31.9,16.0,0.16,Tree cover,901.7,Meghalaya,Ri-Bhoi,Jirang,Soil,2016,0–500 m,20–30°,2500–3000 mm,500–1000 m,2010s,1,3,4,5
14131,25.972636,94.511444,1633.0,29.92,1921.0,31.4,31.6,37.0,40.9,34.4,18.8,0.188,Tree cover,120.5,Nagaland,Kiphire,Zunheboto Sadar,Debris,2016,1500–2000 m,20–30°,1500–2000 mm,100–500 m,2010s,4,3,2,4
14134,25.977194,92.354778,567.0,25.0,2210.0,31.1,37.2,31.7,39.4,29.8,14.9,0.149,Tree cover,1.7,Assam,West Karbi Anglong,Donka,Debris,2016,500–1000 m,20–30°,2000–2500 mm,0–10 m,2010s,2,3,3,1
14136,25.978481,91.569575,386.0,28.99,2915.0,28.3,38.8,32.9,39.7,31.9,16.0,0.16,Tree cover,1880.5,Meghalaya,Ri-Bhoi,Jirang,Soil,2016,0–500 m,20–30°,2500–3000 mm,>1000 m,2010s,1,3,4,6
14137,25.978803,91.860278,299.0,24.79,2396.0,30.1,37.4,32.5,40.0,31.5,16.2,0.162,Tree cover,39.2,Meghalaya,Ri-Bhoi,Umling,Soil,2015,0–500 m,20–30°,2000–2500 mm,10–50 m,2010s,1,3,3,2
14138,25.978975,94.512064,1651.0,20.1,1915.0,32.1,31.9,36.0,40.9,34.4,18.8,0.188,Bare / sparse vegetation,252.2,Nagaland,Kiphire,Zunheboto Sadar,Debris,2016,1500–2000 m,20–30°,1500–2000 mm,100–500 m,2010s,4,3,2,4
14139,25.979244,91.860578,298.0,23.39,2396.0,30.1,37.4,32.5,40.0,31.5,16.2,0.162,Tree cover,27.9,Meghalaya,Ri-Bhoi,Umling,Soil,2012,0–500 m,20–30°,2000–2500 mm,10–50 m,2010s,1,3,3,2
14141,25.980008,94.580747,1765.0,30.98,1916.0,28.6,32.0,39.4,40.9,32.3,18.3,0.183,Tree cover,7.8,Nagaland,Kiphire,Aghunato,Rock,2016,1500–2000 m,30–40°,1500–2000 mm,0–10 m,2010s,4,4,2,1
14144,25.982436,92.057405,397.0,17.05,2537.0,30.2,39.1,30.7,39.8,31.6,16.2,0.162,Tree cover,3611.4,Meghalaya,Ri-Bhoi,Umling,Debris,2015,0–500 m,10–20°,2500–3000 mm,>1000 m,2010s,1,2,4,6
14148,25.9899,94.5679,1540.0,34.0,1943.0,31.2,29.7,39.1,39.6,32.5,17.7,0.177,Tree cover,0.8,Nagaland,Kiphire,Aghunato,Debris,2016,1500–2000 m,30–40°,1500–2000 mm,0–10 m,2010s,4,4,2,1
14149,25.990158,94.508392,1764.0,18.61,1912.0,32.2,31.0,36.8,40.3,32.9,18.1,0.181,Built-up,6.7,Nagaland,Kiphire,Zunheboto Sadar,Debris,2016,1500–2000 m,10–20°,1500–2000 mm,0–10 m,2010s,4,2,2,1
14155,25.997033,91.86235,310.0,26.23,2404.0,28.7,39.3,31.9,40.2,31.2,15.9,0.159,Tree cover,53.2,Meghalaya,Ri-Bhoi,Umling,Soil,2015,0–500 m,20–30°,2000–2500 mm,50–100 m,2010s,1,3,3,3
14157,25.998217,94.504756,1766.0,27.17,1909.0,31.1,31.2,37.7,40.6,33.0,18.5,0.185,Tree cover,77.5,Nagaland,Kiphire,Zunheboto Sadar,Debris,2016,1500–2000 m,20–30°,1500–2000 mm,50–100 m,2010s,4,3,2,3
14160,25.998847,91.863883,299.0,27.8,2404.0,27.7,39.9,32.4,40.8,31.5,15.8,0.158,Tree cover,27.3,Meghalaya,Ri-Bhoi,Umling,Soil,2015,0–500 m,20–30°,2000–2500 mm,10–50 m,2010s,1,3,3,2
14180,26.005917,94.039667,480.0,57.02,1765.0,36.8,30.5,32.7,39.2,30.2,16.8,0.168,Tree cover,246.3,Nagaland,Wokha,Wozhuro,Rock,2014,0–500 m,>50°,1500–2000 mm,100–500 m,2010s,1,6,2,4
14186,26.0075,94.021444,431.0,26.6,1731.0,35.2,32.2,32.6,38.8,31.0,18.0,0.18,Tree cover,6.4,Nagaland,Wokha,Ralan,Rock,2016,0–500 m,20–30°,1500–2000 mm,0–10 m,2010s,1,3,2,1
14187,26.008333,94.032333,430.0,33.67,1749.0,37.7,27.8,34.5,39.6,30.9,16.9,0.169,Tree cover,19.5,Nagaland,Wokha,Ralan,Debris,2016,0–500 m,30–40°,1500–2000 mm,10–50 m,2010s,1,4,2,2
14189,26.011075,94.523236,1826.0,25.65,1900.0,30.6,30.4,39.0,40.5,32.6,18.8,0.188,Grassland,48.7,Nagaland,Zunheboto,Zunheboto Sadar,Rock,2014,1500–2000 m,20–30°,1500–2000 mm,10–50 m,2010s,4,3,2,2
14190,26.011389,94.022722,451.0,30.57,1761.0,35.3,32.0,32.7,38.8,31.0,18.0,0.18,Tree cover,7.7,Nagaland,Wokha,Ralan,Debris,2016,0–500 m,30–40°,1500–2000 mm,0–10 m,2010s,1,4,2,1
14192,26.012,92.264167,382.0,32.66,1892.0,31.3,33.8,34.9,39.3,30.7,16.0,0.16,Tree cover,4727.2,Assam,West Karbi Anglong,Donka,Debris,2016,0–500 m,30–40°,1500–2000 mm,>1000 m,2010s,1,4,2,6
14193,26.012139,94.523667,1812.0,9.92,1900.0,30.6,30.4,39.0,40.5,32.6,18.8,0.188,Built-up,16.3,Nagaland,Zunheboto,Zunheboto Sadar,Rock,2014,1500–2000 m,0–10°,1500–2000 mm,10–50 m,2010s,4,1,2,2
14194,26.012889,94.044222,519.0,26.2,1749.0,35.6,28.8,35.7,38.9,29.7,17.2,0.172,Tree cover,12.7,Nagaland,Wokha,Wozhuro,Rock,2017,500–1000 m,20–30°,1500–2000 mm,10–50 m,2010s,2,3,2,2
14197,26.013722,94.009083,696.0,21.18,1792.0,31.5,32.3,36.2,39.8,31.9,17.4,0.174,Tree cover,2.0,Nagaland,Wokha,Ralan,Rock,2015,500–1000 m,20–30°,1500–2000 mm,0–10 m,2010s,2,3,2,1
14198,26.013806,94.530111,1683.0,26.43,1913.0,29.8,31.7,38.6,40.9,31.9,19.2,0.192,Grassland,16.5,Nagaland,Zunheboto,Zunheboto Sadar,Rock,2014,1500–2000 m,20–30°,1500–2000 mm,10–50 m,2010s,4,3,2,2
14204,26.020603,94.50632,1420.0,40.24,1947.0,31.1,31.0,37.9,39.1,32.2,18.0,0.18,Tree cover,1844.2,Nagaland,Zunheboto,Zunheboto Sadar,Rock,2011,1000–1500 m,40–50°,1500–2000 mm,>1000 m,2010s,3,5,2,6
14205,26.021083,94.040361,322.0,29.68,1729.0,35.0,27.8,37.2,39.2,31.7,18.0,0.18,Tree cover,710.9,Nagaland,Wokha,Ralan,Debris,2015,0–500 m,20–30°,1500–2000 mm,500–1000 m,2010s,1,3,2,5
14218,26.02897,91.87197,156.0,22.58,1858.0,28.8,32.5,38.7,39.0,31.6,14.7,0.147,Tree cover,316.3,Meghalaya,Ri-Bhoi,Umling,Soil,2014,0–500 m,20–30°,1500–2000 mm,100–500 m,2010s,1,3,2,4
14221,26.031583,92.47375,265.0,27.02,1706.0,27.8,34.2,38.0,39.1,31.7,16.5,0.165,Tree cover,6.0,Assam,West Karbi Anglong,Donka,Soil,2014,0–500 m,20–30°,1500–2000 mm,0–10 m,2010s,1,3,2,1
14228,26.033098,94.542753,1624.0,37.83,1949.0,30.0,31.2,38.7,40.3,33.1,18.5,0.185,Tree cover,0.1,Nagaland,Zunheboto,Zunheboto Sadar,Rock,2015,1500–2000 m,30–40°,1500–2000 mm,0–10 m,2010s,4,4,2,1
14231,26.033556,92.468056,280.0,23.81,1780.0,29.2,35.9,34.9,38.8,31.4,16.5,0.165,Tree cover,3.4,Assam,West Karbi Anglong,Donka,Debris,2014,0–500 m,20–30°,1500–2000 mm,0–10 m,2010s,1,3,2,1
14235,26.035278,92.470861,268.0,20.97,1780.0,28.4,34.0,37.6,38.8,31.4,16.5,0.165,Tree cover,4.2,Assam,West Karbi Anglong,Donka,Debris,2010,0–500 m,20–30°,1500–2000 mm,0–10 m,2010s,1,3,2,1
14241,26.039194,92.4595,311.0,30.0,1758.0,31.8,32.0,36.2,40.0,31.8,15.7,0.157,Tree cover,0.3,Assam,West Karbi Anglong,Donka,Debris,2014,0–500 m,20–30°,1500–2000 mm,0–10 m,2010s,1,3,2,1
14251,26.043583,92.452222,339.0,23.97,1862.0,32.7,32.2,35.1,40.1,31.4,15.8,0.158,Tree cover,2.8,Assam,West Karbi Anglong,Donka,Debris,2014,0–500 m,20–30°,1500–2000 mm,0–10 m,2010s,1,3,2,1
14250,26.043583,92.440528,448.0,32.15,1988.0,31.8,34.3,33.8,40.6,31.5,15.6,0.156,Tree cover,8.4,Assam,West Karbi Anglong,Donka,Debris,2016,0–500 m,30–40°,1500–2000 mm,0–10 m,2010s,1,4,2,1
14253,26.043722,92.441472,440.0,30.26,1988.0,31.8,34.3,33.8,40.6,31.5,15.6,0.156,Tree cover,12.2,Assam,West Karbi Anglong,Donka,Debris,2015,0–500 m,30–40°,1500–2000 mm,10–50 m,2010s,1,4,2,2
14255,26.045472,92.457417,362.0,16.43,1862.0,32.5,33.1,34.4,40.1,31.4,15.8,0.158,Tree cover,0.6,Assam,West Karbi Anglong,Donka,Soil,2016,0–500 m,10–20°,1500–2000 mm,0–10 m,2010s,1,2,2,1
14258,26.048611,92.432194,433.0,25.37,1948.0,30.7,34.7,34.6,39.9,30.7,15.8,0.158,Tree cover,1.8,Assam,West Karbi Anglong,Donka,Soil,2016,0–500 m,20–30°,1500–2000 mm,0–10 m,2010s,1,3,2,1
14281,26.067889,94.224889,1069.0,28.06,1871.0,34.0,31.7,34.3,40.1,31.9,16.6,0.166,Tree cover,7.0,Nagaland,Wokha,Wokha Sadar,Rock,2016,1000–1500 m,20–30°,1500–2000 mm,0–10 m,2010s,3,3,2,1
14329,26.091528,94.100806,698.0,33.17,1817.0,37.1,31.3,31.5,39.6,31.5,17.8,0.178,Tree cover,7.3,Nagaland,Wokha,Lotsu,Debris,2016,500–1000 m,30–40°,1500–2000 mm,0–10 m,2010s,2,4,2,1
14330,26.091861,94.101333,707.0,34.69,1823.0,36.7,31.8,31.5,39.6,31.5,17.8,0.178,Tree cover,13.1,Nagaland,Wokha,Lotsu,Debris,2016,500–1000 m,30–40°,1500–2000 mm,10–50 m,2010s,2,4,2,2
14345,26.101333,92.440556,331.0,13.23,1776.0,30.2,33.0,36.8,39.4,30.1,15.6,0.156,Tree cover,22.2,Assam,Nagaon,Raha,Debris,2011,0–500 m,10–20°,1500–2000 mm,10–50 m,2010s,1,2,2,2
14349,26.102167,92.440472,327.0,13.47,1776.0,30.2,33.0,36.8,39.4,30.1,15.6,0.156,Tree cover,7.6,Assam,Nagaon,Raha,Soil,2010,0–500 m,10–20°,1500–2000 mm,0–10 m,2010s,1,2,2,1
14351,26.102667,92.441639,298.0,26.72,1776.0,30.2,33.0,36.8,39.4,30.1,15.6,0.156,Tree cover,8.3,Assam,Nagaon,Raha,Rock,2013,0–500 m,20–30°,1500–2000 mm,0–10 m,2010s,1,3,2,1
14353,26.103028,92.440889,310.0,11.43,1776.0,27.4,34.7,38.0,39.4,30.1,15.6,0.156,Tree cover,6.4,Assam,Nagaon,Raha,Soil,2011,0–500 m,10–20°,1500–2000 mm,0–10 m,2010s,1,2,2,1
14361,26.106947,94.253289,1369.0,11.64,1914.0,32.5,32.3,35.2,40.0,32.8,19.2,0.192,Built-up,85.6,Nagaland,Wokha,Wokha Sadar,Soil,2021,1000–1500 m,10–20°,1500–2000 mm,50–100 m,2020s,3,2,2,3
14366,26.108417,92.440222,228.0,21.81,1695.0,27.4,34.3,38.2,38.1,30.8,14.9,0.149,Tree cover,3.0,Assam,Nagaon,Raha,Debris,2013,0–500 m,20–30°,1500–2000 mm,0–10 m,2010s,1,3,2,1
14373,26.110139,92.439333,224.0,28.07,1695.0,26.5,32.5,41.1,38.1,30.8,14.9,0.149,Tree cover,4.7,Assam,Nagaon,Raha,Debris,2014,0–500 m,20–30°,1500–2000 mm,0–10 m,2010s,1,3,2,1
14394,26.116972,92.440083,162.0,8.53,1607.0,27.0,34.7,38.3,37.0,30.5,14.4,0.144,Tree cover,41.8,Assam,Nagaon,Raha,Rock,2014,0–500 m,0–10°,1500–2000 mm,10–50 m,2010s,1,1,2,2
14395,26.117111,92.441028,180.0,23.98,1607.0,25.8,36.4,37.8,37.0,30.5,14.4,0.144,Tree cover,6.0,Assam,Nagaon,Raha,Debris,2014,0–500 m,20–30°,1500–2000 mm,0–10 m,2010s,1,3,2,1
14397,26.117417,92.438667,160.0,6.41,1607.0,27.0,34.7,38.3,37.0,30.5,14.4,0.144,Tree cover,168.1,Assam,Nagaon,Raha,Rock,2016,0–500 m,0–10°,1500–2000 mm,100–500 m,2010s,1,1,2,4
14399,26.118167,92.440944,176.0,21.73,1607.0,27.0,34.7,38.3,37.0,30.5,14.4,0.144,Tree cover,11.9,Assam,Nagaon,Raha,Soil,2012,0–500 m,20–30°,1500–2000 mm,10–50 m,2010s,1,3,2,2
14432,26.150538,91.727981,73.0,23.11,1793.0,27.6,35.0,37.4,39.8,31.5,15.5,0.155,Tree cover,140.0,Assam,Kamrup (Metro),Dispur,Soil,2023,0–500 m,20–30°,1500–2000 mm,100–500 m,2020s,1,3,2,4
14467,26.172917,92.762778,100.0,15.87,1588.0,31.3,31.6,37.0,39.3,30.9,15.5,0.155,Tree cover,434.0,Assam,Nagaon,Doboka,Debris,2016,0–500 m,10–20°,1500–2000 mm,100–500 m,2010s,1,2,2,4
14478,26.17672,91.76525,85.0,24.41,1685.0,30.1,34.6,35.3,39.4,31.2,15.0,0.15,Built-up,6.1,Assam,Kamrup (Metro),Dispur,Debris,2017,0–500 m,20–30°,1500–2000 mm,0–10 m,2010s,1,3,2,1
14479,26.17756,91.76589,91.0,19.19,1685.0,30.1,34.6,35.3,39.4,31.2,15.0,0.15,Tree cover,7.2,Assam,Kamrup (Metro),Dispur,Debris,2017,0–500 m,10–20°,1500–2000 mm,0–10 m,2010s,1,2,2,1
14502,26.18842,91.85125,96.0,26.35,1732.0,29.8,34.1,36.2,37.7,30.5,16.0,0.16,Tree cover,188.8,Assam,Kamrup (Metro),Dispur,Soil,2017,0–500 m,20–30°,1500–2000 mm,100–500 m,2010s,1,3,2,4
14507,26.1895,91.787167,72.0,17.72,1684.0,27.0,36.5,36.5,36.9,29.8,14.7,0.147,Built-up,9.2,Assam,Kamrup (Metro),Guwahati,Soil,2016,0–500 m,10–20°,1500–2000 mm,0–10 m,2010s,1,2,2,1
14512,26.19081,91.84528,71.0,24.34,1652.0,28.5,36.4,35.1,37.7,30.5,16.0,0.16,Tree cover,11.3,Assam,Kamrup (Metro),Dispur,Soil,2016,0–500 m,20–30°,1500–2000 mm,10–50 m,2010s,1,3,2,2
14531,26.195528,91.780556,167.0,22.65,1813.0,25.5,37.6,36.9,36.9,29.8,14.7,0.147,Tree cover,66.3,Assam,Kamrup (Metro),Guwahati,Soil,2016,0–500 m,20–30°,1500–2000 mm,50–100 m,2010s,1,3,2,3
14545,26.202972,94.213417,444.0,25.59,1874.0,32.1,34.3,33.5,40.5,31.7,17.0,0.17,Tree cover,209.2,Nagaland,Wokha,Sanis,Rock,2016,0–500 m,20–30°,1500–2000 mm,100–500 m,2010s,1,3,2,4
14549,26.20536,91.86497,73.0,29.23,1667.0,29.3,35.0,35.7,38.2,28.9,15.6,0.156,Tree cover,136.7,Assam,Kamrup (Metro),Chandrapur,Debris,2016,0–500 m,20–30°,1500–2000 mm,100–500 m,2010s,1,3,2,4
14554,26.206778,94.215,657.0,41.82,1874.0,30.8,35.2,34.0,40.4,31.4,16.0,0.16,Tree cover,11.5,Nagaland,Wokha,Sanis,Rock,2016,500–1000 m,40–50°,1500–2000 mm,10–50 m,2010s,2,5,2,2
14567,26.213111,94.208917,606.0,29.0,1894.0,32.3,34.6,33.1,40.1,31.5,16.1,0.161,Tree cover,0.3,Nagaland,Wokha,Sanis,Rock,2016,500–1000 m,20–30°,1500–2000 mm,0–10 m,2010s,2,3,2,1
14575,26.216583,94.240556,299.0,31.23,1857.0,33.5,31.6,35.0,40.5,31.4,16.6,0.166,Tree cover,5.4,Nagaland,Wokha,Sanis,Debris,2016,0–500 m,30–40°,1500–2000 mm,0–10 m,2010s,1,4,2,1
14592,26.226972,94.211806,530.0,23.95,1880.0,32.7,34.8,32.6,40.1,31.7,16.8,0.168,Tree cover,0.7,Nagaland,Wokha,Baghty,Rock,2016,500–1000 m,20–30°,1500–2000 mm,0–10 m,2010s,2,3,2,1
14597,26.231028,94.217083,455.0,13.34,1898.0,32.0,34.0,34.0,39.5,32.4,16.0,0.16,Tree cover,8.4,Nagaland,Wokha,Baghty,Debris,2016,0–500 m,10–20°,1500–2000 mm,0–10 m,2010s,1,2,2,1
14603,26.232944,94.130639,594.0,29.68,1868.0,32.3,35.0,32.7,39.1,31.8,16.9,0.169,Tree cover,3395.9,Nagaland,Wokha,Bhandari,Debris,2015,500–1000 m,20–30°,1500–2000 mm,>1000 m,2010s,2,3,2,6
14622,26.23925,94.202222,328.0,19.76,1863.0,31.4,33.7,35.0,40.0,31.6,15.0,0.15,Tree cover,12.6,Nagaland,Wokha,Baghty,Debris,2016,0–500 m,10–20°,1500–2000 mm,10–50 m,2010s,1,2,2,2
14653,26.271389,94.453972,1200.0,22.64,2005.0,30.0,36.7,33.3,39.6,32.4,16.7,0.167,Tree cover,1.6,Nagaland,Mokokchung,Ongpangkong,Debris,2016,1000–1500 m,20–30°,2000–2500 mm,0–10 m,2010s,3,3,3,1
14660,26.276472,94.13175,481.0,23.76,1877.0,34.5,34.2,31.3,39.8,30.7,16.4,0.164,Built-up,3.3,Nagaland,Wokha,Bhandari,Soil,2019,0–500 m,20–30°,1500–2000 mm,0–10 m,2010s,1,3,2,1
14663,26.28,94.13,474.0,12.72,1877.0,34.1,33.5,32.4,39.8,30.7,16.4,0.164,Tree cover,25.2,Nagaland,Wokha,Bhandari,Soil,2017,0–500 m,10–20°,1500–2000 mm,10–50 m,2010s,1,2,2,2
14664,26.282667,94.475667,1250.0,7.96,2011.0,32.0,36.2,31.8,39.4,32.3,17.2,0.172,Built-up,3.6,Nagaland,Mokokchung,Akuluto,Debris,2016,1000–1500 m,0–10°,2000–2500 mm,0–10 m,2010s,3,1,3,1
14665,26.286222,94.364167,740.0,31.64,1968.0,31.0,33.8,35.3,39.1,32.5,16.2,0.162,Tree cover,5444.5,Nagaland,Mokokchung,Ongpangkong,Debris,2016,500–1000 m,30–40°,1500–2000 mm,>1000 m,2010s,2,4,2,6
14669,26.2905,94.393222,1072.0,13.41,1986.0,32.6,35.3,32.1,40.5,32.1,17.3,0.173,Tree cover,3715.6,Nagaland,Mokokchung,Ongpangkong,Debris,2016,1000–1500 m,10–20°,1500–2000 mm,>1000 m,2010s,3,2,2,6
14676,26.299889,94.249667,1099.0,15.51,1953.0,30.9,36.1,33.0,40.2,33.0,17.2,0.172,Tree cover,7107.8,Nagaland,Wokha,Aitepyong,Debris,1994,1000–1500 m,10–20°,1500–2000 mm,>1000 m,1990s,3,2,2,6
14694,26.318806,94.453611,1072.0,36.14,2016.0,32.3,36.2,31.4,39.9,33.0,17.1,0.171,Tree cover,4117.5,Nagaland,Mokokchung,Ongpangkong,Rock,2015,1000–1500 m,30–40°,2000–2500 mm,>1000 m,2010s,3,4,3,6
14708,26.33,94.279833,820.0,23.46,1975.0,32.2,36.1,31.7,39.7,31.7,17.0,0.17,Grassland,10709.1,Nagaland,Wokha,Aitepyong,Debris,2010,500–1000 m,20–30°,1500–2000 mm,>1000 m,2010s,2,3,2,6
14710,26.331028,94.279167,872.0,40.07,1975.0,32.2,36.1,31.7,39.7,31.7,17.0,0.17,Tree cover,10627.1,Nagaland,Wokha,Aitepyong,Debris,2003,500–1000 m,40–50°,1500–2000 mm,>1000 m,2000s,2,5,2,6
14711,26.331333,94.280389,851.0,48.21,1975.0,32.2,36.1,31.7,39.7,31.7,17.0,0.17,Tree cover,10743.3,Nagaland,Wokha,Aitepyong,Debris,2016,500–1000 m,40–50°,1500–2000 mm,>1000 m,2010s,2,5,2,6
14736,26.37456,91.84561,64.0,2.74,1676.0,29.0,33.5,37.4,37.6,29.7,16.3,0.163,Tree cover,1595.8,Assam,Kamrup (Metro),Sipajhar,Soil,2017,0–500 m,0–10°,1500–2000 mm,>1000 m,2010s,1,1,2,6
14764,26.395944,94.460056,808.0,31.75,2041.0,31.1,36.0,33.0,40.3,33.9,16.5,0.165,Tree cover,8.0,Nagaland,Mokokchung,Ongpangkong,Debris,2015,500–1000 m,30–40°,2000–2500 mm,0–10 m,2010s,2,4,3,1
14781,26.42,94.38,644.0,24.03,2025.0,30.4,35.3,34.3,39.5,32.3,15.9,0.159,Tree cover,119.0,Nagaland,Mokokchung,Mangkolemba,Debris,2018,500–1000 m,20–30°,2000–2500 mm,100–500 m,2010s,2,3,3,4
14810,26.471889,94.454667,894.0,30.84,2081.0,31.5,35.7,32.8,39.5,33.1,17.8,0.178,Tree cover,2.0,Nagaland,Mokokchung,Alongkima,Debris,2016,500–1000 m,30–40°,2000–2500 mm,0–10 m,2010s,2,4,3,1
14817,26.49,94.36,191.0,11.2,2034.0,26.7,40.9,32.4,40.0,32.3,15.3,0.153,Tree cover,451.0,Nagaland,Mokokchung,Mangkolemba,Soil,2018,0–500 m,10–20°,2000–2500 mm,100–500 m,2010s,1,2,3,4
14816,26.49,94.37,258.0,14.72,2041.0,29.4,38.9,31.7,39.9,32.5,15.7,0.157,Tree cover,207.9,Nagaland,Mokokchung,Mangkolemba,Debris,2018,0–500 m,10–20°,2000–2500 mm,100–500 m,2010s,1,2,3,4
14833,26.54,94.37,188.0,7.52,2076.0,25.9,41.0,33.1,38.6,30.6,16.1,0.161,Tree cover,146.1,Assam,Jorhat,Mariani,Soil,2019,0–500 m,0–10°,2000–2500 mm,100–500 m,2010s,1,1,3,4
14858,26.56,94.36,193.0,14.82,2091.0,27.8,39.7,32.5,39.9,32.3,15.5,0.155,Tree cover,91.1,Assam,Jorhat,Mariani,Soil,2019,0–500 m,10–20°,2000–2500 mm,50–100 m,2010s,1,2,3,3
14902,26.6,94.35,180.0,7.84,2114.0,27.1,41.7,31.2,39.9,32.2,15.3,0.153,Tree cover,37.0,Assam,Jorhat,Mariani,Soil,2018,0–500 m,0–10°,2000–2500 mm,10–50 m,2010s,1,1,3,2
14905,26.6,94.49,598.0,6.79,2146.0,30.2,36.4,33.4,40.3,34.0,16.1,0.161,Tree cover,5299.1,Nagaland,Mokokchung,Longchem,Debris,2019,500–1000 m,0–10°,2000–2500 mm,>1000 m,2010s,2,1,3,6
14957,26.698105,89.667295,250.0,37.14,3309.0,25.9,44.8,29.3,41.9,32.0,17.6,0.176,Tree cover,1061.3,West Bengal,Jalpaiguri,Kumargram,Debris,2014,0–500 m,30–40°,3000–4000 mm,>1000 m,2010s,1,4,5,6
14963,26.6992,89.650526,283.0,27.28,3391.0,26.2,45.6,28.2,40.6,32.4,15.2,0.152,Tree cover,1403.5,West Bengal,Jalpaiguri,Kumargram,Debris,2014,0–500 m,20–30°,3000–4000 mm,>1000 m,2010s,1,3,5,6
14965,26.699356,89.654357,405.0,14.84,3391.0,26.5,45.5,28.0,40.6,32.4,15.2,0.152,Tree cover,1589.2,West Bengal,Jalpaiguri,Kumargram,Debris,2013,0–500 m,10–20°,3000–4000 mm,>1000 m,2010s,1,2,5,6
14966,26.699995,89.648509,325.0,42.43,3354.0,26.1,44.9,29.0,40.6,32.4,15.2,0.152,Bare / sparse vegetation,1423.6,West Bengal,Jalpaiguri,Kumargram,Debris,2013,0–500 m,40–50°,3000–4000 mm,>1000 m,2010s,1,5,5,6
14975,26.701441,89.650072,276.0,22.35,3498.0,26.9,45.4,27.7,40.6,32.4,15.2,0.152,Grassland,1622.5,West Bengal,Jalpaiguri,Kumargram,Debris,2014,0–500 m,20–30°,3000–4000 mm,>1000 m,2010s,1,3,5,6
14980,26.702347,89.659185,347.0,24.12,3537.0,26.3,45.6,28.1,40.3,32.4,16.7,0.167,Tree cover,1845.0,West Bengal,Jalpaiguri,Kumargram,Debris,2014,0–500 m,20–30°,3000–4000 mm,>1000 m,2010s,1,3,5,6
14982,26.70289,89.677054,295.0,37.21,3364.0,24.9,44.5,30.6,40.3,31.7,16.0,0.16,Bare / sparse vegetation,1642.0,West Bengal,Jalpaiguri,Kumargram,Debris,2014,0–500 m,30–40°,3000–4000 mm,>1000 m,2010s,1,4,5,6
14986,26.70396,89.649095,328.0,21.72,3478.0,26.5,45.4,28.0,40.6,32.4,15.2,0.152,Grassland,1863.7,West Bengal,Jalpaiguri,Kumargram,Debris,2014,0–500 m,20–30°,3000–4000 mm,>1000 m,2010s,1,3,5,6
14989,26.70484,89.659596,501.0,36.87,3537.0,24.6,46.3,29.1,40.3,32.4,16.7,0.167,Tree cover,2056.0,West Bengal,Jalpaiguri,Kumargram,Debris,2013,500–1000 m,30–40°,3000–4000 mm,>1000 m,2010s,2,4,5,6
15009,26.712434,89.696872,282.0,29.06,3352.0,28.1,41.2,30.7,40.4,31.5,17.0,0.17,Tree cover,1885.1,West Bengal,Jalpaiguri,Kumargram,Debris,2013,0–500 m,20–30°,3000–4000 mm,>1000 m,2010s,1,3,5,6
15010,26.712827,89.673175,502.0,53.13,3639.0,28.0,41.2,30.8,40.8,31.7,17.6,0.176,Tree cover,2645.6,West Bengal,Jalpaiguri,Kumargram,Debris,2010,500–1000 m,>50°,3000–4000 mm,>1000 m,2010s,2,6,5,6
15011,26.71284,89.650234,808.0,40.84,3741.0,27.6,42.2,30.2,39.7,32.3,15.7,0.157,Tree cover,2850.9,West Bengal,Jalpaiguri,Kumargram,Debris,2010,500–1000 m,40–50°,3000–4000 mm,>1000 m,2010s,2,5,5,6
15013,26.713646,89.630723,378.0,8.58,3474.0,26.5,42.2,31.3,40.3,33.0,14.1,0.141,Tree cover,1846.8,West Bengal,Jalpaiguri,Kumargram,Debris,2014,0–500 m,0–10°,3000–4000 mm,>1000 m,2010s,1,1,5,6
15016,26.715021,89.695249,336.0,26.5,3352.0,27.3,39.9,32.9,40.4,31.5,17.0,0.17,Tree cover,2198.8,West Bengal,Jalpaiguri,Kumargram,Debris,2014,0–500 m,20–30°,3000–4000 mm,>1000 m,2010s,1,3,5,6
15018,26.716209,89.618033,302.0,27.45,3414.0,25.7,43.6,30.7,40.0,32.5,14.2,0.142,Bare / sparse vegetation,1687.7,West Bengal,Jalpaiguri,Kumargram,Rock,2010,0–500 m,20–30°,3000–4000 mm,>1000 m,2010s,1,3,5,6
15019,26.716294,89.630905,442.0,34.58,3474.0,28.9,41.6,29.5,40.2,32.7,15.6,0.156,Bare / sparse vegetation,2099.0,West Bengal,Jalpaiguri,Kumargram,Rock,2010,0–500 m,30–40°,3000–4000 mm,>1000 m,2010s,1,4,5,6
15028,26.718004,89.630081,561.0,41.49,3652.0,28.9,42.3,28.8,40.2,32.7,15.6,0.156,Bare / sparse vegetation,2221.6,West Bengal,Jalpaiguri,Kumargram,Debris,2014,500–1000 m,40–50°,3000–4000 mm,>1000 m,2010s,2,5,5,6
15036,26.718554,89.622938,365.0,21.61,3526.0,28.4,41.5,30.1,40.0,32.5,14.2,0.142,Tree cover,2031.1,West Bengal,Jalpaiguri,Kumargram,Debris,2014,0–500 m,20–30°,3000–4000 mm,>1000 m,2010s,1,3,5,6
15038,26.71856,89.719515,265.0,26.11,3304.0,26.8,41.1,32.2,39.5,31.9,15.6,0.156,Tree cover,1977.1,West Bengal,Jalpaiguri,Kumargram,Debris,2014,0–500 m,20–30°,3000–4000 mm,>1000 m,2010s,1,3,5,6
15056,26.721004,89.706153,267.0,28.06,3304.0,25.9,42.0,32.1,40.1,32.3,16.0,0.16,Tree cover,2482.7,West Bengal,Jalpaiguri,Kumargram,Debris,2014,0–500 m,20–30°,3000–4000 mm,>1000 m,2010s,1,3,5,6
15060,26.721796,89.695918,462.0,41.06,3444.0,26.6,41.1,32.3,40.8,32.0,17.8,0.178,Tree cover,2929.3,West Bengal,Jalpaiguri,Kumargram,Rock,2010,0–500 m,40–50°,3000–4000 mm,>1000 m,2010s,1,5,5,6
15061,26.721859,89.603715,269.0,28.11,3416.0,27.2,41.1,31.6,39.8,30.9,15.2,0.152,Tree cover,2414.4,West Bengal,Jalpaiguri,Kumargram,Rock,2013,0–500 m,20–30°,3000–4000 mm,>1000 m,2010s,1,3,5,6
15062,26.722029,89.66895,798.0,24.42,3696.0,27.0,42.9,30.1,42.1,32.5,18.1,0.181,Tree cover,3667.9,West Bengal,Jalpaiguri,Kumargram,Rock,2010,500–1000 m,20–30°,3000–4000 mm,>1000 m,2010s,2,3,5,6
15063,26.722312,89.703963,317.0,31.9,3304.0,24.2,41.3,34.5,40.1,32.3,16.0,0.16,Tree cover,2711.9,West Bengal,Jalpaiguri,Kumargram,Debris,2010,0–500 m,30–40°,3000–4000 mm,>1000 m,2010s,1,4,5,6
15065,26.722834,89.669253,812.0,31.75,3696.0,28.0,40.4,31.6,42.1,32.5,18.1,0.181,Tree cover,3755.8,West Bengal,Jalpaiguri,Kumargram,Rock,2010,500–1000 m,30–40°,3000–4000 mm,>1000 m,2010s,2,4,5,6
15066,26.722906,89.602859,262.0,11.2,3416.0,29.1,42.7,28.2,39.8,30.9,15.2,0.152,Grassland,2552.8,West Bengal,Jalpaiguri,Kumargram,Rock,2006,0–500 m,10–20°,3000–4000 mm,>1000 m,2000s,1,2,5,6
15068,26.723073,89.603803,280.0,27.73,3416.0,29.1,42.7,28.2,39.8,30.9,15.2,0.152,Tree cover,2539.6,West Bengal,Jalpaiguri,Kumargram,Debris,2010,0–500 m,20–30°,3000–4000 mm,>1000 m,2010s,1,3,5,6
15069,26.723096,89.602048,292.0,24.53,3416.0,29.1,42.7,28.2,39.8,30.9,15.2,0.152,Tree cover,2601.4,West Bengal,Jalpaiguri,Kumargram,Rock,2010,0–500 m,20–30°,3000–4000 mm,>1000 m,2010s,1,3,5,6
15070,26.72316,89.704932,291.0,33.33,3304.0,26.1,42.1,31.8,40.1,32.3,16.0,0.16,Tree cover,2751.6,West Bengal,Jalpaiguri,Kumargram,Rock,2006,0–500 m,30–40°,3000–4000 mm,>1000 m,2000s,1,4,5,6
15071,26.723744,89.700944,358.0,35.01,3304.0,25.8,40.8,33.4,40.1,32.3,16.0,0.16,Tree cover,3001.6,West Bengal,Jalpaiguri,Kumargram,Rock,2010,0–500 m,30–40°,3000–4000 mm,>1000 m,2010s,1,4,5,6
15076,26.72496,89.605536,281.0,29.18,3416.0,26.9,43.6,29.5,41.0,32.3,15.1,0.151,Tree cover,2695.4,West Bengal,Jalpaiguri,Kumargram,Debris,2010,0–500 m,20–30°,3000–4000 mm,>1000 m,2010s,1,3,5,6
15080,26.725333,89.696915,381.0,35.71,3502.0,27.3,40.6,32.1,41.1,32.6,17.7,0.177,Tree cover,3308.7,West Bengal,Jalpaiguri,Kumargram,Rock,2013,0–500 m,30–40°,3000–4000 mm,>1000 m,2010s,1,4,5,6
15081,26.725383,89.695611,523.0,37.76,3502.0,27.2,40.0,32.8,41.1,32.6,17.7,0.177,Tree cover,3328.9,West Bengal,Jalpaiguri,Kumargram,Debris,2014,500–1000 m,30–40°,3000–4000 mm,>1000 m,2010s,2,4,5,6
15082,26.725397,89.702895,303.0,21.62,3387.0,29.4,40.0,30.7,40.8,32.3,15.5,0.155,Bare / sparse vegetation,3065.0,West Bengal,Jalpaiguri,Kumargram,Rock,2010,0–500 m,20–30°,3000–4000 mm,>1000 m,2010s,1,3,5,6
15084,26.726126,89.690202,532.0,37.54,3620.0,27.3,40.7,32.0,41.1,32.6,17.7,0.177,Tree cover,3305.3,West Bengal,Jalpaiguri,Kumargram,Rock,2013,500–1000 m,30–40°,3000–4000 mm,>1000 m,2010s,2,4,5,6
15085,26.726136,89.697763,372.0,37.34,3502.0,27.3,40.6,32.1,41.1,32.6,17.7,0.177,Tree cover,3270.8,West Bengal,Jalpaiguri,Kumargram,Rock,2010,0–500 m,30–40°,3000–4000 mm,>1000 m,2010s,1,4,5,6
15092,26.728314,89.678374,1010.0,45.03,3691.0,28.6,39.9,31.6,41.4,32.0,20.5,0.205,Tree cover,3279.0,West Bengal,Jalpaiguri,Kumargram,Rock,2013,1000–1500 m,40–50°,3000–4000 mm,>1000 m,2010s,3,5,5,6
15095,26.728725,89.703195,384.0,19.63,3387.0,28.5,41.3,30.2,40.8,32.3,15.5,0.155,Tree cover,3069.8,West Bengal,Jalpaiguri,Kumargram,Debris,2013,0–500 m,10–20°,3000–4000 mm,>1000 m,2010s,1,2,5,6
15096,26.728732,89.696887,538.0,29.33,3502.0,27.2,39.9,32.9,41.1,32.6,17.7,0.177,Tree cover,2977.4,West Bengal,Jalpaiguri,Kumargram,Debris,2010,500–1000 m,20–30°,3000–4000 mm,>1000 m,2010s,2,3,5,6
15100,26.729066,89.706882,500.0,37.21,3387.0,27.7,41.4,30.9,40.8,32.3,15.5,0.155,Tree cover,3144.4,West Bengal,Jalpaiguri,Kumargram,Rock,2013,0–500 m,30–40°,3000–4000 mm,>1000 m,2010s,1,4,5,6
15104,26.730652,89.701861,514.0,42.11,3387.0,28.5,40.8,30.8,40.8,32.3,15.5,0.155,Tree cover,2830.2,West Bengal,Jalpaiguri,Kumargram,Rock,2010,500–1000 m,40–50°,3000–4000 mm,>1000 m,2010s,2,5,5,6
15105,26.730668,89.704771,476.0,32.85,3387.0,29.0,41.0,30.0,40.8,32.3,15.5,0.155,Tree cover,2905.9,West Bengal,Jalpaiguri,Kumargram,Rock,2010,0–500 m,30–40°,3000–4000 mm,>1000 m,2010s,1,4,5,6
15106,26.730764,89.703898,466.0,32.2,3387.0,29.0,41.0,30.0,40.8,32.3,15.5,0.155,Tree cover,2869.6,West Bengal,Jalpaiguri,Kumargram,Rock,2010,0–500 m,30–40°,3000–4000 mm,>1000 m,2010s,1,4,5,6
15108,26.731227,89.594586,301.0,15.68,3492.0,26.3,43.3,30.4,40.2,32.8,14.5,0.145,Tree cover,2595.8,West Bengal,Jalpaiguri,Kalchini,Debris,2013,0–500 m,10–20°,3000–4000 mm,>1000 m,2010s,1,2,5,6
15109,26.731381,89.706565,582.0,34.48,3387.0,29.0,41.0,30.0,40.8,32.3,15.5,0.155,Tree cover,2890.2,West Bengal,Jalpaiguri,Kumargram,Debris,2010,500–1000 m,30–40°,3000–4000 mm,>1000 m,2010s,2,4,5,6
15110,26.731708,89.705659,504.0,26.9,3387.0,29.0,40.6,30.4,40.8,32.3,15.5,0.155,Tree cover,2826.2,West Bengal,Jalpaiguri,Kumargram,Rock,2013,500–1000 m,20–30°,3000–4000 mm,>1000 m,2010s,2,3,5,6
15114,26.73245,89.594123,376.0,20.91,3492.0,26.3,42.7,31.0,40.2,32.8,14.5,0.145,Tree cover,2507.3,West Bengal,Jalpaiguri,Kalchini,Rock,2010,0–500 m,20–30°,3000–4000 mm,>1000 m,2010s,1,3,5,6
15115,26.733418,89.702778,608.0,32.61,3538.0,27.4,40.8,31.8,40.8,32.3,15.5,0.155,Tree cover,2554.6,West Bengal,Jalpaiguri,Kumargram,Rock,2010,500–1000 m,30–40°,3000–4000 mm,>1000 m,2010s,2,4,5,6
15116,26.733551,89.70416,600.0,32.24,3538.0,27.4,40.8,31.8,40.8,32.3,15.5,0.155,Tree cover,2582.4,West Bengal,Jalpaiguri,Kumargram,Rock,2013,500–1000 m,30–40°,3000–4000 mm,>1000 m,2010s,2,4,5,6
15118,26.734156,89.704926,616.0,34.01,3538.0,29.9,39.2,30.9,40.3,29.6,16.9,0.169,Tree cover,2545.6,West Bengal,Jalpaiguri,,Rock,2013,500–1000 m,30–40°,3000–4000 mm,>1000 m,2010s,2,4,5,6
15120,26.735324,89.619356,379.0,36.49,3498.0,24.9,41.5,33.5,40.0,32.9,14.9,0.149,Tree cover,3817.8,West Bengal,Jalpaiguri,Kalchini,Debris,2014,0–500 m,30–40°,3000–4000 mm,>1000 m,2010s,1,4,5,6
15124,26.736512,89.584384,359.0,21.5,3514.0,25.7,41.4,32.9,39.7,33.0,15.6,0.156,Tree cover,1452.4,West Bengal,Jalpaiguri,Kalchini,Debris,2014,0–500 m,20–30°,3000–4000 mm,>1000 m,2010s,1,3,5,6
15126,26.737514,89.621401,340.0,23.09,3498.0,26.0,41.3,32.7,40.0,32.9,14.9,0.149,Tree cover,4082.1,West Bengal,Jalpaiguri,Kalchini,Debris,2013,0–500 m,20–30°,3000–4000 mm,>1000 m,2010s,1,3,5,6
15127,26.73753,89.548376,226.0,27.62,3472.0,24.5,42.9,32.6,39.9,32.8,14.4,0.144,Tree cover,1409.4,West Bengal,Jalpaiguri,Kalchini,Debris,2013,0–500 m,20–30°,3000–4000 mm,>1000 m,2010s,1,3,5,6
15128,26.737821,89.582219,312.0,32.53,3502.0,25.2,42.2,32.6,39.6,32.3,14.8,0.148,Tree cover,1213.7,West Bengal,Jalpaiguri,Kalchini,Rock,2013,0–500 m,30–40°,3000–4000 mm,>1000 m,2010s,1,4,5,6
15129,26.738346,89.58033,357.0,38.91,3502.0,25.1,42.0,32.8,39.6,32.3,14.8,0.148,Grassland,1019.8,West Bengal,Jalpaiguri,Kalchini,Debris,2014,0–500 m,30–40°,3000–4000 mm,>1000 m,2010s,1,4,5,6
15130,26.738387,89.590009,325.0,23.64,3514.0,25.5,41.5,33.1,39.7,33.0,15.6,0.156,Tree cover,1978.3,West Bengal,Jalpaiguri,Kalchini,Debris,2010,0–500 m,20–30°,3000–4000 mm,>1000 m,2010s,1,3,5,6
15134,26.739567,89.580845,335.0,46.88,3502.0,24.5,42.2,33.4,39.6,32.3,14.8,0.148,Grassland,1064.0,West Bengal,Jalpaiguri,Kalchini,Debris,2010,0–500 m,40–50°,3000–4000 mm,>1000 m,2010s,1,5,5,6
15135,26.739942,89.581986,374.0,20.46,3502.0,24.5,42.2,33.4,39.6,32.3,14.8,0.148,Tree cover,1178.7,West Bengal,Jalpaiguri,Kalchini,Rock,2010,0–500 m,20–30°,3000–4000 mm,>1000 m,2010s,1,3,5,6
15139,26.741273,89.620138,379.0,41.9,3498.0,24.8,42.1,33.1,40.0,32.9,14.9,0.149,Tree cover,4425.0,West Bengal,Jalpaiguri,Kalchini,Debris,2014,0–500 m,40–50°,3000–4000 mm,>1000 m,2010s,1,5,5,6
15140,26.741319,89.559483,265.0,21.79,3501.0,23.8,43.6,32.6,39.2,32.3,15.8,0.158,Tree cover,844.1,West Bengal,Jalpaiguri,Kalchini,Debris,2010,0–500 m,20–30°,3000–4000 mm,500–1000 m,2010s,1,3,5,5
15141,26.741357,89.556668,296.0,20.05,3486.0,24.2,43.2,32.6,39.2,32.3,15.8,0.158,Tree cover,1013.7,West Bengal,Jalpaiguri,Kalchini,Rock,2010,0–500 m,20–30°,3000–4000 mm,>1000 m,2010s,1,3,5,6
15144,26.74198,89.559649,270.0,32.79,3538.0,23.8,43.6,32.6,39.2,32.3,15.8,0.158,Tree cover,875.2,West Bengal,Jalpaiguri,Kalchini,Debris,2010,0–500 m,30–40°,3000–4000 mm,500–1000 m,2010s,1,4,5,5
15145,26.742264,89.583707,438.0,18.61,3609.0,24.6,42.1,33.3,39.6,32.3,14.8,0.148,Tree cover,1384.9,West Bengal,Jalpaiguri,Kalchini,Debris,2014,0–500 m,10–20°,3000–4000 mm,>1000 m,2010s,1,2,5,6
15146,26.743063,89.557001,365.0,38.01,3602.0,24.0,43.6,32.4,39.5,32.6,14.3,0.143,Tree cover,1150.4,West Bengal,Jalpaiguri,Kalchini,Debris,2014,0–500 m,30–40°,3000–4000 mm,>1000 m,2010s,1,4,5,6
15147,26.743731,89.591179,424.0,20.87,3609.0,28.8,40.2,31.0,40.5,32.1,15.9,0.159,Tree cover,2145.4,West Bengal,Jalpaiguri,Kalchini,Debris,2014,0–500 m,20–30°,3000–4000 mm,>1000 m,2010s,1,3,5,6
15149,26.743949,89.563543,308.0,21.86,3538.0,24.1,44.1,31.9,39.5,32.6,14.3,0.143,Tree cover,732.4,West Bengal,Jalpaiguri,Kalchini,Debris,2014,0–500 m,20–30°,3000–4000 mm,500–1000 m,2010s,1,3,5,5
15150,26.744037,89.544807,240.0,23.67,3546.0,24.0,43.9,32.1,39.4,32.2,14.6,0.146,Tree cover,2070.7,West Bengal,Jalpaiguri,Kalchini,Debris,2010,0–500 m,20–30°,3000–4000 mm,>1000 m,2010s,1,3,5,6
15151,26.744371,89.594161,446.0,25.81,3611.0,28.1,40.8,31.1,40.5,32.1,15.9,0.159,Tree cover,2450.2,West Bengal,Jalpaiguri,Kalchini,Debris,2010,0–500 m,20–30°,3000–4000 mm,>1000 m,2010s,1,3,5,6
15152,26.744568,89.561399,328.0,36.95,3538.0,24.1,44.2,31.7,39.5,32.6,14.3,0.143,Tree cover,920.7,West Bengal,Jalpaiguri,Kalchini,Debris,2013,0–500 m,30–40°,3000–4000 mm,500–1000 m,2010s,1,4,5,5
15154,26.744954,89.545691,266.0,28.89,3546.0,24.0,43.9,32.1,39.4,32.2,14.6,0.146,Tree cover,2063.4,West Bengal,Jalpaiguri,Kalchini,Debris,2013,0–500 m,20–30°,3000–4000 mm,>1000 m,2010s,1,3,5,6
15156,26.744996,89.576444,383.0,23.11,3598.0,25.9,42.1,32.0,39.5,32.6,14.9,0.149,Tree cover,881.3,West Bengal,Jalpaiguri,Kalchini,Debris,2013,0–500 m,20–30°,3000–4000 mm,500–1000 m,2010s,1,3,5,5
15158,26.745627,89.583733,479.0,22.69,3609.0,25.7,42.0,32.2,40.0,32.5,15.9,0.159,Tree cover,1517.1,West Bengal,Jalpaiguri,Kalchini,Debris,2014,0–500 m,20–30°,3000–4000 mm,>1000 m,2010s,1,3,5,6
15159,26.745768,89.545782,305.0,35.67,3546.0,24.1,43.7,32.2,39.4,32.2,14.6,0.146,Tree cover,2115.3,West Bengal,Jalpaiguri,Kalchini,Rock,2010,0–500 m,30–40°,3000–4000 mm,>1000 m,2010s,1,4,5,6
15160,26.745786,89.575991,380.0,24.38,3598.0,25.9,42.4,31.8,39.5,32.6,14.9,0.149,Tree cover,916.0,West Bengal,Jalpaiguri,Kalchini,Rock,2010,0–500 m,20–30°,3000–4000 mm,500–1000 m,2010s,1,3,5,5
15162,26.746047,89.545292,300.0,29.11,3546.0,23.9,43.6,32.4,39.4,32.2,14.6,0.146,Grassland,2172.4,West Bengal,Jalpaiguri,Kalchini,Debris,2013,0–500 m,20–30°,3000–4000 mm,>1000 m,2010s,1,3,5,6
15164,26.746646,89.54639,359.0,38.61,3546.0,24.1,43.7,32.2,39.4,32.2,14.6,0.146,Tree cover,2137.0,West Bengal,Jalpaiguri,Kalchini,Debris,2014,0–500 m,30–40°,3000–4000 mm,>1000 m,2010s,1,4,5,6
15166,26.746847,89.576522,456.0,26.19,3598.0,25.9,42.4,31.8,39.5,32.6,14.9,0.149,Tree cover,1041.4,West Bengal,Jalpaiguri,Kalchini,Rock,2010,0–500 m,20–30°,3000–4000 mm,>1000 m,2010s,1,3,5,6
15167,26.746878,89.578814,515.0,39.93,3598.0,25.9,42.4,31.8,39.5,32.6,14.9,0.149,Tree cover,1196.3,West Bengal,Jalpaiguri,Kalchini,Debris,2010,500–1000 m,30–40°,3000–4000 mm,>1000 m,2010s,2,4,5,6
15169,26.74731,89.612784,403.0,39.21,3532.0,25.8,43.4,30.8,40.3,32.6,16.4,0.164,Tree cover,3872.3,West Bengal,Jalpaiguri,Kalchini,Debris,2010,0–500 m,30–40°,3000–4000 mm,>1000 m,2010s,1,4,5,6
15171,26.747598,89.628951,583.0,34.68,3489.0,27.3,42.1,30.5,39.8,32.4,17.8,0.178,Tree cover,3480.6,West Bengal,Jalpaiguri,Kalchini,Rock,2014,500–1000 m,30–40°,3000–4000 mm,>1000 m,2010s,2,4,5,6
15172,26.747769,89.578706,470.0,25.75,3598.0,25.5,42.3,32.2,39.5,32.6,14.9,0.149,Tree cover,1259.8,West Bengal,Jalpaiguri,Kalchini,Debris,2013,0–500 m,20–30°,3000–4000 mm,>1000 m,2010s,1,3,5,6
15174,26.748195,89.572542,424.0,29.02,3544.0,24.7,42.3,32.9,39.5,32.6,14.9,0.149,Tree cover,1004.8,West Bengal,Jalpaiguri,Kalchini,Debris,2010,0–500 m,20–30°,3000–4000 mm,>1000 m,2010s,1,3,5,6
15175,26.748687,89.545447,432.0,31.28,3546.0,23.5,42.8,33.7,39.4,32.2,14.6,0.146,Tree cover,2360.9,West Bengal,Jalpaiguri,Kalchini,Debris,2010,0–500 m,30–40°,3000–4000 mm,>1000 m,2010s,1,4,5,6
15176,26.749097,89.571653,496.0,48.57,3544.0,24.7,42.1,33.2,39.5,32.6,14.9,0.149,Tree cover,1087.0,West Bengal,Jalpaiguri,Kalchini,Debris,2010,0–500 m,40–50°,3000–4000 mm,>1000 m,2010s,1,5,5,6
15177,26.749295,89.565838,372.0,45.65,3538.0,24.4,42.8,32.7,39.5,32.6,14.3,0.143,Tree cover,1179.0,West Bengal,Jalpaiguri,Kalchini,Debris,2010,0–500 m,40–50°,3000–4000 mm,>1000 m,2010s,1,5,5,6
15184,26.750041,89.613767,487.0,21.75,3671.0,25.7,43.1,31.2,40.3,32.6,16.4,0.164,Tree cover,3553.4,West Bengal,Jalpaiguri,Kalchini,Debris,2013,0–500 m,20–30°,3000–4000 mm,>1000 m,2010s,1,3,5,6
15185,26.750535,89.609997,528.0,33.6,3671.0,25.6,43.0,31.4,39.9,32.5,15.0,0.15,Tree cover,3612.1,West Bengal,Jalpaiguri,Kalchini,Debris,2014,500–1000 m,30–40°,3000–4000 mm,>1000 m,2010s,2,4,5,6
15186,26.750601,89.585343,616.0,20.62,3713.0,26.7,41.0,32.3,40.0,32.5,15.9,0.159,Tree cover,1957.1,West Bengal,Jalpaiguri,Kalchini,Rock,2013,500–1000 m,20–30°,3000–4000 mm,>1000 m,2010s,2,3,5,6
15187,26.750732,89.608857,504.0,29.09,3671.0,25.6,43.0,31.4,39.9,32.5,15.0,0.15,Tree cover,3632.6,West Bengal,Jalpaiguri,Kalchini,Debris,2013,500–1000 m,20–30°,3000–4000 mm,>1000 m,2010s,2,3,5,6
15188,26.751301,89.541305,307.0,33.24,3558.0,24.1,43.5,32.4,39.4,32.2,14.6,0.146,Tree cover,2859.6,West Bengal,Jalpaiguri,Kalchini,Debris,2010,0–500 m,30–40°,3000–4000 mm,>1000 m,2010s,1,4,5,6
15190,26.751809,89.586809,666.0,21.7,3713.0,26.1,41.2,32.7,40.0,32.5,15.9,0.159,Tree cover,2155.1,West Bengal,Jalpaiguri,Kalchini,Debris,2010,500–1000 m,20–30°,3000–4000 mm,>1000 m,2010s,2,3,5,6
15191,26.751854,89.573934,512.0,34.79,3620.0,26.8,40.6,32.6,40.0,32.4,17.6,0.176,Tree cover,1433.8,West Bengal,Jalpaiguri,Kalchini,Debris,2010,500–1000 m,30–40°,3000–4000 mm,>1000 m,2010s,2,4,5,6
15192,26.751889,89.573194,567.0,30.31,3620.0,26.8,40.6,32.6,40.0,32.4,17.6,0.176,Tree cover,1420.1,West Bengal,Jalpaiguri,Kalchini,Rock,2016,500–1000 m,30–40°,3000–4000 mm,>1000 m,2010s,2,4,5,6
15193,26.752126,89.540786,289.0,37.16,3558.0,25.8,43.9,30.3,39.2,32.2,15.5,0.155,Tree cover,2960.1,West Bengal,Jalpaiguri,Kalchini,Debris,2010,0–500 m,30–40°,3000–4000 mm,>1000 m,2010s,1,4,5,6
15194,26.752188,89.530507,316.0,34.7,3591.0,26.8,44.0,29.2,38.7,32.3,16.1,0.161,Tree cover,2841.9,West Bengal,Jalpaiguri,Kalchini,Debris,2010,0–500 m,30–40°,3000–4000 mm,>1000 m,2010s,1,4,5,6
15197,26.752923,89.53155,351.0,33.97,3591.0,26.8,44.0,29.2,38.7,32.3,16.1,0.161,Tree cover,2884.0,West Bengal,Jalpaiguri,Kalchini,Rock,2010,0–500 m,30–40°,3000–4000 mm,>1000 m,2010s,1,4,5,6
15200,26.754369,89.600887,514.0,35.75,3590.0,27.1,39.5,33.4,40.8,32.4,18.2,0.182,Tree cover,3479.3,West Bengal,Jalpaiguri,Kalchini,Rock,2013,500–1000 m,30–40°,3000–4000 mm,>1000 m,2010s,2,4,5,6
15201,26.754508,89.532505,365.0,32.17,3591.0,26.9,44.3,28.8,38.7,32.3,16.1,0.161,Tree cover,2878.3,West Bengal,Jalpaiguri,Kalchini,Debris,2013,0–500 m,30–40°,3000–4000 mm,>1000 m,2010s,1,4,5,6
15202,26.754747,89.595499,634.0,37.91,3631.0,27.4,38.2,34.4,40.8,32.4,18.2,0.182,Tree cover,3043.1,West Bengal,Jalpaiguri,Kalchini,Rock,2013,500–1000 m,30–40°,3000–4000 mm,>1000 m,2010s,2,4,5,6
15203,26.755056,89.579472,629.0,13.99,3669.0,26.9,40.1,33.0,40.0,32.4,17.6,0.176,Tree cover,1971.5,West Bengal,Jalpaiguri,Kalchini,Debris,1983,500–1000 m,10–20°,3000–4000 mm,>1000 m,1980s,2,2,5,6
15204,26.755764,89.537427,346.0,32.34,3558.0,27.8,42.9,29.3,39.2,32.2,15.5,0.155,Tree cover,3264.4,West Bengal,Jalpaiguri,Kalchini,Debris,2006,0–500 m,30–40°,3000–4000 mm,>1000 m,2000s,1,4,5,6
15205,26.755962,89.532404,401.0,31.05,3591.0,26.9,44.3,28.8,38.7,32.3,16.1,0.161,Grassland,2797.1,West Bengal,Jalpaiguri,Kalchini,Debris,2013,0–500 m,30–40°,3000–4000 mm,>1000 m,2010s,1,4,5,6
15206,26.756004,89.63729,634.0,34.44,3571.0,26.0,41.3,32.7,40.4,31.5,16.0,0.16,Tree cover,2233.3,West Bengal,Jalpaiguri,Kalchini,Rock,2010,500–1000 m,30–40°,3000–4000 mm,>1000 m,2010s,2,4,5,6
15208,26.756507,89.532459,431.0,22.82,3591.0,27.5,42.9,29.6,38.7,32.3,16.1,0.161,Tree cover,2777.0,West Bengal,Jalpaiguri,Kalchini,Debris,2013,0–500 m,20–30°,3000–4000 mm,>1000 m,2010s,1,3,5,6
15209,26.757606,89.536409,375.0,29.8,3558.0,25.5,42.4,32.1,39.2,32.2,15.5,0.155,Tree cover,3098.3,West Bengal,Jalpaiguri,Kalchini,Rock,2013,0–500 m,20–30°,3000–4000 mm,>1000 m,2010s,1,3,5,6
15214,26.758628,89.537414,318.0,29.84,3629.0,24.9,43.2,31.9,39.2,32.2,15.5,0.155,Tree cover,3159.1,West Bengal,Jalpaiguri,Kalchini,Debris,2013,0–500 m,20–30°,3000–4000 mm,>1000 m,2010s,1,3,5,6
15215,26.75886,89.538117,311.0,30.03,3629.0,24.9,43.2,31.9,39.2,32.2,15.5,0.155,Tree cover,3219.2,West Bengal,Jalpaiguri,Kalchini,Debris,2014,0–500 m,30–40°,3000–4000 mm,>1000 m,2010s,1,4,5,6
15221,26.761159,89.555181,542.0,35.2,3667.0,28.0,40.3,31.7,39.4,32.1,15.1,0.151,Tree cover,2809.8,West Bengal,Jalpaiguri,Kalchini,Debris,2013,500–1000 m,30–40°,3000–4000 mm,>1000 m,2010s,2,4,5,6
15222,26.762634,89.533138,518.0,22.63,3629.0,26.3,43.4,30.3,39.8,32.8,14.7,0.147,Tree cover,2643.8,West Bengal,Jalpaiguri,Kalchini,Debris,2013,500–1000 m,20–30°,3000–4000 mm,>1000 m,2010s,2,3,5,6
15223,26.763655,89.57447,753.0,39.59,3709.0,28.1,39.0,32.9,40.3,33.1,18.0,0.18,Tree cover,2731.0,West Bengal,Jalpaiguri,Kalchini,Debris,2010,500–1000 m,30–40°,3000–4000 mm,>1000 m,2010s,2,4,5,6
15225,26.763773,89.548058,414.0,29.8,3573.0,28.0,41.2,30.7,39.4,32.1,15.1,0.151,Tree cover,3422.6,West Bengal,Jalpaiguri,Kalchini,Debris,2010,0–500 m,20–30°,3000–4000 mm,>1000 m,2010s,1,3,5,6
15227,26.76458,89.515011,440.0,13.39,3598.0,25.5,45.0,29.5,39.9,33.0,15.4,0.154,Tree cover,835.8,West Bengal,Jalpaiguri,Kalchini,Debris,2013,0–500 m,10–20°,3000–4000 mm,500–1000 m,2010s,1,2,5,5
15228,26.764622,89.575733,775.0,30.78,3739.0,27.9,38.0,34.0,40.3,33.1,18.0,0.18,Tree cover,2859.0,West Bengal,Jalpaiguri,Kalchini,Debris,2010,500–1000 m,30–40°,3000–4000 mm,>1000 m,2010s,2,4,5,6
15229,26.764815,89.575115,719.0,24.18,3739.0,28.1,39.0,32.9,40.3,33.1,18.0,0.18,Tree cover,2868.9,West Bengal,Jalpaiguri,Kalchini,Debris,2013,500–1000 m,20–30°,3000–4000 mm,>1000 m,2010s,2,3,5,6
15230,26.765101,89.659038,1299.0,40.68,3388.0,29.6,34.2,36.2,41.1,32.8,19.7,0.197,Grassland,255.9,West Bengal,Jalpaiguri,,Debris,2013,1000–1500 m,40–50°,3000–4000 mm,100–500 m,2010s,3,5,5,4
15232,26.76652,89.518722,383.0,22.82,3589.0,26.3,44.1,29.6,39.9,33.0,15.4,0.154,Tree cover,1173.7,West Bengal,Jalpaiguri,Kalchini,Rock,2010,0–500 m,20–30°,3000–4000 mm,>1000 m,2010s,1,3,5,6
15233,26.7669,89.51941,402.0,23.75,3626.0,25.0,44.2,30.7,40.2,32.8,14.8,0.148,Grassland,1242.5,West Bengal,Jalpaiguri,Kalchini,Debris,2014,0–500 m,20–30°,3000–4000 mm,>1000 m,2010s,1,3,5,6
15236,26.767711,89.537545,538.0,25.39,3761.0,26.6,42.7,30.7,39.8,32.8,14.7,0.147,Tree cover,3047.0,West Bengal,Jalpaiguri,Kalchini,Debris,2013,500–1000 m,20–30°,3000–4000 mm,>1000 m,2010s,2,3,5,6
15240,26.768972,89.659057,1352.0,40.39,3433.0,29.7,33.9,36.4,41.5,34.0,19.4,0.194,Grassland,24.7,West Bengal,Jalpaiguri,,Debris,2006,1000–1500 m,40–50°,3000–4000 mm,10–50 m,2000s,3,5,5,2
15242,26.769896,89.639487,1137.0,49.71,3538.0,27.6,30.7,41.8,41.5,34.7,19.6,0.196,Tree cover,1309.1,West Bengal,Jalpaiguri,Kalchini,Debris,2013,1000–1500 m,40–50°,3000–4000 mm,>1000 m,2010s,3,5,5,6
15243,26.770214,89.523706,355.0,20.6,3626.0,27.2,43.0,29.8,40.3,32.3,16.7,0.167,Tree cover,1716.7,West Bengal,Jalpaiguri,Kalchini,Debris,2013,0–500 m,20–30°,3000–4000 mm,>1000 m,2010s,1,3,5,6
15246,26.770707,89.610986,1214.0,55.28,3315.0,26.3,33.0,40.6,41.2,33.7,19.0,0.19,Tree cover,1610.6,West Bengal,Jalpaiguri,Kalchini,Debris,2006,1000–1500 m,>50°,3000–4000 mm,>1000 m,2000s,3,6,5,6
15247,26.770754,89.520948,370.0,28.85,3626.0,28.3,42.6,29.1,40.1,33.1,15.7,0.157,Tree cover,1469.3,West Bengal,Jalpaiguri,Kalchini,Debris,2014,0–500 m,20–30°,3000–4000 mm,>1000 m,2010s,1,3,5,6
15249,26.771466,89.518474,351.0,28.36,3626.0,26.6,43.9,29.5,40.1,33.1,15.7,0.157,Tree cover,1270.0,West Bengal,Jalpaiguri,Kalchini,Debris,2010,0–500 m,20–30°,3000–4000 mm,>1000 m,2010s,1,3,5,6
15250,26.771816,89.527734,449.0,23.83,3673.0,27.4,42.1,30.4,40.3,32.3,16.7,0.167,Tree cover,2149.1,West Bengal,Jalpaiguri,Kalchini,Debris,2009,0–500 m,20–30°,3000–4000 mm,>1000 m,2000s,1,3,5,6
15251,26.771904,89.638372,1272.0,36.83,3538.0,28.0,34.4,37.7,41.5,34.7,19.6,0.196,Grassland,1145.4,West Bengal,Jalpaiguri,Kalchini,Debris,2009,1000–1500 m,30–40°,3000–4000 mm,>1000 m,2000s,3,4,5,6
15252,26.772288,89.639314,1337.0,33.58,3538.0,27.4,33.3,39.2,41.5,34.7,19.6,0.196,Tree cover,1083.5,West Bengal,Jalpaiguri,Kalchini,Debris,2014,1000–1500 m,30–40°,3000–4000 mm,>1000 m,2010s,3,4,5,6
15254,26.773601,89.528719,454.0,25.62,3673.0,27.6,41.9,30.5,40.3,32.3,16.7,0.167,Tree cover,2302.8,West Bengal,Jalpaiguri,Kalchini,Debris,2009,0–500 m,20–30°,3000–4000 mm,>1000 m,2000s,1,3,5,6
15258,26.775122,89.626907,1267.0,23.25,3156.0,28.4,32.4,39.2,41.9,34.1,18.8,0.188,Tree cover,687.1,West Bengal,Jalpaiguri,Kalchini,Debris,2010,1000–1500 m,20–30°,3000–4000 mm,500–1000 m,2010s,3,3,5,5
15262,26.775991,89.528204,464.0,28.06,3733.0,27.6,41.7,30.7,40.3,32.3,16.7,0.167,Tree cover,2359.8,West Bengal,Jalpaiguri,Kalchini,Debris,2011,0–500 m,20–30°,3000–4000 mm,>1000 m,2010s,1,3,5,6
15265,26.777745,89.598352,1151.0,54.33,3508.0,27.3,33.3,39.5,41.1,32.5,17.8,0.178,Tree cover,1318.2,West Bengal,Jalpaiguri,Kalchini,Debris,2013,1000–1500 m,>50°,3000–4000 mm,>1000 m,2010s,3,6,5,6
15266,26.778083,89.503746,341.0,44.48,3624.0,25.8,46.1,28.1,40.1,33.6,14.5,0.145,Tree cover,1235.2,West Bengal,Jalpaiguri,Kalchini,Debris,2013,0–500 m,40–50°,3000–4000 mm,>1000 m,2010s,1,5,5,6
15267,26.778326,89.518853,549.0,33.22,3755.0,27.5,43.9,28.6,40.1,33.1,15.7,0.157,Tree cover,1763.6,West Bengal,Jalpaiguri,Kalchini,Debris,2010,500–1000 m,30–40°,3000–4000 mm,>1000 m,2010s,2,4,5,6
15269,26.78001,89.505339,418.0,37.53,3624.0,28.2,47.5,24.3,40.5,32.7,14.9,0.149,Tree cover,1451.2,West Bengal,Jalpaiguri,Kalchini,Debris,2010,0–500 m,30–40°,3000–4000 mm,>1000 m,2010s,1,4,5,6
15272,26.783885,89.597472,1385.0,56.62,3152.0,26.1,30.5,43.4,41.0,34.4,19.1,0.191,Tree cover,764.1,West Bengal,Jalpaiguri,Kalchini,Debris,2010,1000–1500 m,>50°,3000–4000 mm,500–1000 m,2010s,3,6,5,5
15276,26.78483,89.511116,537.0,35.36,3762.0,28.5,44.3,27.2,39.5,32.9,15.4,0.154,Grassland,2045.7,West Bengal,Jalpaiguri,Kalchini,Debris,2013,500–1000 m,30–40°,3000–4000 mm,>1000 m,2010s,2,4,5,6
15284,26.787922,89.554412,849.0,37.02,3717.0,27.7,34.3,38.0,41.0,32.8,19.7,0.197,Tree cover,2065.1,West Bengal,Jalpaiguri,Kalchini,Debris,2013,500–1000 m,30–40°,3000–4000 mm,>1000 m,2010s,2,4,5,6
15289,26.791688,89.508924,598.0,21.26,3792.0,29.5,41.8,28.6,40.2,34.2,14.9,0.149,Tree cover,2764.4,West Bengal,Jalpaiguri,Kalchini,Debris,2014,500–1000 m,20–30°,3000–4000 mm,>1000 m,2010s,2,3,5,6
15290,26.791765,89.524014,972.0,34.7,3635.0,27.7,33.5,38.8,41.0,33.8,18.4,0.184,Tree cover,3273.4,West Bengal,Jalpaiguri,Kalchini,Debris,2014,500–1000 m,30–40°,3000–4000 mm,>1000 m,2010s,2,4,5,6
15291,26.792041,89.509081,599.0,25.65,3792.0,29.5,41.8,28.6,40.2,34.2,14.9,0.149,Tree cover,2805.0,West Bengal,Jalpaiguri,Kalchini,Debris,2014,500–1000 m,20–30°,3000–4000 mm,>1000 m,2010s,2,3,5,6
15297,26.802042,89.545737,1332.0,34.29,3493.0,29.7,30.5,39.8,40.9,33.4,16.8,0.168,Tree cover,1812.4,West Bengal,Jalpaiguri,Kalchini,Debris,2014,1000–1500 m,30–40°,3000–4000 mm,>1000 m,2010s,3,4,5,6
15304,26.809843,88.251516,301.0,29.97,3235.0,25.3,37.3,37.4,39.8,35.7,15.7,0.157,Tree cover,87.3,West Bengal,Darjeeling,Kurseong,Debris,2011,0–500 m,20–30°,3000–4000 mm,50–100 m,2010s,1,3,5,3
15305,26.81062,89.265369,605.0,36.95,4231.0,27.0,43.2,29.8,40.8,33.5,15.1,0.151,Tree cover,1964.3,West Bengal,Jalpaiguri,Madarihat,Debris,2014,500–1000 m,30–40°,>4000 mm,>1000 m,2010s,2,4,6,6
15306,26.810627,89.29571,253.0,13.84,3843.0,27.4,43.8,28.8,39.5,33.0,17.0,0.17,Tree cover,867.7,West Bengal,Jalpaiguri,Madarihat,Debris,2013,0–500 m,10–20°,3000–4000 mm,500–1000 m,2010s,1,2,5,5
15308,26.810923,89.243085,386.0,18.81,4069.0,25.6,44.0,30.5,41.2,33.8,16.7,0.167,Tree cover,711.3,West Bengal,Jalpaiguri,Madarihat,Rock,2002,0–500 m,10–20°,>4000 mm,500–1000 m,2000s,1,2,6,5
15310,26.811349,89.242634,391.0,22.12,4069.0,26.0,44.2,29.8,41.2,33.8,16.7,0.167,Tree cover,747.1,West Bengal,Jalpaiguri,Madarihat,Debris,2010,0–500 m,20–30°,>4000 mm,500–1000 m,2010s,1,3,6,5
15311,26.811375,89.242273,384.0,16.01,4069.0,26.0,44.2,29.8,41.2,33.8,16.7,0.167,Tree cover,741.7,West Bengal,Jalpaiguri,Madarihat,Debris,2013,0–500 m,10–20°,>4000 mm,500–1000 m,2010s,1,2,6,5
15312,26.811523,88.243138,328.0,28.93,3198.0,23.5,37.7,38.8,39.6,36.2,17.2,0.172,Tree cover,79.5,West Bengal,Darjeeling,Mirik,Rock,2015,0–500 m,20–30°,3000–4000 mm,50–100 m,2010s,1,3,5,3
15313,26.811637,89.240931,406.0,23.86,4109.0,26.0,44.2,29.8,41.2,33.8,16.7,0.167,Tree cover,739.4,West Bengal,Jalpaiguri,Madarihat,Debris,2006,0–500 m,20–30°,>4000 mm,500–1000 m,2000s,1,3,6,5
15314,26.811707,89.241801,398.0,17.77,4069.0,26.0,44.2,29.8,41.2,33.8,16.7,0.167,Tree cover,766.8,West Bengal,Jalpaiguri,Madarihat,Debris,2009,0–500 m,10–20°,>4000 mm,500–1000 m,2000s,1,2,6,5
15316,26.812003,88.22138,453.0,24.7,3213.0,24.5,36.6,39.0,40.5,31.2,16.8,0.168,Tree cover,113.9,West Bengal,Darjeeling,Mirik,Rock,2003,0–500 m,20–30°,3000–4000 mm,100–500 m,2000s,1,3,5,4
15317,26.812041,89.245515,359.0,14.66,4069.0,25.6,44.0,30.5,41.2,33.8,16.7,0.167,Bare / sparse vegetation,897.0,West Bengal,Jalpaiguri,Madarihat,Debris,2002,0–500 m,10–20°,>4000 mm,500–1000 m,2000s,1,2,6,5
15318,26.812299,89.242235,414.0,25.54,4069.0,26.0,44.2,29.8,41.2,33.8,16.7,0.167,Tree cover,840.9,West Bengal,Jalpaiguri,Madarihat,Debris,2010,0–500 m,20–30°,>4000 mm,500–1000 m,2010s,1,3,6,5
15321,26.812658,89.23477,399.0,17.7,4109.0,29.0,43.2,27.8,41.8,34.2,16.0,0.16,Tree cover,717.2,West Bengal,Jalpaiguri,Madarihat,Rock,2009,0–500 m,10–20°,>4000 mm,500–1000 m,2000s,1,2,6,5
15322,26.812813,89.23756,440.0,28.98,4109.0,27.7,44.2,28.1,41.8,34.2,16.0,0.16,Tree cover,789.7,West Bengal,Jalpaiguri,Madarihat,Debris,2009,0–500 m,20–30°,>4000 mm,500–1000 m,2000s,1,3,6,5
15323,26.81289,89.256075,370.0,38.84,3993.0,25.7,43.9,30.4,40.2,32.2,16.9,0.169,Tree cover,1539.9,West Bengal,Jalpaiguri,Madarihat,Rock,2010,0–500 m,30–40°,3000–4000 mm,>1000 m,2010s,1,4,5,6
15324,26.813084,89.287357,306.0,22.46,3926.0,27.8,45.1,27.2,39.8,33.4,16.6,0.166,Tree cover,1600.6,West Bengal,Jalpaiguri,Madarihat,Debris,2009,0–500 m,20–30°,3000–4000 mm,>1000 m,2000s,1,3,5,6
15325,26.813456,89.243276,396.0,13.1,4069.0,25.5,45.1,29.5,41.2,33.8,16.7,0.167,Grassland,990.0,West Bengal,Jalpaiguri,Madarihat,Debris,2006,0–500 m,10–20°,>4000 mm,500–1000 m,2000s,1,2,6,5
15326,26.813509,89.245041,386.0,13.83,4069.0,26.5,44.3,29.2,41.2,33.8,16.7,0.167,Grassland,1037.0,West Bengal,Jalpaiguri,Madarihat,Debris,2010,0–500 m,10–20°,>4000 mm,>1000 m,2010s,1,2,6,6
15327,26.813692,89.242207,424.0,19.35,4069.0,25.5,45.1,29.5,41.2,33.8,16.7,0.167,Tree cover,991.1,West Bengal,Jalpaiguri,Madarihat,Debris,2010,0–500 m,10–20°,>4000 mm,500–1000 m,2010s,1,2,6,5
15329,26.814007,89.268991,467.0,31.11,4121.0,27.1,43.4,29.5,40.8,33.5,15.1,0.151,Tree cover,2034.1,West Bengal,Jalpaiguri,Madarihat,Debris,2009,0–500 m,30–40°,>4000 mm,>1000 m,2000s,1,4,6,6
15330,26.815137,89.235633,441.0,13.85,4109.0,29.4,40.7,30.0,41.5,34.0,15.1,0.151,Grassland,1001.2,West Bengal,Jalpaiguri,Madarihat,Debris,2011,0–500 m,10–20°,>4000 mm,>1000 m,2010s,1,2,6,6
15332,26.815498,89.240905,510.0,37.96,4109.0,27.4,43.0,29.6,41.5,34.0,15.1,0.151,Tree cover,1157.0,West Bengal,Jalpaiguri,Madarihat,Debris,2002,500–1000 m,30–40°,>4000 mm,>1000 m,2000s,2,4,6,6
15334,26.816066,89.256062,349.0,36.82,3993.0,26.0,43.0,31.0,40.1,34.5,14.9,0.149,Bare / sparse vegetation,1813.5,West Bengal,Jalpaiguri,,Debris,2010,0–500 m,30–40°,3000–4000 mm,>1000 m,2010s,1,4,5,6
15335,26.816543,89.529176,819.0,13.76,3707.0,28.7,35.1,36.2,41.4,31.2,18.9,0.189,Tree cover,1206.6,West Bengal,Jalpaiguri,,Rock,2006,500–1000 m,10–20°,3000–4000 mm,>1000 m,2000s,2,2,5,6
15337,26.817018,89.232824,431.0,26.33,4167.0,29.0,41.4,29.6,40.0,33.3,15.2,0.152,Tree cover,769.3,West Bengal,Jalpaiguri,Madarihat,Debris,2012,0–500 m,20–30°,>4000 mm,500–1000 m,2010s,1,3,6,5
15338,26.817154,89.234601,482.0,9.65,4326.0,27.8,42.4,29.8,41.5,34.0,15.1,0.151,Tree cover,918.3,West Bengal,Jalpaiguri,Madarihat,Debris,2006,0–500 m,0–10°,>4000 mm,500–1000 m,2000s,1,1,6,5
15343,26.818167,89.235202,478.0,17.33,4326.0,27.8,42.4,29.8,41.5,34.0,15.1,0.151,Bare / sparse vegetation,922.4,West Bengal,Jalpaiguri,Madarihat,Debris,2006,0–500 m,10–20°,>4000 mm,500–1000 m,2000s,1,2,6,5
15347,26.819352,89.235089,474.0,18.79,4326.0,28.2,43.1,28.7,41.5,34.0,15.1,0.151,Tree cover,854.5,West Bengal,Jalpaiguri,,Debris,2011,0–500 m,10–20°,>4000 mm,500–1000 m,2010s,1,2,6,5
15348,26.819548,89.285973,399.0,29.76,4014.0,27.9,44.3,27.8,40.3,32.9,15.9,0.159,Tree cover,1405.7,West Bengal,Jalpaiguri,Madarihat,Debris,2010,0–500 m,20–30°,>4000 mm,>1000 m,2010s,1,3,6,6
15349,26.81963,89.271791,596.0,30.89,4291.0,28.1,43.7,28.2,41.7,34.0,15.0,0.15,Tree cover,1350.9,West Bengal,Jalpaiguri,Madarihat,Rock,2010,500–1000 m,30–40°,>4000 mm,>1000 m,2010s,2,4,6,6
15352,26.819918,89.273771,557.0,21.86,4291.0,29.0,44.7,26.3,41.7,34.0,15.0,0.15,Tree cover,1236.9,West Bengal,Jalpaiguri,Madarihat,Debris,2010,500–1000 m,20–30°,>4000 mm,>1000 m,2010s,2,3,6,6
15353,26.819945,89.272919,554.0,22.39,4291.0,29.0,44.7,26.3,41.7,34.0,15.0,0.15,Tree cover,1268.2,West Bengal,Jalpaiguri,Madarihat,Debris,2010,500–1000 m,20–30°,>4000 mm,>1000 m,2010s,2,3,6,6
15354,26.819972,88.211056,732.0,26.03,3163.0,25.1,36.7,38.2,39.9,34.3,16.7,0.167,Tree cover,17.7,West Bengal,Darjeeling,Mirik,Rock,2011,500–1000 m,20–30°,3000–4000 mm,10–50 m,2010s,2,3,5,2
15356,26.820341,89.286787,398.0,20.64,4014.0,27.9,44.3,27.8,40.3,32.9,15.9,0.159,Tree cover,1379.0,West Bengal,Jalpaiguri,Madarihat,Debris,2010,0–500 m,20–30°,>4000 mm,>1000 m,2010s,1,3,6,6
15361,26.823111,89.287558,413.0,27.76,4014.0,27.2,44.8,28.0,40.3,32.9,15.9,0.159,Tree cover,1184.6,West Bengal,Jalpaiguri,Madarihat,Debris,2006,0–500 m,20–30°,>4000 mm,>1000 m,2000s,1,3,6,6
15362,26.823927,88.2345,416.0,4.88,3218.0,24.3,35.9,39.8,40.6,36.8,15.9,0.159,Tree cover,56.4,West Bengal,Darjeeling,Mirik,Rock,2003,0–500 m,0–10°,3000–4000 mm,50–100 m,2000s,1,1,5,3
15363,26.824,88.341,333.0,19.32,3467.0,25.6,36.4,38.0,40.4,32.4,17.2,0.172,Tree cover,26.3,West Bengal,Darjeeling,Kurseong,Rock,2012,0–500 m,10–20°,3000–4000 mm,10–50 m,2010s,1,2,5,2
15366,26.824612,88.341454,387.0,16.98,3467.0,25.2,37.0,37.7,40.3,31.4,16.8,0.168,Tree cover,37.7,West Bengal,Darjeeling,Kurseong,Debris,2014,0–500 m,10–20°,3000–4000 mm,10–50 m,2010s,1,2,5,2
15369,26.825,88.339,290.0,13.97,3467.0,25.2,36.8,38.0,40.4,32.4,17.2,0.172,Tree cover,186.9,West Bengal,Darjeeling,Kurseong,Rock,2002,0–500 m,10–20°,3000–4000 mm,100–500 m,2000s,1,2,5,4
15371,26.825917,88.2225,408.0,24.54,3222.0,24.2,37.0,38.7,39.8,36.6,17.2,0.172,Tree cover,1.0,West Bengal,Darjeeling,Mirik,Debris,2015,0–500 m,20–30°,3000–4000 mm,0–10 m,2010s,1,3,5,1
15372,26.826158,88.223175,446.0,34.07,3222.0,24.5,37.1,38.4,39.8,36.6,17.2,0.172,Tree cover,70.6,West Bengal,Darjeeling,Mirik,Debris,2015,0–500 m,30–40°,3000–4000 mm,50–100 m,2010s,1,4,5,3
15374,26.826335,88.236254,465.0,35.34,3265.0,24.1,36.3,39.6,40.6,36.8,15.9,0.159,Tree cover,0.5,West Bengal,Darjeeling,Mirik,Rock,2015,0–500 m,30–40°,3000–4000 mm,0–10 m,2010s,1,4,5,1
15376,26.82648,88.340636,346.0,21.35,3516.0,25.8,35.7,38.5,40.4,32.4,17.2,0.172,Tree cover,26.6,West Bengal,Darjeeling,Kurseong,Debris,2014,0–500 m,20–30°,3000–4000 mm,10–50 m,2010s,1,3,5,2
15379,26.828286,88.233236,525.0,24.81,3238.0,24.3,35.4,40.3,40.6,36.8,15.9,0.159,Tree cover,100.3,West Bengal,Darjeeling,Mirik,Debris,2003,500–1000 m,20–30°,3000–4000 mm,100–500 m,2000s,2,3,5,4
15383,26.829985,88.222548,602.0,23.43,3222.0,24.4,37.3,38.3,39.5,34.2,17.5,0.175,Tree cover,340.0,West Bengal,Darjeeling,Mirik,Rock,2003,500–1000 m,20–30°,3000–4000 mm,100–500 m,2000s,2,3,5,4
15385,26.831465,88.284931,377.0,20.54,3380.0,24.7,38.8,36.5,39.7,35.8,16.7,0.167,Tree cover,878.6,West Bengal,Darjeeling,Kurseong,Debris,2014,0–500 m,20–30°,3000–4000 mm,500–1000 m,2010s,1,3,5,5
15388,26.831897,88.238292,479.0,29.92,3265.0,23.3,36.9,39.8,40.6,36.8,15.9,0.159,Tree cover,18.6,West Bengal,Darjeeling,Mirik,Rock,2015,0–500 m,20–30°,3000–4000 mm,10–50 m,2010s,1,3,5,2
15390,26.832861,88.265194,566.0,18.56,3335.0,24.6,39.1,36.3,40.1,35.7,16.8,0.168,Tree cover,20.9,West Bengal,Darjeeling,Kurseong,Debris,2015,500–1000 m,10–20°,3000–4000 mm,10–50 m,2010s,2,2,5,2
15396,26.834788,88.224877,793.0,17.47,3154.0,25.3,37.4,37.4,39.8,34.8,17.0,0.17,Tree cover,3.9,West Bengal,Darjeeling,Mirik,Debris,2021,500–1000 m,10–20°,3000–4000 mm,0–10 m,2020s,2,2,5,1
15402,26.837042,88.269527,624.0,39.2,3359.0,22.7,40.1,37.2,40.1,35.7,16.8,0.168,Tree cover,60.6,West Bengal,Darjeeling,Kurseong,Debris,2014,500–1000 m,30–40°,3000–4000 mm,50–100 m,2010s,2,4,5,3
15406,26.837556,88.269139,671.0,44.06,3359.0,22.9,40.4,36.6,40.1,35.7,16.8,0.168,Tree cover,3.0,West Bengal,Darjeeling,Kurseong,Rock,2003,500–1000 m,40–50°,3000–4000 mm,0–10 m,2000s,2,5,5,1
15408,26.837833,88.269444,671.0,41.37,3359.0,22.9,40.4,36.6,40.1,35.7,16.8,0.168,Tree cover,2.7,West Bengal,Darjeeling,Kurseong,Rock,2015,500–1000 m,40–50°,3000–4000 mm,0–10 m,2010s,2,5,5,1
15411,26.839678,88.332237,577.0,22.28,3548.0,24.1,38.1,37.8,40.5,36.5,17.4,0.174,Tree cover,71.9,West Bengal,Darjeeling,Kurseong,Debris,2014,500–1000 m,20–30°,3000–4000 mm,50–100 m,2010s,2,3,5,3
15412,26.8405,88.354647,522.0,37.38,3624.0,24.5,38.2,37.4,40.5,36.7,17.0,0.17,Tree cover,135.7,West Bengal,Darjeeling,Kurseong,Debris,2014,500–1000 m,30–40°,3000–4000 mm,100–500 m,2010s,2,4,5,4
15413,26.84056,88.27071,621.0,38.49,3359.0,23.0,40.1,36.9,40.1,35.7,16.8,0.168,Tree cover,101.6,West Bengal,Darjeeling,Kurseong,Debris,2015,500–1000 m,30–40°,3000–4000 mm,100–500 m,2010s,2,4,5,4
15414,26.8406,88.2694,724.0,28.2,3359.0,23.0,40.1,36.9,40.1,35.7,16.8,0.168,Tree cover,6.4,West Bengal,Darjeeling,Kurseong,Rock,2011,500–1000 m,20–30°,3000–4000 mm,0–10 m,2010s,2,3,5,1
15416,26.84098,88.35264,586.0,14.46,3624.0,23.3,38.0,38.7,40.5,36.7,17.0,0.17,Tree cover,29.3,West Bengal,Darjeeling,Kurseong,Rock,2012,500–1000 m,10–20°,3000–4000 mm,10–50 m,2010s,2,2,5,2
15423,26.843239,88.341123,686.0,25.89,3542.0,23.7,40.2,36.1,40.2,36.1,16.8,0.168,Tree cover,2.4,West Bengal,Darjeeling,Kurseong,Debris,2021,500–1000 m,20–30°,3000–4000 mm,0–10 m,2020s,2,3,5,1
15427,26.84373,88.279405,661.0,36.48,3390.0,24.6,39.5,36.0,39.6,35.4,17.2,0.172,Tree cover,736.0,West Bengal,Darjeeling,Kurseong,Debris,2014,500–1000 m,30–40°,3000–4000 mm,500–1000 m,2010s,2,4,5,5
15433,26.845411,88.191884,1277.0,25.77,3118.0,25.6,41.2,33.2,39.4,34.0,14.5,0.145,Tree cover,21.9,West Bengal,Darjeeling,Mirik,Debris,2015,1000–1500 m,20–30°,3000–4000 mm,10–50 m,2010s,3,3,5,2
15434,26.845417,88.191861,1290.0,27.84,3118.0,25.6,41.2,33.2,39.4,34.0,14.5,0.145,Tree cover,24.0,West Bengal,Darjeeling,Mirik,Debris,2015,1000–1500 m,20–30°,3000–4000 mm,10–50 m,2010s,3,3,5,2
15439,26.845528,88.190722,1225.0,37.24,3025.0,25.2,41.0,33.8,38.8,33.8,15.2,0.152,Tree cover,4.8,West Bengal,Darjeeling,Mirik,Debris,2015,1000–1500 m,30–40°,3000–4000 mm,0–10 m,2010s,3,4,5,1
15443,26.845982,88.224174,991.0,28.15,3074.0,24.3,38.4,37.3,39.8,35.1,16.6,0.166,Tree cover,3.6,West Bengal,Darjeeling,Mirik,Debris,2015,500–1000 m,20–30°,3000–4000 mm,0–10 m,2010s,2,3,5,1
15444,26.846,88.224167,991.0,28.15,3074.0,24.3,38.4,37.3,39.8,35.1,16.6,0.166,Tree cover,4.6,West Bengal,Darjeeling,Mirik,Debris,2015,500–1000 m,20–30°,3000–4000 mm,0–10 m,2010s,2,3,5,1
15448,26.846389,88.206111,1116.0,18.24,3067.0,25.0,38.4,36.6,40.3,35.6,16.9,0.169,Built-up,1.4,West Bengal,Darjeeling,Mirik,Debris,2015,1000–1500 m,10–20°,3000–4000 mm,0–10 m,2010s,3,2,5,1
15450,26.846394,88.206114,1116.0,18.24,3067.0,25.0,38.4,36.6,40.3,35.6,16.9,0.169,Built-up,1.1,West Bengal,Darjeeling,Mirik,Debris,2015,1000–1500 m,10–20°,3000–4000 mm,0–10 m,2010s,3,2,5,1
15451,26.846722,88.22425,997.0,31.24,3074.0,24.3,38.2,37.5,39.8,35.1,16.6,0.166,Tree cover,3.4,West Bengal,Darjeeling,Mirik,Debris,2015,500–1000 m,30–40°,3000–4000 mm,0–10 m,2010s,2,4,5,1
15457,26.846806,88.190304,1233.0,36.74,3025.0,26.0,40.5,33.6,38.8,33.8,15.2,0.152,Tree cover,15.8,West Bengal,Darjeeling,Mirik,Debris,2015,1000–1500 m,30–40°,3000–4000 mm,10–50 m,2010s,3,4,5,2
15458,26.84689,88.338191,749.0,36.99,3542.0,25.0,40.5,34.4,40.4,35.3,16.0,0.16,Tree cover,38.1,West Bengal,Darjeeling,Kurseong,Rock,2002,500–1000 m,30–40°,3000–4000 mm,10–50 m,2000s,2,4,5,2
15459,26.847189,88.264001,940.0,41.44,3203.0,26.3,38.0,35.8,40.0,34.9,17.0,0.17,Tree cover,96.5,West Bengal,Darjeeling,Kurseong,Rock,2014,500–1000 m,40–50°,3000–4000 mm,50–100 m,2010s,2,5,5,3
15460,26.847354,88.224369,993.0,33.18,3074.0,24.3,38.2,37.5,39.8,35.1,16.6,0.166,Tree cover,1.7,West Bengal,Darjeeling,Mirik,Debris,2015,500–1000 m,30–40°,3000–4000 mm,0–10 m,2010s,2,4,5,1
15463,26.847365,88.338607,720.0,31.7,3542.0,25.0,40.5,34.4,40.4,35.3,16.0,0.16,Tree cover,3.9,West Bengal,Darjeeling,Kurseong,Rock,2015,500–1000 m,30–40°,3000–4000 mm,0–10 m,2010s,2,4,5,1
15467,26.847833,88.22425,998.0,30.77,3074.0,24.3,38.2,37.5,39.8,35.1,16.6,0.166,Tree cover,2.9,West Bengal,Darjeeling,Mirik,Debris,2015,500–1000 m,30–40°,3000–4000 mm,0–10 m,2010s,2,4,5,1
15470,26.847864,88.224221,998.0,30.77,3074.0,24.3,38.2,37.5,39.8,35.1,16.6,0.166,Tree cover,5.2,West Bengal,Darjeeling,Mirik,Debris,2015,500–1000 m,30–40°,3000–4000 mm,0–10 m,2010s,2,4,5,1
15471,26.84798,88.190291,1250.0,38.06,3025.0,26.0,40.5,33.6,38.8,33.8,15.2,0.152,Tree cover,102.2,West Bengal,Darjeeling,Mirik,Debris,2015,1000–1500 m,30–40°,3000–4000 mm,100–500 m,2010s,3,4,5,4
15474,26.848,88.357,542.0,23.88,3629.0,23.5,38.9,37.6,39.6,36.7,17.7,0.177,Tree cover,40.6,West Bengal,Darjeeling,Kurseong,Rock,2012,500–1000 m,20–30°,3000–4000 mm,10–50 m,2010s,2,3,5,2
15472,26.848,88.190306,1250.0,38.06,3025.0,26.0,40.5,33.6,38.8,33.8,15.2,0.152,Tree cover,104.9,West Bengal,Darjeeling,Mirik,Debris,2015,1000–1500 m,30–40°,3000–4000 mm,100–500 m,2010s,3,4,5,4
15475,26.848509,88.273609,683.0,28.74,3328.0,24.6,39.9,35.5,39.6,35.4,17.2,0.172,Tree cover,262.1,West Bengal,Darjeeling,Kurseong,Debris,2008,500–1000 m,20–30°,3000–4000 mm,100–500 m,2000s,2,3,5,4
15478,26.848889,88.262444,940.0,21.72,3203.0,25.9,38.8,35.3,40.0,34.7,15.5,0.155,Tree cover,7.4,West Bengal,Darjeeling,Kurseong,Debris,2015,500–1000 m,20–30°,3000–4000 mm,0–10 m,2010s,2,3,5,1
15479,26.848966,88.355296,504.0,13.5,3629.0,23.3,38.6,38.1,39.6,36.7,17.7,0.177,Tree cover,215.4,West Bengal,Darjeeling,Kurseong,Debris,2014,500–1000 m,10–20°,3000–4000 mm,100–500 m,2010s,2,2,5,4
15484,26.849353,88.192211,1330.0,21.11,3118.0,26.5,42.1,31.4,38.8,33.8,15.2,0.152,Tree cover,34.0,West Bengal,Darjeeling,Mirik,Debris,2015,1000–1500 m,20–30°,3000–4000 mm,10–50 m,2010s,3,3,5,2
15489,26.849463,88.33315,765.0,25.06,3512.0,23.7,39.2,37.0,40.3,35.1,16.1,0.161,Built-up,0.6,West Bengal,Darjeeling,Kurseong,Rock,2015,500–1000 m,20–30°,3000–4000 mm,0–10 m,2010s,2,3,5,1
15491,26.849721,88.218027,1012.0,30.58,3074.0,24.4,37.3,38.3,40.1,35.4,15.8,0.158,Tree cover,12.7,West Bengal,Darjeeling,Mirik,Debris,2015,1000–1500 m,30–40°,3000–4000 mm,10–50 m,2010s,3,4,5,2
15502,26.850307,88.191728,1315.0,31.79,3176.0,26.5,42.1,31.4,38.8,33.8,15.2,0.152,Grassland,33.1,West Bengal,Darjeeling,Mirik,Debris,2015,1000–1500 m,30–40°,3000–4000 mm,10–50 m,2010s,3,4,5,2
15507,26.851472,88.193361,1350.0,31.91,3176.0,28.0,40.3,31.7,38.2,32.6,14.8,0.148,Tree cover,137.3,West Bengal,Darjeeling,Mirik,Debris,2015,1000–1500 m,30–40°,3000–4000 mm,100–500 m,2010s,3,4,5,4
15510,26.851503,88.193331,1350.0,31.91,3176.0,28.0,40.3,31.7,38.2,32.6,14.8,0.148,Tree cover,133.6,West Bengal,Darjeeling,Mirik,Debris,2015,1000–1500 m,30–40°,3000–4000 mm,100–500 m,2010s,3,4,5,4
15511,26.851839,88.333817,828.0,27.73,3523.0,24.9,40.2,34.9,40.2,36.4,16.5,0.165,Built-up,0.4,West Bengal,Darjeeling,Kurseong,Rock,2021,500–1000 m,20–30°,3000–4000 mm,0–10 m,2020s,2,3,5,1
15512,26.851894,88.194263,1348.0,33.27,3176.0,28.0,40.3,31.7,38.2,32.6,14.8,0.148,Tree cover,223.2,West Bengal,Darjeeling,Mirik,Debris,2015,1000–1500 m,30–40°,3000–4000 mm,100–500 m,2010s,3,4,5,4
15515,26.852028,88.193417,1374.0,11.48,3176.0,28.0,40.3,31.7,38.2,32.6,14.8,0.148,Tree cover,141.7,West Bengal,Darjeeling,Mirik,Debris,2015,1000–1500 m,10–20°,3000–4000 mm,100–500 m,2010s,3,2,5,4
15518,26.852059,88.193387,1374.0,11.48,3176.0,28.0,40.3,31.7,38.2,32.6,14.8,0.148,Built-up,139.5,West Bengal,Darjeeling,Mirik,Debris,2015,1000–1500 m,10–20°,3000–4000 mm,100–500 m,2010s,3,2,5,4
15519,26.852464,89.104824,278.0,24.44,4090.0,26.4,42.1,31.5,40.3,31.7,15.5,0.155,Tree cover,1417.0,West Bengal,Jalpaiguri,,Debris,2011,0–500 m,20–30°,>4000 mm,>1000 m,2010s,1,3,6,6
15522,26.852817,88.194913,1322.0,36.6,3176.0,27.6,40.5,31.9,40.4,34.0,15.3,0.153,Grassland,293.4,West Bengal,Darjeeling,Mirik,Debris,2015,1000–1500 m,30–40°,3000–4000 mm,100–500 m,2010s,3,4,5,4
15523,26.852866,88.33408,820.0,35.6,3523.0,24.9,40.2,34.9,40.2,36.4,16.5,0.165,Tree cover,6.2,West Bengal,Darjeeling,Kurseong,Debris,2021,500–1000 m,30–40°,3000–4000 mm,0–10 m,2020s,2,4,5,1
15524,26.853548,88.335636,790.0,21.8,3523.0,25.7,39.4,34.9,40.2,36.4,16.5,0.165,Built-up,29.5,West Bengal,Darjeeling,Kurseong,Rock,2015,500–1000 m,20–30°,3000–4000 mm,10–50 m,2010s,2,3,5,2
15527,26.853924,88.18756,1183.0,12.63,3032.0,25.5,40.5,34.0,38.2,32.6,14.8,0.148,Tree cover,5.7,West Bengal,Darjeeling,Mirik,Debris,2015,1000–1500 m,10–20°,3000–4000 mm,0–10 m,2010s,3,2,5,1
15530,26.854096,88.337308,750.0,41.32,3523.0,25.4,39.8,34.8,40.7,35.3,16.0,0.16,Bare / sparse vegetation,86.1,West Bengal,Darjeeling,Kurseong,Rock,2014,500–1000 m,40–50°,3000–4000 mm,50–100 m,2010s,2,5,5,3
15531,26.855,88.186667,1165.0,17.53,3032.0,25.5,40.5,34.0,38.2,32.6,14.8,0.148,Tree cover,52.1,West Bengal,Darjeeling,Mirik,Debris,2015,1000–1500 m,10–20°,3000–4000 mm,50–100 m,2010s,3,2,5,3
15533,26.855,88.337,817.0,8.69,3523.0,25.4,39.8,34.8,40.7,35.3,16.0,0.16,Built-up,51.4,West Bengal,Darjeeling,Kurseong,Rock,2008,500–1000 m,0–10°,3000–4000 mm,50–100 m,2000s,2,1,5,3
15534,26.855013,88.186654,1165.0,17.53,3032.0,25.5,40.5,34.0,38.2,32.6,14.8,0.148,Tree cover,53.9,West Bengal,Darjeeling,Mirik,Debris,2015,1000–1500 m,10–20°,3000–4000 mm,50–100 m,2010s,3,2,5,3
15535,26.855278,88.233972,513.0,34.19,3287.0,24.0,36.4,39.6,39.9,34.9,16.5,0.165,Tree cover,0.6,West Bengal,Darjeeling,Mirik,Debris,2015,500–1000 m,30–40°,3000–4000 mm,0–10 m,2010s,2,4,5,1
15536,26.855327,88.298571,739.0,16.84,3408.0,23.5,38.6,37.9,39.9,34.2,15.8,0.158,Tree cover,14.0,West Bengal,Darjeeling,Kurseong,Debris,2021,500–1000 m,10–20°,3000–4000 mm,10–50 m,2020s,2,2,5,2
15537,26.8554,88.2782,648.0,37.84,3362.0,23.0,39.2,37.8,39.8,33.9,15.2,0.152,Tree cover,681.0,West Bengal,Darjeeling,Kurseong,Debris,2013,500–1000 m,30–40°,3000–4000 mm,500–1000 m,2010s,2,4,5,5
15540,26.855642,88.298625,743.0,19.46,3408.0,23.5,38.6,37.9,39.9,34.2,15.8,0.158,Tree cover,7.8,West Bengal,Darjeeling,Kurseong,Debris,2021,500–1000 m,10–20°,3000–4000 mm,0–10 m,2020s,2,2,5,1
15541,26.85569,88.3013,717.0,28.36,3402.0,22.7,39.5,37.8,39.9,34.2,15.8,0.158,Tree cover,15.1,West Bengal,Darjeeling,Kurseong,Rock,2022,500–1000 m,20–30°,3000–4000 mm,10–50 m,2020s,2,3,5,2
15542,26.85598,88.30158,741.0,26.18,3402.0,22.7,39.5,37.8,39.9,34.2,15.8,0.158,Tree cover,12.8,West Bengal,Darjeeling,Kurseong,Debris,2022,500–1000 m,20–30°,3000–4000 mm,10–50 m,2020s,2,3,5,2
15543,26.856231,88.211963,908.0,22.72,3052.0,22.5,38.2,39.4,40.3,35.3,16.5,0.165,Tree cover,46.6,West Bengal,Darjeeling,Mirik,Rock,2021,500–1000 m,20–30°,3000–4000 mm,10–50 m,2020s,2,3,5,2
15544,26.85658,88.327874,942.0,41.69,3392.0,23.9,39.1,36.9,40.2,36.4,16.5,0.165,Tree cover,10.3,West Bengal,Darjeeling,Kurseong,Rock,2021,500–1000 m,40–50°,3000–4000 mm,10–50 m,2020s,2,5,5,2
15545,26.856957,88.438311,366.0,36.86,3758.0,25.2,39.3,35.5,40.8,30.2,17.1,0.171,Tree cover,1514.9,West Bengal,Darjeeling,Kurseong,Debris,2010,0–500 m,30–40°,3000–4000 mm,>1000 m,2010s,1,4,5,6
15547,26.857711,88.314048,1060.0,21.61,3333.0,23.2,39.4,37.4,40.4,34.0,15.3,0.153,Tree cover,0.1,West Bengal,Darjeeling,Kurseong,Rock,2021,1000–1500 m,20–30°,3000–4000 mm,0–10 m,2020s,3,3,5,1
15550,26.858056,88.333333,926.0,31.72,3392.0,24.5,39.6,36.0,40.2,36.4,16.5,0.165,Tree cover,21.0,West Bengal,Darjeeling,Kurseong,Rock,2015,500–1000 m,30–40°,3000–4000 mm,10–50 m,2010s,2,4,5,2
15553,26.85896,88.28803,1023.0,40.94,3270.0,24.3,38.7,37.0,39.8,33.9,15.2,0.152,Tree cover,4.5,West Bengal,Darjeeling,Kurseong,Rock,2022,1000–1500 m,40–50°,3000–4000 mm,0–10 m,2020s,3,5,5,1
15554,26.859302,88.293514,845.0,25.29,3281.0,22.9,39.2,37.9,40.1,33.6,15.7,0.157,Tree cover,19.3,West Bengal,Darjeeling,Kurseong,Rock,2015,500–1000 m,20–30°,3000–4000 mm,10–50 m,2010s,2,3,5,2
15557,26.859556,88.293444,860.0,35.58,3281.0,22.9,39.2,37.9,40.1,33.6,15.7,0.157,Tree cover,6.7,West Bengal,Darjeeling,Kurseong,Debris,2015,500–1000 m,30–40°,3000–4000 mm,0–10 m,2010s,2,4,5,1
15562,26.860446,88.19659,1323.0,27.24,3176.0,24.1,40.6,35.3,39.2,34.1,15.9,0.159,Tree cover,58.5,West Bengal,Darjeeling,Mirik,Debris,2015,1000–1500 m,20–30°,3000–4000 mm,50–100 m,2010s,3,3,5,3
15563,26.860617,88.278861,984.0,34.98,3224.0,24.6,37.9,37.5,39.5,33.9,16.4,0.164,Tree cover,556.9,West Bengal,Darjeeling,Kurseong,Rock,2001,500–1000 m,30–40°,3000–4000 mm,500–1000 m,2000s,2,4,5,5
15564,26.860652,88.259765,1273.0,13.3,3263.0,25.0,39.6,35.4,39.3,33.7,15.9,0.159,Tree cover,32.0,West Bengal,Darjeeling,Kurseong,Rock,2011,1000–1500 m,10–20°,3000–4000 mm,10–50 m,2010s,3,2,5,2
15565,26.860752,88.399417,667.0,52.36,3775.0,23.7,39.4,36.8,40.0,35.5,15.7,0.157,Tree cover,3311.9,West Bengal,Darjeeling,Kurseong,Debris,2004,500–1000 m,>50°,3000–4000 mm,>1000 m,2000s,2,6,5,6
15566,26.860864,88.257467,1152.0,47.35,3183.0,24.9,39.5,35.6,39.9,33.5,16.1,0.161,Tree cover,230.9,West Bengal,Darjeeling,Kurseong,Debris,2014,1000–1500 m,40–50°,3000–4000 mm,100–500 m,2010s,3,5,5,4
15567,26.861111,88.193333,1288.0,29.2,3176.0,27.3,39.9,32.8,39.2,34.1,15.9,0.159,Tree cover,2.0,West Bengal,Darjeeling,Mirik,Debris,2015,1000–1500 m,20–30°,3000–4000 mm,0–10 m,2010s,3,3,5,1
15570,26.8615,88.196528,1336.0,23.57,3176.0,28.3,40.2,31.5,39.2,34.1,15.9,0.159,Tree cover,42.6,West Bengal,Darjeeling,Mirik,Debris,2015,1000–1500 m,20–30°,3000–4000 mm,10–50 m,2010s,3,3,5,2
15572,26.861531,88.196497,1352.0,13.18,3176.0,28.3,40.2,31.5,39.2,34.1,15.9,0.159,Built-up,41.1,West Bengal,Darjeeling,Mirik,Debris,2015,1000–1500 m,10–20°,3000–4000 mm,10–50 m,2010s,3,2,5,2
15574,26.862861,88.193083,1264.0,24.38,3176.0,27.6,41.3,31.1,39.2,34.1,15.9,0.159,Tree cover,7.6,West Bengal,Darjeeling,Mirik,Debris,2016,1000–1500 m,20–30°,3000–4000 mm,0–10 m,2010s,3,3,5,1
15575,26.863,88.193056,1260.0,30.74,3176.0,27.6,41.3,31.1,39.2,34.1,15.9,0.159,Tree cover,17.0,West Bengal,Darjeeling,Mirik,Debris,2015,1000–1500 m,30–40°,3000–4000 mm,10–50 m,2010s,3,4,5,2
15576,26.863012,88.193062,1260.0,30.74,3176.0,27.6,41.3,31.1,39.2,34.1,15.9,0.159,Tree cover,17.1,West Bengal,Darjeeling,Mirik,Debris,2015,1000–1500 m,30–40°,3000–4000 mm,10–50 m,2010s,3,4,5,2
15577,26.86306,88.284983,1219.0,32.47,3270.0,24.9,38.5,36.6,39.6,32.9,16.3,0.163,Tree cover,8.3,West Bengal,Darjeeling,Kurseong,Debris,2007,1000–1500 m,30–40°,3000–4000 mm,0–10 m,2000s,3,4,5,1
15580,26.863556,88.190167,1166.0,28.97,2966.0,25.3,41.3,33.4,38.7,33.3,16.5,0.165,Tree cover,15.5,West Bengal,Darjeeling,Mirik,Debris,2015,1000–1500 m,20–30°,2500–3000 mm,10–50 m,2010s,3,3,4,2
15582,26.863566,88.190165,1166.0,28.97,2966.0,25.3,41.3,33.4,38.7,33.3,16.5,0.165,Tree cover,16.5,West Bengal,Darjeeling,Mirik,Debris,2015,1000–1500 m,20–30°,2500–3000 mm,10–50 m,2010s,3,3,4,2
15586,26.863806,88.193703,1259.0,31.42,3176.0,27.6,41.3,31.1,39.2,34.1,15.9,0.159,Tree cover,3.6,West Bengal,Darjeeling,Mirik,Debris,2015,1000–1500 m,30–40°,3000–4000 mm,0–10 m,2010s,3,4,5,1
15584,26.863806,88.193694,1259.0,31.42,3176.0,27.6,41.3,31.1,39.2,34.1,15.9,0.159,Tree cover,4.5,West Bengal,Darjeeling,Mirik,Debris,2015,1000–1500 m,30–40°,3000–4000 mm,0–10 m,2010s,3,4,5,1
15588,26.864731,88.395166,476.0,24.24,3775.0,25.3,38.1,36.6,40.0,35.5,15.7,0.157,Tree cover,2886.5,West Bengal,Darjeeling,Kurseong,Debris,2010,0–500 m,20–30°,3000–4000 mm,>1000 m,2010s,1,3,5,6
15589,26.864861,88.286167,1205.0,34.13,3270.0,25.7,38.3,36.1,39.6,32.9,16.3,0.163,Tree cover,9.2,West Bengal,Darjeeling,Kurseong,Rock,2015,1000–1500 m,30–40°,3000–4000 mm,0–10 m,2010s,3,4,5,1
15590,26.864917,88.193,1272.0,31.5,3176.0,26.6,41.2,32.2,39.2,34.1,15.9,0.159,Tree cover,2.7,West Bengal,Darjeeling,Mirik,Debris,2016,1000–1500 m,30–40°,3000–4000 mm,0–10 m,2010s,3,4,5,1
15596,26.865528,88.192722,1264.0,28.91,3176.0,26.6,41.2,32.2,39.2,34.1,15.9,0.159,Tree cover,0.2,West Bengal,Darjeeling,Mirik,Debris,2015,1000–1500 m,20–30°,3000–4000 mm,0–10 m,2010s,3,3,5,1
15600,26.866701,88.291554,1228.0,37.95,3527.0,26.9,37.1,36.0,39.6,32.9,16.3,0.163,Tree cover,193.5,West Bengal,Darjeeling,Kurseong,Rock,2017,1000–1500 m,30–40°,3000–4000 mm,100–500 m,2010s,3,4,5,4
15601,26.866933,88.397708,500.0,40.75,3779.0,25.3,37.8,36.9,40.0,35.5,15.7,0.157,Tree cover,2623.6,West Bengal,Darjeeling,Kurseong,Debris,2004,0–500 m,40–50°,3000–4000 mm,>1000 m,2000s,1,5,5,6
15602,26.867,88.305,1118.0,31.73,3372.0,26.9,37.1,35.9,40.7,34.4,17.2,0.172,Tree cover,5.9,West Bengal,Darjeeling,Kurseong,Rock,2003,1000–1500 m,30–40°,3000–4000 mm,0–10 m,2000s,3,4,5,1
15603,26.867306,88.305056,1134.0,22.86,3372.0,26.9,37.1,35.9,40.7,34.4,17.2,0.172,Tree cover,12.6,West Bengal,Darjeeling,Kurseong,Debris,2015,1000–1500 m,20–30°,3000–4000 mm,10–50 m,2010s,3,3,5,2
15607,26.868647,89.099149,310.0,26.18,4141.0,28.2,40.6,31.2,42.0,33.3,16.1,0.161,Tree cover,187.3,West Bengal,Jalpaiguri,,Debris,2011,0–500 m,20–30°,>4000 mm,100–500 m,2010s,1,3,6,4
15608,26.869222,88.415532,725.0,43.49,3797.0,23.4,39.9,36.7,40.8,34.3,16.7,0.167,Tree cover,2910.0,West Bengal,Darjeeling,Kurseong,Debris,2014,500–1000 m,40–50°,3000–4000 mm,>1000 m,2010s,2,5,5,6
15609,26.869521,88.301169,1370.0,31.11,3372.0,27.4,37.9,34.6,41.4,34.4,16.7,0.167,Built-up,0.9,West Bengal,Darjeeling,Kurseong,Debris,2021,1000–1500 m,30–40°,3000–4000 mm,0–10 m,2020s,3,4,5,1
15611,26.86997,88.272456,1284.0,33.47,3469.0,26.2,38.7,35.0,39.1,33.4,16.0,0.16,Tree cover,370.7,West Bengal,Darjeeling,Kurseong,Rock,2014,1000–1500 m,30–40°,3000–4000 mm,100–500 m,2010s,3,4,5,4
15615,26.870528,88.400948,724.0,36.83,3753.0,22.3,39.3,38.4,41.2,36.9,17.8,0.178,Tree cover,2235.5,West Bengal,Darjeeling,Kurseong,Debris,2014,500–1000 m,30–40°,3000–4000 mm,>1000 m,2010s,2,4,5,6
15616,26.870694,88.302333,1331.0,23.6,3372.0,26.9,39.3,33.8,41.4,34.4,16.7,0.167,Tree cover,91.7,West Bengal,Darjeeling,Kurseong,Rock,2010,1000–1500 m,20–30°,3000–4000 mm,50–100 m,2010s,3,3,5,3
15620,26.871011,88.30868,1023.0,42.53,3367.0,25.5,36.6,37.9,40.1,33.4,15.9,0.159,Tree cover,222.3,West Bengal,Darjeeling,Kurseong,Rock,2012,1000–1500 m,40–50°,3000–4000 mm,100–500 m,2010s,3,5,5,4
15633,26.871667,88.214972,882.0,26.78,3034.0,22.0,36.3,41.7,39.9,34.4,17.5,0.175,Tree cover,6.9,West Bengal,Darjeeling,Mirik,Rock,2015,500–1000 m,20–30°,3000–4000 mm,0–10 m,2010s,2,3,5,1
15636,26.872197,88.391895,499.0,22.32,3779.0,24.0,39.1,36.9,41.0,35.8,18.0,0.18,Tree cover,2139.1,West Bengal,Darjeeling,Kurseong,Debris,2011,0–500 m,20–30°,3000–4000 mm,>1000 m,2010s,1,3,5,6
15637,26.8722,88.2715,1432.0,35.28,3469.0,24.9,39.4,35.7,39.1,33.4,16.0,0.16,Tree cover,164.1,West Bengal,Darjeeling,Kurseong,Debris,2013,1000–1500 m,30–40°,3000–4000 mm,100–500 m,2010s,3,4,5,4
15638,26.872454,88.284939,1442.0,31.34,3527.0,26.4,37.9,35.6,39.3,33.5,17.5,0.175,Tree cover,16.7,West Bengal,Darjeeling,Kurseong,Debris,2015,1000–1500 m,30–40°,3000–4000 mm,10–50 m,2010s,3,4,5,2
15639,26.872526,88.306365,1018.0,33.07,3372.0,25.7,36.4,37.9,40.1,33.4,15.9,0.159,Tree cover,187.8,West Bengal,Darjeeling,Kurseong,Rock,2012,1000–1500 m,30–40°,3000–4000 mm,100–500 m,2010s,3,4,5,4
15640,26.872556,88.285083,1442.0,31.34,3527.0,26.4,37.9,35.6,39.3,33.5,17.5,0.175,Tree cover,3.1,West Bengal,Darjeeling,Kurseong,Rock,2015,1000–1500 m,30–40°,3000–4000 mm,0–10 m,2010s,3,4,5,1
15643,26.872794,88.417543,664.0,56.16,3855.0,23.6,39.1,37.3,40.8,34.3,16.7,0.167,Tree cover,2731.0,West Bengal,Darjeeling,Kurseong,Rock,2014,500–1000 m,>50°,3000–4000 mm,>1000 m,2010s,2,6,5,6
15644,26.873291,88.37526,628.0,30.05,3720.0,23.8,39.2,37.0,39.8,36.3,17.1,0.171,Tree cover,1171.8,West Bengal,Darjeeling,Kurseong,Debris,2004,500–1000 m,30–40°,3000–4000 mm,>1000 m,2000s,2,4,5,6
15645,26.873533,88.277209,1425.0,30.05,3502.0,27.2,39.5,33.3,39.3,33.5,17.5,0.175,Built-up,6.5,West Bengal,Darjeeling,Kurseong,Debris,2014,1000–1500 m,30–40°,3000–4000 mm,0–10 m,2010s,3,4,5,1
15647,26.874095,88.19197,1429.0,26.73,3174.0,28.9,37.8,33.2,40.4,34.3,16.3,0.163,Tree cover,1.6,West Bengal,Darjeeling,Mirik,Debris,2021,1000–1500 m,20–30°,3000–4000 mm,0–10 m,2020s,3,3,5,1
15650,26.874624,88.277883,1417.0,38.92,3502.0,27.2,39.5,33.3,39.3,33.5,17.5,0.175,Tree cover,12.7,West Bengal,Darjeeling,Kurseong,Debris,2014,1000–1500 m,30–40°,3000–4000 mm,10–50 m,2010s,3,4,5,2
15651,26.8749,88.2844,1585.0,27.7,3527.0,26.4,39.3,34.3,39.3,33.5,17.5,0.175,Tree cover,4.0,West Bengal,Darjeeling,Kurseong,Debris,2022,1500–2000 m,20–30°,3000–4000 mm,0–10 m,2020s,4,3,5,1
15655,26.875891,88.398517,526.0,23.9,3737.0,22.7,39.7,37.6,41.2,36.9,17.8,0.178,Tree cover,1625.0,West Bengal,Darjeeling,Kurseong,Debris,2014,500–1000 m,20–30°,3000–4000 mm,>1000 m,2010s,2,3,5,6
15656,26.87631,88.28167,1471.0,27.66,3449.0,27.3,39.0,33.7,39.3,33.5,17.5,0.175,Tree cover,19.2,West Bengal,Darjeeling,Kurseong,Debris,2022,1000–1500 m,20–30°,3000–4000 mm,10–50 m,2020s,3,3,5,2
15657,26.877,88.314,1083.0,42.33,3416.0,25.8,37.4,36.8,40.1,33.4,15.9,0.159,Tree cover,79.6,West Bengal,Darjeeling,Kurseong,Rock,2012,1000–1500 m,40–50°,3000–4000 mm,50–100 m,2010s,3,5,5,3
15659,26.877274,88.313681,1117.0,47.88,3416.0,25.8,37.4,36.8,40.1,33.4,15.9,0.159,Tree cover,53.1,West Bengal,Darjeeling,Kurseong,Rock,2015,1000–1500 m,40–50°,3000–4000 mm,50–100 m,2010s,3,5,5,3
15660,26.877408,88.283764,1588.0,24.75,3314.0,27.5,40.1,32.4,39.3,33.5,17.5,0.175,Tree cover,72.0,West Bengal,Darjeeling,Kurseong,Debris,1998,1500–2000 m,20–30°,3000–4000 mm,50–100 m,1990s,4,3,5,3
15662,26.877539,88.310605,1216.0,40.3,3416.0,25.1,37.4,37.5,40.1,33.4,15.9,0.159,Tree cover,22.5,West Bengal,Darjeeling,Kurseong,Rock,2015,1000–1500 m,40–50°,3000–4000 mm,10–50 m,2010s,3,5,5,2
15665,26.878,88.3,1317.0,26.38,3385.0,27.0,37.9,35.0,40.3,34.0,16.8,0.168,Tree cover,53.3,West Bengal,Darjeeling,Kurseong,Debris,2012,1000–1500 m,20–30°,3000–4000 mm,50–100 m,2010s,3,3,5,3
15666,26.878083,88.224611,628.0,11.65,3131.0,22.2,36.6,41.2,39.5,34.6,18.2,0.182,Tree cover,9.7,West Bengal,Darjeeling,Mirik,Debris,2015,500–1000 m,10–20°,3000–4000 mm,0–10 m,2010s,2,2,5,1
15668,26.878297,88.345986,570.0,34.79,3616.0,23.5,40.1,36.4,39.3,35.2,17.6,0.176,Grassland,241.0,West Bengal,Darjeeling,Kurseong,Rock,2004,500–1000 m,30–40°,3000–4000 mm,100–500 m,2000s,2,4,5,4
15670,26.878875,88.410696,575.0,53.4,3834.0,23.4,39.7,36.9,40.6,35.2,18.8,0.188,Grassland,1771.9,West Bengal,Darjeeling,Kurseong,Debris,2014,500–1000 m,>50°,3000–4000 mm,>1000 m,2010s,2,6,5,6
15672,26.879134,88.300863,1310.0,37.88,3385.0,27.0,37.9,35.0,40.3,34.0,16.8,0.168,Tree cover,31.3,West Bengal,Darjeeling,Kurseong,Debris,2015,1000–1500 m,30–40°,3000–4000 mm,10–50 m,2010s,3,4,5,2
15676,26.880829,88.440901,371.0,37.13,3836.0,26.0,37.7,36.3,40.5,30.9,17.1,0.171,Grassland,2764.3,West Bengal,Darjeeling,Kurseong,Debris,2004,0–500 m,30–40°,3000–4000 mm,>1000 m,2000s,1,4,5,6
15677,26.881306,88.164917,1293.0,32.08,2901.0,25.0,41.6,33.4,39.0,32.9,15.1,0.151,Tree cover,5.5,West Bengal,Darjeeling,Mirik,Debris,2016,1000–1500 m,30–40°,2500–3000 mm,0–10 m,2010s,3,4,4,1
15682,26.88539,88.361673,610.0,39.23,3669.0,23.1,40.7,36.2,40.0,34.7,18.2,0.182,Tree cover,148.8,West Bengal,Darjeeling,Kurseong,Debris,2013,500–1000 m,30–40°,3000–4000 mm,100–500 m,2010s,2,4,5,4
15683,26.885833,88.349056,621.0,15.15,3614.0,24.4,39.6,36.0,39.3,35.2,17.6,0.176,Tree cover,288.0,West Bengal,Darjeeling,Kurseong,Rock,2015,500–1000 m,10–20°,3000–4000 mm,100–500 m,2010s,2,2,5,4
15684,26.885835,88.395558,997.0,42.51,3494.0,22.9,39.6,37.5,39.8,34.5,17.2,0.172,Tree cover,594.3,West Bengal,Darjeeling,Kurseong,Debris,2010,500–1000 m,40–50°,3000–4000 mm,500–1000 m,2010s,2,5,5,5
15687,26.886148,88.278299,1525.0,23.5,3418.0,25.8,39.6,34.6,39.2,32.9,16.2,0.162,Tree cover,23.8,West Bengal,Darjeeling,Kurseong,Rock,2006,1500–2000 m,20–30°,3000–4000 mm,10–50 m,2000s,4,3,5,2
15688,26.88618,88.439126,450.0,42.66,3926.0,24.4,40.2,35.4,40.5,35.9,17.3,0.173,Grassland,3039.8,West Bengal,Darjeeling,Kurseong,Rock,2014,0–500 m,40–50°,3000–4000 mm,>1000 m,2010s,1,5,5,6
15689,26.886248,88.438326,509.0,50.0,3926.0,28.1,37.6,34.4,40.5,35.9,17.3,0.173,Grassland,3118.5,West Bengal,Darjeeling,Kurseong,Debris,2004,500–1000 m,40–50°,3000–4000 mm,>1000 m,2000s,2,5,5,6
15692,26.887028,88.200944,1543.0,28.18,3221.0,26.2,38.3,35.5,40.4,34.5,16.9,0.169,Tree cover,7.3,West Bengal,Darjeeling,Mirik,Debris,2015,1500–2000 m,20–30°,3000–4000 mm,0–10 m,2010s,4,3,5,1
15695,26.887029,88.200952,1543.0,28.18,3221.0,26.2,38.3,35.5,40.4,34.5,16.9,0.169,Tree cover,6.6,West Bengal,Darjeeling,Mirik,Debris,2015,1500–2000 m,20–30°,3000–4000 mm,0–10 m,2010s,4,3,5,1
15696,26.887222,88.355694,603.0,11.46,3613.0,24.6,39.3,36.1,40.2,35.7,17.2,0.172,Tree cover,334.2,West Bengal,Darjeeling,Kurseong,Rock,2015,500–1000 m,10–20°,3000–4000 mm,100–500 m,2010s,2,2,5,4
15699,26.887564,88.189256,1626.0,16.17,3098.0,26.2,38.2,35.6,39.9,32.7,16.3,0.163,Built-up,6.7,West Bengal,Darjeeling,Mirik,Debris,2015,1500–2000 m,10–20°,3000–4000 mm,0–10 m,2010s,4,2,5,1
15700,26.887648,88.201467,1561.0,33.56,3221.0,26.2,38.3,35.5,40.4,34.5,16.9,0.169,Tree cover,12.8,West Bengal,Darjeeling,Mirik,Debris,2015,1500–2000 m,30–40°,3000–4000 mm,10–50 m,2010s,4,4,5,2
15701,26.887667,88.201472,1561.0,33.56,3221.0,26.2,38.3,35.5,40.4,34.5,16.9,0.169,Tree cover,14.6,West Bengal,Darjeeling,Mirik,Debris,2015,1500–2000 m,30–40°,3000–4000 mm,10–50 m,2010s,4,4,5,2
15704,26.887876,88.17893,1591.0,6.9,3078.0,27.4,38.8,33.8,39.9,33.2,16.0,0.16,Tree cover,60.2,West Bengal,Darjeeling,Mirik,Debris,2015,1500–2000 m,0–10°,3000–4000 mm,50–100 m,2010s,4,1,5,3
15705,26.888141,88.381534,818.0,43.17,3622.0,25.1,38.7,36.1,39.6,35.2,17.5,0.175,Tree cover,1700.6,West Bengal,Darjeeling,Kurseong,Rock,2004,500–1000 m,40–50°,3000–4000 mm,>1000 m,2000s,2,5,5,6
15706,26.888194,88.202167,1546.0,25.68,3221.0,26.2,38.3,35.5,40.4,34.5,16.9,0.169,Tree cover,15.6,West Bengal,Darjeeling,Mirik,Debris,2015,1500–2000 m,20–30°,3000–4000 mm,10–50 m,2010s,4,3,5,2
15709,26.888206,88.202175,1550.0,22.69,3221.0,26.2,38.3,35.5,40.4,34.5,16.9,0.169,Tree cover,16.9,West Bengal,Darjeeling,Mirik,Debris,2015,1500–2000 m,20–30°,3000–4000 mm,10–50 m,2010s,4,3,5,2
15710,26.888624,88.17477,1504.0,4.28,3086.0,26.3,39.5,34.2,39.9,33.2,16.0,0.16,Tree cover,31.9,West Bengal,Darjeeling,Mirik,Debris,2015,1500–2000 m,0–10°,3000–4000 mm,10–50 m,2010s,4,1,5,2
15713,26.888865,88.295393,1884.0,41.32,3282.0,25.9,39.9,34.3,40.3,34.6,18.3,0.183,Tree cover,166.7,West Bengal,Darjeeling,Kurseong,Debris,2008,1500–2000 m,40–50°,3000–4000 mm,100–500 m,2000s,4,5,5,4
15714,26.889053,88.284189,1720.0,26.17,3262.0,27.4,38.5,34.1,39.5,33.4,17.5,0.175,Built-up,16.1,West Bengal,Darjeeling,Kurseong,Debris,1998,1500–2000 m,20–30°,3000–4000 mm,10–50 m,1990s,4,3,5,2
15715,26.889155,88.476997,214.0,30.51,3869.0,25.3,38.9,35.7,40.9,34.6,16.7,0.167,Tree cover,48.9,West Bengal,Darjeeling,Kalimpong I,Rock,2009,0–500 m,30–40°,3000–4000 mm,10–50 m,2000s,1,4,5,2
15716,26.889256,88.175009,1517.0,11.03,3078.0,26.5,39.0,34.4,39.9,33.2,16.0,0.16,Tree cover,49.9,West Bengal,Darjeeling,Mirik,Debris,2015,1500–2000 m,10–20°,3000–4000 mm,10–50 m,2010s,4,2,5,2
15719,26.889361,88.178694,1601.0,5.27,3078.0,27.4,39.9,32.7,39.9,33.2,16.0,0.16,Built-up,0.0,West Bengal,Darjeeling,Mirik,Debris,2015,1500–2000 m,0–10°,3000–4000 mm,0–10 m,2010s,4,1,5,1
15722,26.8896,88.4731,210.0,26.15,3867.0,26.5,38.7,34.8,40.1,34.2,16.7,0.167,Built-up,4.5,West Bengal,Darjeeling,Kurseong,Rock,2021,0–500 m,20–30°,3000–4000 mm,0–10 m,2020s,1,3,5,1
15723,26.889641,88.473232,200.0,31.11,3867.0,26.5,38.7,34.8,40.1,34.2,16.7,0.167,Built-up,6.5,West Bengal,Darjeeling,Kurseong,Rock,2021,0–500 m,30–40°,3000–4000 mm,0–10 m,2020s,1,4,5,1
15726,26.890986,88.188099,1614.0,18.53,3098.0,26.4,38.9,34.7,39.9,32.7,16.3,0.163,Tree cover,41.9,West Bengal,Darjeeling,Mirik,Debris,2015,1500–2000 m,10–20°,3000–4000 mm,10–50 m,2010s,4,2,5,2
15731,26.891028,88.186806,1634.0,15.81,3098.0,26.4,38.9,34.7,39.9,32.7,16.3,0.163,Tree cover,60.1,West Bengal,Darjeeling,Mirik,Debris,2015,1500–2000 m,10–20°,3000–4000 mm,50–100 m,2010s,4,2,5,3
15732,26.891296,88.443695,651.0,56.13,3946.0,25.9,40.1,34.0,40.5,36.1,16.7,0.167,Tree cover,2827.0,West Bengal,Darjeeling,Kurseong,Debris,2004,500–1000 m,>50°,3000–4000 mm,>1000 m,2000s,2,6,5,6
15733,26.891731,88.178416,1601.0,7.81,3079.0,26.0,39.3,34.7,39.9,33.2,16.0,0.16,Tree cover,25.3,West Bengal,Darjeeling,Mirik,Debris,2015,1500–2000 m,0–10°,3000–4000 mm,10–50 m,2010s,4,1,5,2
15736,26.892203,88.47133,307.0,36.56,3968.0,25.6,39.0,35.4,40.1,34.2,16.7,0.167,Tree cover,148.9,West Bengal,Darjeeling,Kurseong,Debris,2010,0–500 m,30–40°,3000–4000 mm,100–500 m,2010s,1,4,5,4
15737,26.892372,88.444426,708.0,46.69,3878.0,25.5,40.1,34.4,40.5,36.1,16.7,0.167,Tree cover,2820.0,West Bengal,Darjeeling,Kurseong,Debris,2004,500–1000 m,40–50°,3000–4000 mm,>1000 m,2000s,2,5,5,6
15740,26.893313,88.183983,1631.0,16.08,3105.0,27.4,39.8,32.8,39.9,33.2,16.0,0.16,Built-up,14.2,West Bengal,Darjeeling,Mirik,Debris,2015,1500–2000 m,10–20°,3000–4000 mm,10–50 m,2010s,4,2,5,2
15741,26.893333,88.185278,1640.0,12.74,3105.0,28.2,39.5,32.3,39.9,33.2,16.0,0.16,Tree cover,18.3,West Bengal,Darjeeling,Mirik,Debris,2015,1500–2000 m,10–20°,3000–4000 mm,10–50 m,2010s,4,2,5,2
15743,26.894617,88.178794,1607.0,18.67,3079.0,26.9,39.9,33.2,39.9,33.2,16.0,0.16,Built-up,6.6,West Bengal,Darjeeling,Mirik,Debris,2021,1500–2000 m,10–20°,3000–4000 mm,0–10 m,2020s,4,2,5,1
15746,26.896043,88.465511,537.0,50.09,4011.0,27.0,40.0,33.0,39.7,34.6,17.3,0.173,Tree cover,766.2,West Bengal,Darjeeling,Kurseong,Rock,2014,500–1000 m,>50°,>4000 mm,500–1000 m,2010s,2,6,6,5
15752,26.897877,88.47225,322.0,49.01,3968.0,26.2,38.5,35.4,40.5,34.0,16.1,0.161,Tree cover,86.8,West Bengal,Darjeeling,Kurseong,Rock,2004,0–500 m,40–50°,3000–4000 mm,50–100 m,2000s,1,5,5,3
15753,26.897975,88.173442,1561.0,16.35,3061.0,25.6,41.4,33.1,40.3,34.1,16.6,0.166,Built-up,1.0,West Bengal,Darjeeling,Mirik,Debris,2021,1500–2000 m,10–20°,3000–4000 mm,0–10 m,2020s,4,2,5,1
15756,26.898056,88.286639,1593.0,31.78,3292.0,26.2,38.2,35.6,39.0,33.0,16.8,0.168,Tree cover,25.6,West Bengal,Darjeeling,Kurseong,Rock,2015,1500–2000 m,30–40°,3000–4000 mm,10–50 m,2010s,4,4,5,2
15757,26.89822,88.310981,1381.0,36.81,3472.0,27.5,36.1,36.4,41.2,34.6,16.1,0.161,Tree cover,382.3,West Bengal,Darjeeling,Kurseong,Debris,2001,1000–1500 m,30–40°,3000–4000 mm,100–500 m,2000s,3,4,5,4
15761,26.898939,88.425523,660.0,21.47,3896.0,25.8,39.9,34.3,41.2,34.3,17.1,0.171,Tree cover,2157.1,West Bengal,Darjeeling,Kurseong,Debris,2014,500–1000 m,20–30°,3000–4000 mm,>1000 m,2010s,2,3,5,6
15763,26.899613,88.448605,691.0,49.78,3878.0,27.8,39.1,33.1,40.9,35.3,15.7,0.157,Tree cover,2194.0,West Bengal,Darjeeling,Kurseong,Debris,2004,500–1000 m,40–50°,3000–4000 mm,>1000 m,2000s,2,5,5,6
15765,26.900332,88.50427,500.0,52.36,4154.0,26.1,38.8,35.1,40.4,32.9,16.0,0.16,Tree cover,2183.7,West Bengal,Darjeeling,Kalimpong I,Debris,2015,0–500 m,>50°,>4000 mm,>1000 m,2010s,1,6,6,6
15766,26.90045,88.427362,601.0,33.0,3884.0,25.9,40.1,34.1,41.2,34.3,17.1,0.171,Tree cover,2239.2,West Bengal,Darjeeling,Kurseong,Debris,2010,500–1000 m,30–40°,3000–4000 mm,>1000 m,2010s,2,4,5,6
15769,26.900861,88.307667,1602.0,29.94,3230.0,26.5,37.4,36.1,40.2,34.8,18.9,0.189,Tree cover,213.7,West Bengal,Darjeeling,Kurseong,Rock,2010,1500–2000 m,20–30°,3000–4000 mm,100–500 m,2010s,4,3,5,4
15771,26.901222,88.471667,197.0,19.08,3921.0,27.2,37.7,35.1,40.5,34.0,16.1,0.161,Tree cover,16.6,West Bengal,Darjeeling,Kurseong,Rock,2003,0–500 m,10–20°,3000–4000 mm,10–50 m,2000s,1,2,5,2
15773,26.901453,88.47085,240.0,40.29,3921.0,27.3,37.7,35.0,39.7,34.6,17.3,0.173,Tree cover,65.2,West Bengal,Darjeeling,Kurseong,Debris,2010,0–500 m,40–50°,3000–4000 mm,50–100 m,2010s,1,5,5,3
15774,26.901466,88.536081,549.0,37.16,4256.0,25.9,39.6,34.5,41.2,32.2,16.5,0.165,Tree cover,2392.0,West Bengal,Darjeeling,Kalimpong I,Debris,2015,500–1000 m,30–40°,>4000 mm,>1000 m,2010s,2,4,6,6
15777,26.90201,88.27802,1238.0,31.2,3372.0,25.7,37.1,37.2,38.7,33.9,15.1,0.151,Tree cover,112.1,West Bengal,Darjeeling,Kurseong,Debris,2007,1000–1500 m,30–40°,3000–4000 mm,100–500 m,2000s,3,4,5,4
15779,26.902132,88.165218,1581.0,14.43,2986.0,29.5,39.3,31.2,40.7,33.5,17.5,0.175,Built-up,2.1,West Bengal,Darjeeling,Mirik,Debris,2021,1500–2000 m,10–20°,2500–3000 mm,0–10 m,2020s,4,2,4,1
15778,26.902132,88.342783,1022.0,43.24,3390.0,24.4,38.2,37.4,39.8,33.5,16.4,0.164,Tree cover,144.4,West Bengal,Darjeeling,Kurseong,Debris,2010,1000–1500 m,40–50°,3000–4000 mm,100–500 m,2010s,3,5,5,4
15780,26.902322,88.16524,1581.0,14.43,2986.0,28.0,39.4,32.5,40.7,33.5,17.5,0.175,Tree cover,3.9,West Bengal,Darjeeling,Mirik,Debris,2021,1500–2000 m,10–20°,2500–3000 mm,0–10 m,2020s,4,2,4,1
15782,26.90253,88.165182,1583.0,12.87,2986.0,28.0,39.4,32.5,40.7,33.5,17.5,0.175,Tree cover,0.3,West Bengal,Darjeeling,Mirik,Debris,2021,1500–2000 m,10–20°,2500–3000 mm,0–10 m,2020s,4,2,4,1
15783,26.902743,88.513733,502.0,31.59,4180.0,27.5,37.5,35.0,40.7,33.3,16.1,0.161,Tree cover,2512.5,West Bengal,Darjeeling,Kalimpong I,Debris,2015,500–1000 m,30–40°,>4000 mm,>1000 m,2010s,2,4,6,6
15784,26.90301,88.327982,1125.0,34.65,3285.0,26.7,34.8,38.5,41.0,34.1,17.1,0.171,Tree cover,471.1,West Bengal,Darjeeling,Kurseong,Debris,2010,1000–1500 m,30–40°,3000–4000 mm,100–500 m,2010s,3,4,5,4
15786,26.903347,88.511425,499.0,49.68,4180.0,27.5,37.6,34.9,40.4,32.9,16.0,0.16,Tree cover,2531.5,West Bengal,Darjeeling,Kalimpong I,Debris,2015,0–500 m,40–50°,>4000 mm,>1000 m,2010s,1,5,6,6
15787,26.903425,88.510909,542.0,50.52,4180.0,27.5,37.6,34.9,40.4,32.9,16.0,0.16,Tree cover,2532.4,West Bengal,Darjeeling,Kalimpong I,Debris,2015,500–1000 m,>50°,>4000 mm,>1000 m,2010s,2,6,6,6
15789,26.903893,88.413924,678.0,41.87,3775.0,22.2,39.8,38.0,40.9,35.6,17.6,0.176,Tree cover,894.6,West Bengal,Darjeeling,Kurseong,Rock,2010,500–1000 m,40–50°,3000–4000 mm,500–1000 m,2010s,2,5,5,5
15792,26.904361,88.222,736.0,35.64,3112.0,24.0,37.7,38.3,39.7,35.5,18.3,0.183,Tree cover,1.8,West Bengal,Darjeeling,Jorebunglow Sukiapokhri,Debris,2015,500–1000 m,30–40°,3000–4000 mm,0–10 m,2010s,2,4,5,1
15794,26.904444,88.471722,218.0,37.56,3921.0,26.3,38.0,35.7,39.7,34.6,17.3,0.173,Tree cover,8.8,West Bengal,Darjeeling,Kurseong,Rock,2003,0–500 m,30–40°,3000–4000 mm,0–10 m,2000s,1,4,5,1
15797,26.904496,88.470519,300.0,50.67,3921.0,27.5,39.0,33.5,39.7,34.6,17.3,0.173,Tree cover,124.3,West Bengal,Darjeeling,Kurseong,Rock,2014,0–500 m,>50°,3000–4000 mm,100–500 m,2010s,1,6,5,4
15798,26.904577,88.475109,233.0,45.67,4037.0,27.1,38.4,34.6,40.3,33.7,15.9,0.159,Tree cover,209.4,West Bengal,Darjeeling,Kalimpong I,Rock,2010,0–500 m,40–50°,>4000 mm,100–500 m,2010s,1,5,6,4
15800,26.904846,88.348152,1255.0,25.6,3390.0,26.8,38.0,35.2,40.1,34.0,16.7,0.167,Tree cover,134.0,West Bengal,Darjeeling,Kurseong,Debris,2014,1000–1500 m,20–30°,3000–4000 mm,100–500 m,2010s,3,3,5,4
15801,26.904987,88.351305,1303.0,31.82,3352.0,26.7,38.0,35.3,40.1,34.0,16.7,0.167,Tree cover,11.2,West Bengal,Darjeeling,Kurseong,Debris,2014,1000–1500 m,30–40°,3000–4000 mm,10–50 m,2010s,3,4,5,2
15802,26.905,88.351,1317.0,24.84,3352.0,26.7,38.0,35.3,40.1,34.0,16.7,0.167,Tree cover,18.8,West Bengal,Darjeeling,Kurseong,Rock,2012,1000–1500 m,20–30°,3000–4000 mm,10–50 m,2010s,3,3,5,2
15804,26.905049,88.161865,1677.0,25.52,2986.0,26.0,40.5,33.5,40.1,33.5,16.0,0.16,Tree cover,7.4,West Bengal,Darjeeling,Mirik,Debris,2021,1500–2000 m,20–30°,2500–3000 mm,0–10 m,2020s,4,3,4,1
15806,26.905912,88.471328,247.0,55.11,3921.0,26.6,38.3,35.1,40.0,33.3,16.4,0.164,Tree cover,47.5,West Bengal,Darjeeling,Kurseong,Rock,2014,0–500 m,>50°,3000–4000 mm,10–50 m,2010s,1,6,5,2
15809,26.906746,88.373019,1131.0,28.71,3443.0,24.3,37.6,38.1,39.9,33.3,16.5,0.165,Tree cover,1118.8,West Bengal,Darjeeling,Kurseong,Debris,2008,1000–1500 m,20–30°,3000–4000 mm,>1000 m,2000s,3,3,5,6
15810,26.906753,88.371717,1060.0,33.26,3443.0,24.3,37.6,38.1,39.9,33.3,16.5,0.165,Tree cover,1117.8,West Bengal,Darjeeling,Kurseong,Debris,2011,1000–1500 m,30–40°,3000–4000 mm,>1000 m,2010s,3,4,5,6
15817,26.908833,88.289861,1654.0,27.25,3327.0,27.3,37.7,35.0,40.1,33.5,17.5,0.175,Tree cover,4.3,West Bengal,Darjeeling,Kurseong,Debris,2015,1500–2000 m,20–30°,3000–4000 mm,0–10 m,2010s,4,3,5,1
15821,26.90975,88.28802,1594.0,31.97,3327.0,28.1,37.0,34.9,40.1,33.5,17.5,0.175,Tree cover,161.1,West Bengal,Darjeeling,Kurseong,Debris,2007,1500–2000 m,30–40°,3000–4000 mm,100–500 m,2000s,4,4,5,4
15823,26.9101,88.236316,769.0,33.17,3116.0,25.0,37.1,37.9,39.6,35.4,16.7,0.167,Tree cover,98.2,West Bengal,Darjeeling,Jorebunglow Sukiapokhri,Debris,2011,500–1000 m,30–40°,3000–4000 mm,50–100 m,2010s,2,4,5,3
15826,26.910344,88.251566,995.0,36.83,3128.0,26.2,37.3,36.4,39.8,35.5,15.8,0.158,Grassland,318.8,West Bengal,Darjeeling,Jorebunglow Sukiapokhri,Debris,2001,500–1000 m,30–40°,3000–4000 mm,100–500 m,2000s,2,4,5,4
15828,26.910535,88.443986,439.0,44.26,3955.0,27.8,38.2,34.0,40.8,34.9,15.8,0.158,Tree cover,1788.5,West Bengal,Darjeeling,Kurseong,Rock,2014,0–500 m,40–50°,3000–4000 mm,>1000 m,2010s,1,5,5,6
15829,26.911158,88.436432,499.0,27.65,3939.0,27.3,38.5,34.2,40.8,34.9,15.8,0.158,Tree cover,1863.3,West Bengal,Darjeeling,Kurseong,Debris,1983,0–500 m,20–30°,3000–4000 mm,>1000 m,1980s,1,3,5,6
15830,26.9115,88.249889,1177.0,22.93,3048.0,26.6,37.7,35.7,39.8,35.5,15.8,0.158,Tree cover,121.9,West Bengal,Darjeeling,Jorebunglow Sukiapokhri,Debris,2015,1000–1500 m,20–30°,3000–4000 mm,100–500 m,2010s,3,3,5,4
15836,26.91175,88.562167,620.0,44.16,4346.0,25.8,39.0,35.2,40.4,34.5,16.5,0.165,Bare / sparse vegetation,12.4,West Bengal,Darjeeling,Kalimpong I,Rock,2015,500–1000 m,40–50°,>4000 mm,10–50 m,2010s,2,5,6,2
15837,26.912,88.298,1938.0,19.95,3208.0,27.2,38.4,34.5,40.2,35.5,19.4,0.194,Tree cover,641.0,West Bengal,Darjeeling,Kurseong,Debris,2011,1500–2000 m,10–20°,3000–4000 mm,500–1000 m,2010s,4,2,5,5
15838,26.912389,88.503889,359.0,36.98,4102.0,27.4,38.9,33.7,40.7,35.3,16.3,0.163,Tree cover,2073.6,West Bengal,Darjeeling,Kalimpong I,Debris,2015,0–500 m,30–40°,>4000 mm,>1000 m,2010s,1,4,6,6
15839,26.91275,88.252361,1204.0,23.54,3128.0,26.2,37.4,36.3,39.8,35.5,15.8,0.158,Tree cover,84.7,West Bengal,Darjeeling,Jorebunglow Sukiapokhri,Rock,2015,1000–1500 m,20–30°,3000–4000 mm,50–100 m,2010s,3,3,5,3
15843,26.913351,88.26876,1184.0,44.23,3178.0,25.9,38.5,35.6,39.8,33.4,15.7,0.157,Tree cover,159.2,West Bengal,Darjeeling,Jorebunglow Sukiapokhri,Debris,2014,1000–1500 m,40–50°,3000–4000 mm,100–500 m,2010s,3,5,5,4
15844,26.913667,88.347528,1621.0,32.58,3511.0,28.5,37.4,34.0,40.7,34.4,16.3,0.163,Tree cover,19.3,West Bengal,Darjeeling,Kurseong,Rock,2015,1500–2000 m,30–40°,3000–4000 mm,10–50 m,2010s,4,4,5,2
15845,26.913722,88.151972,1752.0,28.86,2926.0,27.1,36.5,36.4,40.7,33.8,18.5,0.185,Tree cover,153.5,West Bengal,Darjeeling,Jorebunglow Sukiapokhri,Debris,2015,1500–2000 m,20–30°,2500–3000 mm,100–500 m,2010s,4,3,4,4
15848,26.914579,88.428785,447.0,45.61,3913.0,28.0,38.8,33.3,41.1,34.1,17.3,0.173,Tree cover,1168.6,West Bengal,Darjeeling,Kurseong,Debris,2010,0–500 m,40–50°,3000–4000 mm,>1000 m,2010s,1,5,5,6
15850,26.915537,88.452214,397.0,35.81,3944.0,28.2,38.2,33.5,39.7,33.5,15.7,0.157,Tree cover,925.9,West Bengal,Darjeeling,Kurseong,Debris,2004,0–500 m,30–40°,3000–4000 mm,500–1000 m,2000s,1,4,5,5
15851,26.916444,88.562861,644.0,29.95,4346.0,24.8,39.5,35.7,40.2,34.2,16.1,0.161,Tree cover,23.8,West Bengal,Darjeeling,Kalimpong I,Rock,2015,500–1000 m,20–30°,>4000 mm,10–50 m,2010s,2,3,6,2
15852,26.916694,88.425576,499.0,30.88,3914.0,25.5,39.5,35.0,41.0,35.3,17.2,0.172,Tree cover,873.1,West Bengal,Darjeeling,Kurseong,Debris,2014,0–500 m,30–40°,3000–4000 mm,500–1000 m,2010s,1,4,5,5
15854,26.918365,88.441365,279.0,4.64,3903.0,29.7,36.4,34.0,40.6,33.5,16.0,0.16,Tree cover,1198.1,West Bengal,Darjeeling,Kurseong,Debris,2004,0–500 m,0–10°,3000–4000 mm,>1000 m,2000s,1,1,5,6
15855,26.918611,88.351944,1646.0,24.45,3542.0,27.6,38.6,33.7,40.7,34.4,16.3,0.163,Tree cover,11.7,West Bengal,Darjeeling,Kurseong,Rock,2015,1500–2000 m,20–30°,3000–4000 mm,10–50 m,2010s,4,3,5,2
15856,26.919463,88.465854,190.0,22.54,3841.0,27.5,38.5,34.0,40.2,35.3,16.0,0.16,Tree cover,372.4,West Bengal,Darjeeling,Kalimpong I,Debris,2010,0–500 m,20–30°,3000–4000 mm,100–500 m,2010s,1,3,5,4
15860,26.920138,88.494524,452.0,14.81,4132.0,26.9,39.5,33.6,40.7,35.1,16.5,0.165,Tree cover,1086.5,West Bengal,Darjeeling,Kalimpong I,Debris,2006,0–500 m,10–20°,>4000 mm,>1000 m,2000s,1,2,6,6
15861,26.920216,88.315368,1843.0,45.56,3134.0,27.0,38.4,34.6,40.1,34.7,17.1,0.171,Tree cover,439.9,West Bengal,Darjeeling,Kurseong,Debris,2011,1500–2000 m,40–50°,3000–4000 mm,100–500 m,2010s,4,5,5,4
15864,26.921361,88.344206,1792.0,38.74,3372.0,26.6,39.5,33.9,40.7,35.3,16.6,0.166,Tree cover,2.0,West Bengal,Darjeeling,Kurseong,Rock,2015,1500–2000 m,30–40°,3000–4000 mm,0–10 m,2010s,4,4,5,1
15866,26.921694,88.558389,680.0,36.05,4349.0,24.7,41.6,33.7,40.3,34.4,15.7,0.157,Tree cover,0.2,West Bengal,Darjeeling,Kalimpong I,Rock,2015,500–1000 m,30–40°,>4000 mm,0–10 m,2010s,2,4,6,1
15867,26.92207,88.480107,343.0,19.89,4002.0,28.5,40.2,31.3,40.6,34.9,16.7,0.167,Tree cover,606.8,West Bengal,Darjeeling,Kalimpong I,Rock,2004,0–500 m,10–20°,>4000 mm,500–1000 m,2000s,1,2,6,5
15873,26.923833,88.144167,1942.0,12.48,2870.0,27.4,39.3,33.3,40.4,34.2,18.1,0.181,Tree cover,7.7,West Bengal,Darjeeling,Jorebunglow Sukiapokhri,Debris,2015,1500–2000 m,10–20°,2500–3000 mm,0–10 m,2010s,4,2,4,1
15876,26.92407,88.454625,204.0,37.74,3920.0,27.6,37.1,35.2,40.2,35.7,15.3,0.153,Tree cover,34.4,West Bengal,Darjeeling,Kurseong,Debris,2015,0–500 m,30–40°,3000–4000 mm,10–50 m,2010s,1,4,5,2
15877,26.924774,88.409096,943.0,38.4,3710.0,28.5,39.1,32.5,40.8,36.0,16.8,0.168,Tree cover,192.1,West Bengal,Darjeeling,Kurseong,Debris,2014,500–1000 m,30–40°,3000–4000 mm,100–500 m,2010s,2,4,5,4
15878,26.924944,88.499194,606.0,45.58,4132.0,26.3,41.0,32.7,40.8,36.5,16.4,0.164,Tree cover,1714.2,West Bengal,Darjeeling,Kalimpong I,Debris,2014,500–1000 m,40–50°,>4000 mm,>1000 m,2010s,2,5,6,6
15879,26.925,88.425,761.0,32.84,3914.0,25.1,40.1,34.8,40.9,34.7,16.9,0.169,Tree cover,13.8,West Bengal,Darjeeling,Kurseong,Rock,1981,500–1000 m,30–40°,3000–4000 mm,10–50 m,1980s,2,4,5,2
15880,26.925494,88.401502,1305.0,29.25,3440.0,26.2,39.0,34.8,40.1,34.0,15.8,0.158,Tree cover,29.2,West Bengal,Darjeeling,Kurseong,Rock,2012,1000–1500 m,20–30°,3000–4000 mm,10–50 m,2010s,3,3,5,2
15882,26.925757,88.425029,747.0,41.14,3896.0,25.1,40.1,34.8,40.9,34.7,16.9,0.169,Tree cover,2.8,West Bengal,Darjeeling,Kurseong,Debris,2014,500–1000 m,40–50°,3000–4000 mm,0–10 m,2010s,2,5,5,1
15883,26.926367,88.420773,808.0,29.95,3701.0,22.9,39.5,37.6,41.0,36.4,18.0,0.18,Tree cover,29.2,West Bengal,Darjeeling,Kurseong,Debris,2015,500–1000 m,20–30°,3000–4000 mm,10–50 m,2010s,2,3,5,2
15885,26.927812,88.300371,1805.0,22.1,3140.0,28.4,40.0,31.6,39.6,34.7,17.4,0.174,Tree cover,104.7,West Bengal,Darjeeling,Kurseong,Debris,1998,1500–2000 m,20–30°,3000–4000 mm,100–500 m,1990s,4,3,5,4
15886,26.927879,88.389984,1250.0,21.81,3358.0,26.1,38.8,35.1,39.6,35.7,16.1,0.161,Tree cover,38.8,West Bengal,Darjeeling,Kurseong,Debris,2015,1000–1500 m,20–30°,3000–4000 mm,10–50 m,2010s,3,3,5,2
15887,26.928,88.427,693.0,33.37,3896.0,24.7,40.2,35.1,40.9,34.7,16.9,0.169,Tree cover,30.8,West Bengal,Darjeeling,Kurseong,Rock,2012,500–1000 m,30–40°,3000–4000 mm,10–50 m,2010s,2,4,5,2
15888,26.92871,88.430293,697.0,19.75,3896.0,24.6,39.5,35.9,40.9,34.7,16.9,0.169,Tree cover,56.4,West Bengal,Darjeeling,Kurseong,Debris,2015,500–1000 m,10–20°,3000–4000 mm,50–100 m,2010s,2,2,5,3
15890,26.929113,88.481986,603.0,37.2,4007.0,25.1,39.2,35.8,40.2,35.0,16.8,0.168,Tree cover,1036.5,West Bengal,Darjeeling,Kalimpong I,Rock,2004,500–1000 m,30–40°,>4000 mm,>1000 m,2000s,2,4,6,6
15894,26.930058,88.426893,595.0,34.03,3896.0,24.9,39.3,35.8,40.9,34.7,16.9,0.169,Bare / sparse vegetation,196.3,West Bengal,Darjeeling,Kurseong,Debris,2015,500–1000 m,30–40°,3000–4000 mm,100–500 m,2010s,2,4,5,4
15897,26.931556,88.398028,1291.0,24.68,3537.0,26.1,37.4,36.5,40.2,35.6,16.6,0.166,Tree cover,23.3,West Bengal,Darjeeling,Kurseong,Rock,2015,1000–1500 m,20–30°,3000–4000 mm,10–50 m,2010s,3,3,5,2
15899,26.932022,88.51881,604.0,32.29,4217.0,25.4,40.5,34.1,41.2,36.4,16.9,0.169,Tree cover,987.7,West Bengal,Darjeeling,Kalimpong I,Rock,2015,500–1000 m,30–40°,>4000 mm,500–1000 m,2010s,2,4,6,5
15900,26.932033,88.138513,1903.0,18.48,2836.0,28.1,39.4,32.6,40.4,32.9,15.8,0.158,Tree cover,2.0,West Bengal,Darjeeling,Jorebunglow Sukiapokhri,Debris,2021,1500–2000 m,10–20°,2500–3000 mm,0–10 m,2020s,4,2,4,1
15904,26.933052,88.55815,598.0,30.19,4320.0,24.9,41.3,33.8,40.2,34.1,16.7,0.167,Tree cover,143.0,West Bengal,Darjeeling,Kalimpong I,Debris,2015,500–1000 m,30–40°,>4000 mm,100–500 m,2010s,2,4,6,4
15905,26.93327,88.55498,626.0,42.28,4320.0,26.8,41.5,31.6,40.2,34.1,16.7,0.167,Tree cover,172.4,West Bengal,Darjeeling,Kalimpong I,Debris,2014,500–1000 m,40–50°,>4000 mm,100–500 m,2010s,2,5,6,4
15907,26.934,88.366,772.0,24.49,3570.0,23.9,38.6,37.5,40.9,35.5,16.9,0.169,Tree cover,62.1,West Bengal,Darjeeling,Kurseong,Rock,2012,500–1000 m,20–30°,3000–4000 mm,50–100 m,2010s,2,3,5,3
15908,26.934056,88.527417,525.0,32.07,4226.0,24.5,36.6,38.9,41.2,36.4,16.9,0.169,Tree cover,860.7,West Bengal,Darjeeling,Kalimpong I,Rock,2015,500–1000 m,30–40°,>4000 mm,500–1000 m,2010s,2,4,6,5
15909,26.934279,88.366738,743.0,37.75,3619.0,23.9,38.6,37.5,40.9,35.5,16.9,0.169,Tree cover,5.6,West Bengal,Darjeeling,Kurseong,Rock,2015,500–1000 m,30–40°,3000–4000 mm,0–10 m,2010s,2,4,5,1
15911,26.934486,88.540907,667.0,38.13,4275.0,28.0,39.8,32.3,40.6,35.6,15.5,0.155,Tree cover,157.5,West Bengal,Darjeeling,Kalimpong I,Debris,2013,500–1000 m,30–40°,>4000 mm,100–500 m,2010s,2,4,6,4
15925,26.936614,88.5065,868.0,28.39,3752.0,24.7,41.2,34.1,40.7,35.5,17.7,0.177,Tree cover,2286.3,West Bengal,Darjeeling,Kalimpong I,Rock,2014,500–1000 m,20–30°,3000–4000 mm,>1000 m,2010s,2,3,5,6
15927,26.93678,88.467168,661.0,41.69,3735.0,26.1,37.5,36.4,41.0,35.6,16.8,0.168,Tree cover,463.5,West Bengal,Darjeeling,Kalimpong I,Rock,2004,500–1000 m,40–50°,3000–4000 mm,100–500 m,2000s,2,5,5,4
15928,26.937003,88.56554,600.0,26.89,4333.0,25.5,40.1,34.4,40.9,32.5,17.2,0.172,Tree cover,131.6,West Bengal,Darjeeling,Kalimpong I,Debris,2015,500–1000 m,20–30°,>4000 mm,100–500 m,2010s,2,3,6,4
15930,26.937298,88.441611,279.0,51.12,3928.0,29.9,35.2,34.9,40.8,33.5,16.7,0.167,Tree cover,17.7,West Bengal,Darjeeling,Kurseong,Debris,2015,0–500 m,>50°,3000–4000 mm,10–50 m,2010s,1,6,5,2
15932,26.937776,88.507469,819.0,37.38,3752.0,24.7,41.2,34.1,40.7,35.5,17.7,0.177,Tree cover,2273.6,West Bengal,Darjeeling,Kalimpong I,Rock,2014,500–1000 m,30–40°,3000–4000 mm,>1000 m,2010s,2,4,5,6
15933,26.937889,88.441722,225.0,59.66,3842.0,29.9,35.2,34.9,40.8,33.5,16.7,0.167,Built-up,18.5,West Bengal,Darjeeling,Kurseong,Rock,2015,0–500 m,>50°,3000–4000 mm,10–50 m,2010s,1,6,5,2
15938,26.938221,88.426029,577.0,32.7,3919.0,26.7,38.5,34.9,41.0,35.6,16.9,0.169,Tree cover,969.8,West Bengal,Darjeeling,Kurseong,Rock,2014,500–1000 m,30–40°,3000–4000 mm,500–1000 m,2010s,2,4,5,5
15939,26.938343,88.421622,671.0,49.47,3721.0,25.4,39.9,34.6,41.0,35.6,16.9,0.169,Tree cover,612.8,West Bengal,Darjeeling,Kurseong,Rock,2014,500–1000 m,40–50°,3000–4000 mm,500–1000 m,2010s,2,5,5,5
15941,26.938667,88.304611,2039.0,29.5,3087.0,27.5,38.5,33.9,40.3,34.5,16.5,0.165,Tree cover,12.2,West Bengal,Darjeeling,Kurseong,Rock,2015,2000–3000 m,20–30°,3000–4000 mm,10–50 m,2010s,5,3,5,2
15943,26.939423,88.56717,633.0,27.64,4344.0,26.0,41.1,33.0,40.9,32.5,17.2,0.172,Tree cover,130.6,West Bengal,Darjeeling,Kalimpong I,Debris,2014,500–1000 m,20–30°,>4000 mm,100–500 m,2010s,2,3,6,4
15944,26.9401,88.441,229.0,39.62,3928.0,28.9,35.8,35.3,41.3,32.6,17.8,0.178,Built-up,14.1,West Bengal,Darjeeling,Kurseong,Rock,2021,0–500 m,30–40°,3000–4000 mm,10–50 m,2020s,1,4,5,2
15945,26.940201,88.128613,1915.0,11.19,2806.0,28.0,42.2,29.8,39.4,34.1,18.4,0.184,Tree cover,5.7,West Bengal,Darjeeling,Jorebunglow Sukiapokhri,Debris,2021,1500–2000 m,10–20°,2500–3000 mm,0–10 m,2020s,4,2,4,1
15946,26.940917,88.512972,930.0,27.17,3989.0,24.1,39.2,36.7,41.4,35.9,16.4,0.164,Tree cover,2103.6,West Bengal,Darjeeling,Kalimpong I,Rock,2015,500–1000 m,20–30°,3000–4000 mm,>1000 m,2010s,2,3,5,6
15947,26.941112,88.460935,625.0,42.89,4027.0,26.6,36.3,37.1,40.8,36.1,16.6,0.166,Tree cover,1025.2,West Bengal,Darjeeling,Kalimpong I,Rock,2010,500–1000 m,40–50°,>4000 mm,>1000 m,2010s,2,5,6,6
15948,26.941145,88.571441,673.0,32.62,4344.0,25.1,40.0,34.8,40.7,34.9,17.6,0.176,Tree cover,127.7,West Bengal,Darjeeling,Kalimpong I,Rock,2014,500–1000 m,30–40°,>4000 mm,100–500 m,2010s,2,4,6,4
15950,26.941599,88.459768,665.0,38.01,4027.0,26.6,36.3,37.1,40.8,36.1,16.6,0.166,Grassland,1139.3,West Bengal,Darjeeling,Kalimpong I,Rock,2004,500–1000 m,30–40°,>4000 mm,>1000 m,2000s,2,4,6,6
15951,26.942583,88.512778,965.0,32.14,3889.0,25.1,39.0,35.9,40.9,35.4,17.7,0.177,Grassland,2261.4,West Bengal,Darjeeling,Kalimpong I,Rock,2015,500–1000 m,30–40°,3000–4000 mm,>1000 m,2010s,2,4,5,6
15952,26.943389,88.511,1003.0,29.0,3889.0,25.5,37.6,36.8,40.9,35.4,17.7,0.177,Tree cover,2440.5,West Bengal,Darjeeling,Kalimpong I,Rock,2015,1000–1500 m,20–30°,3000–4000 mm,>1000 m,2010s,3,3,5,6
15954,26.943539,88.569415,705.0,26.46,4294.0,25.5,41.2,33.3,40.7,34.9,17.6,0.176,Tree cover,89.2,West Bengal,Darjeeling,Kalimpong I,Rock,2015,500–1000 m,20–30°,>4000 mm,50–100 m,2010s,2,3,6,3
15955,26.943543,88.564643,746.0,20.36,4044.0,25.1,41.7,33.2,40.7,34.9,17.6,0.176,Tree cover,139.3,West Bengal,Darjeeling,Kalimpong I,Debris,2014,500–1000 m,20–30°,>4000 mm,100–500 m,2010s,2,3,6,4
15956,26.943916,88.350615,916.0,18.68,3488.0,25.4,36.6,37.9,40.2,35.1,16.6,0.166,Tree cover,144.3,West Bengal,Darjeeling,Kurseong,Debris,2004,500–1000 m,10–20°,3000–4000 mm,100–500 m,2000s,2,2,5,4
15957,26.943944,88.413083,811.0,32.85,3646.0,25.2,40.1,34.8,40.9,32.7,16.4,0.164,Tree cover,17.9,West Bengal,Darjeeling,Kurseong,Debris,2015,500–1000 m,30–40°,3000–4000 mm,10–50 m,2010s,2,4,5,2
15958,26.944028,88.311611,2083.0,24.47,3078.0,25.7,38.5,35.8,40.6,35.0,16.7,0.167,Tree cover,14.8,West Bengal,Darjeeling,Kurseong,Rock,2015,2000–3000 m,20–30°,3000–4000 mm,10–50 m,2010s,5,3,5,2
15959,26.944806,88.542192,569.0,30.81,4153.0,25.5,38.9,35.5,40.2,36.3,15.6,0.156,Tree cover,175.0,West Bengal,Darjeeling,Kalimpong I,Rock,2015,500–1000 m,30–40°,>4000 mm,100–500 m,2010s,2,4,6,4
15962,26.945844,88.538675,530.0,27.06,4276.0,24.8,38.5,36.8,40.2,36.3,15.6,0.156,Tree cover,255.7,West Bengal,Darjeeling,Kalimpong I,Debris,2015,500–1000 m,20–30°,>4000 mm,100–500 m,2010s,2,3,6,4
15963,26.945977,88.540735,589.0,31.48,4276.0,24.5,38.7,36.9,40.2,36.3,15.6,0.156,Tree cover,165.6,West Bengal,Darjeeling,Kalimpong I,Rock,2015,500–1000 m,30–40°,>4000 mm,100–500 m,2010s,2,4,6,4
15964,26.945984,88.125789,2014.0,25.11,2794.0,26.8,38.5,34.7,39.8,34.2,17.7,0.177,Tree cover,1.3,West Bengal,Darjeeling,Jorebunglow Sukiapokhri,Debris,2021,2000–3000 m,20–30°,2500–3000 mm,0–10 m,2020s,5,3,4,1
15965,26.946226,88.125933,2014.0,25.11,2794.0,26.8,38.5,34.7,39.8,34.2,17.7,0.177,Tree cover,2.2,West Bengal,Darjeeling,Jorebunglow Sukiapokhri,Debris,2021,2000–3000 m,20–30°,2500–3000 mm,0–10 m,2020s,5,3,4,1
15966,26.946594,88.450797,302.0,40.51,3983.0,29.7,36.2,34.1,40.4,35.2,15.8,0.158,Grassland,806.8,West Bengal,Darjeeling,Kalimpong I,Rock,2004,0–500 m,40–50°,3000–4000 mm,500–1000 m,2000s,1,5,5,5
15967,26.946813,88.543631,737.0,41.69,4153.0,24.6,40.1,35.3,40.2,36.3,15.6,0.156,Tree cover,65.5,West Bengal,Darjeeling,Kalimpong I,Rock,2015,500–1000 m,40–50°,>4000 mm,50–100 m,2010s,2,5,6,3
15969,26.947,88.498167,1263.0,36.01,3510.0,26.1,36.9,37.0,40.6,36.4,18.3,0.183,Tree cover,2523.5,West Bengal,Darjeeling,Kalimpong I,Rock,2015,1000–1500 m,30–40°,3000–4000 mm,>1000 m,2010s,3,4,5,6
15970,26.947113,88.569009,809.0,36.69,4294.0,25.4,41.1,33.6,40.7,34.9,17.6,0.176,Tree cover,157.4,West Bengal,Darjeeling,Kalimpong I,Rock,2015,500–1000 m,30–40°,>4000 mm,100–500 m,2010s,2,4,6,4
15971,26.947228,88.547407,957.0,30.24,4153.0,25.0,40.7,34.3,40.4,34.3,16.2,0.162,Tree cover,25.3,West Bengal,Darjeeling,Kalimpong I,Rock,2015,500–1000 m,30–40°,>4000 mm,10–50 m,2010s,2,4,6,2
15974,26.947311,88.442122,253.0,43.01,3837.0,28.9,37.9,33.2,40.9,33.9,16.6,0.166,Tree cover,20.3,West Bengal,Darjeeling,Kurseong,Rock,2021,0–500 m,40–50°,3000–4000 mm,10–50 m,2020s,1,5,5,2
15975,26.947482,88.450774,369.0,48.72,3983.0,30.4,35.6,34.0,40.4,35.2,15.8,0.158,Tree cover,825.3,West Bengal,Darjeeling,Kalimpong I,Rock,2004,0–500 m,40–50°,3000–4000 mm,500–1000 m,2000s,1,5,5,5
15980,26.948286,88.451846,369.0,43.68,3983.0,30.4,35.6,34.0,40.4,35.2,15.8,0.158,Tree cover,938.6,West Bengal,Darjeeling,Kalimpong I,Rock,2004,0–500 m,40–50°,3000–4000 mm,500–1000 m,2000s,1,5,5,5
15982,26.948431,88.488741,1263.0,45.2,3486.0,26.0,36.3,37.7,40.0,34.7,17.3,0.173,Tree cover,1789.2,West Bengal,Darjeeling,Kalimpong I,Rock,2010,1000–1500 m,40–50°,3000–4000 mm,>1000 m,2010s,3,5,5,6
15983,26.94846,88.568639,856.0,38.29,4294.0,25.2,40.3,34.5,40.7,34.9,17.6,0.176,Tree cover,140.3,West Bengal,Darjeeling,Kalimpong I,Debris,2015,500–1000 m,30–40°,>4000 mm,100–500 m,2010s,2,4,6,4
15984,26.948528,88.382083,622.0,23.03,3731.0,25.1,38.8,36.1,40.4,35.0,17.8,0.178,Tree cover,5.2,West Bengal,Darjeeling,Kurseong,Rock,2015,500–1000 m,20–30°,3000–4000 mm,0–10 m,2010s,2,3,5,1
15985,26.948662,88.441254,211.0,47.28,3952.0,28.9,37.9,33.2,40.9,33.9,16.6,0.166,Built-up,1.3,West Bengal,Darjeeling,Kurseong,Rock,2014,0–500 m,40–50°,3000–4000 mm,0–10 m,2010s,1,5,5,1
15993,26.950556,88.5515,1038.0,29.45,3912.0,24.9,38.9,36.2,40.5,35.1,16.3,0.163,Built-up,2.3,West Bengal,Darjeeling,Kalimpong I,Rock,2015,1000–1500 m,20–30°,3000–4000 mm,0–10 m,2010s,3,3,5,1
15994,26.950741,88.439486,243.0,44.49,3854.0,30.4,35.6,34.0,40.9,34.3,16.1,0.161,Built-up,8.0,West Bengal,Darjeeling,Kurseong,Rock,2021,0–500 m,40–50°,3000–4000 mm,0–10 m,2020s,1,5,5,1
15995,26.950861,88.439528,243.0,44.49,3854.0,30.4,35.6,34.0,40.9,34.3,16.1,0.161,Built-up,3.0,West Bengal,Darjeeling,Kurseong,Rock,2015,0–500 m,40–50°,3000–4000 mm,0–10 m,2010s,1,5,5,1
15998,26.951683,88.35613,916.0,38.77,3220.0,25.4,38.8,35.8,40.1,34.4,16.8,0.168,Tree cover,674.4,West Bengal,Darjeeling,Rangli Rangliot,Debris,2011,500–1000 m,30–40°,3000–4000 mm,500–1000 m,2010s,2,4,5,5
15999,26.951722,88.557,1121.0,25.42,3912.0,26.3,40.0,33.8,40.5,35.1,16.3,0.163,Tree cover,5.5,West Bengal,Darjeeling,Kalimpong I,Rock,2015,1000–1500 m,20–30°,3000–4000 mm,0–10 m,2010s,3,3,5,1
16001,26.95237,88.401375,809.0,30.22,3773.0,25.1,39.6,35.2,40.8,35.0,16.2,0.162,Tree cover,292.8,West Bengal,Darjeeling,Kurseong,Debris,2004,500–1000 m,30–40°,3000–4000 mm,100–500 m,2000s,2,4,5,4
16003,26.953444,88.289806,1901.0,17.45,3048.0,27.4,37.1,35.5,40.7,35.1,16.7,0.167,Tree cover,1.0,West Bengal,Darjeeling,Kurseong,Rock,2015,1500–2000 m,10–20°,3000–4000 mm,0–10 m,2010s,4,2,5,1
16004,26.953818,88.420414,642.0,31.98,3852.0,24.5,38.0,37.4,40.3,34.4,16.3,0.163,Tree cover,136.9,West Bengal,Darjeeling,Kurseong,Rock,2015,500–1000 m,30–40°,3000–4000 mm,100–500 m,2010s,2,4,5,4
16005,26.953829,88.590906,690.0,38.95,4377.0,25.5,42.4,32.1,41.0,35.9,17.0,0.17,Grassland,696.8,West Bengal,Darjeeling,Kalimpong I,Debris,2015,500–1000 m,30–40°,>4000 mm,500–1000 m,2010s,2,4,6,5
16006,26.954675,88.365081,962.0,37.4,3266.0,23.1,36.5,40.4,40.9,35.4,17.3,0.173,Tree cover,52.1,West Bengal,Darjeeling,Rangli Rangliot,Rock,2012,500–1000 m,30–40°,3000–4000 mm,50–100 m,2010s,2,4,5,3
16007,26.954756,88.602805,376.0,23.66,4361.0,24.1,41.1,34.8,40.8,35.9,16.9,0.169,Tree cover,771.5,West Bengal,Darjeeling,Kalimpong I,Debris,2015,0–500 m,20–30°,>4000 mm,500–1000 m,2010s,1,3,6,5
16009,26.955073,88.542426,690.0,33.49,4141.0,23.6,38.2,38.2,40.3,36.6,15.5,0.155,Grassland,257.3,West Bengal,Darjeeling,Kalimpong I,Debris,2015,500–1000 m,30–40°,>4000 mm,100–500 m,2010s,2,4,6,4
16010,26.955305,88.297262,2115.0,32.01,2999.0,27.5,36.2,36.3,40.7,35.1,16.7,0.167,Tree cover,97.9,West Bengal,Darjeeling,Kurseong,Rock,2015,2000–3000 m,30–40°,2500–3000 mm,50–100 m,2010s,5,4,4,3
16011,26.956326,88.121641,2054.0,17.35,2750.0,29.3,34.2,36.5,39.8,34.2,18.0,0.18,Tree cover,3.7,West Bengal,Darjeeling,Jorebunglow Sukiapokhri,Debris,2021,2000–3000 m,10–20°,2500–3000 mm,0–10 m,2020s,5,2,4,1
16012,26.956427,88.542571,660.0,29.24,4141.0,23.4,38.1,38.5,40.3,36.6,15.5,0.155,Tree cover,406.1,West Bengal,Darjeeling,Kalimpong I,Debris,2015,500–1000 m,20–30°,>4000 mm,100–500 m,2010s,2,3,6,4
16013,26.956489,88.121602,2054.0,17.35,2750.0,29.3,34.2,36.5,39.8,34.2,18.0,0.18,Tree cover,0.6,West Bengal,Darjeeling,Jorebunglow Sukiapokhri,Debris,2021,2000–3000 m,10–20°,2500–3000 mm,0–10 m,2020s,5,2,4,1
16014,26.957083,88.424389,656.0,34.19,3852.0,25.8,37.6,36.6,40.3,34.4,16.3,0.163,Tree cover,3.6,West Bengal,Darjeeling,Kalimpong I,Rock,2015,500–1000 m,30–40°,3000–4000 mm,0–10 m,2010s,2,4,5,1
16015,26.957349,88.548779,787.0,34.23,4141.0,23.3,38.9,37.8,40.3,36.6,15.5,0.155,Tree cover,187.5,West Bengal,Darjeeling,Kalimpong I,Rock,2015,500–1000 m,30–40°,>4000 mm,100–500 m,2010s,2,4,6,4
16018,26.958488,88.547717,695.0,24.08,4261.0,23.5,36.7,39.8,40.6,35.3,16.9,0.169,Tree cover,350.8,West Bengal,Darjeeling,Kalimpong I,Rock,2014,500–1000 m,20–30°,>4000 mm,100–500 m,2010s,2,3,6,4
16021,26.960844,88.320422,1665.0,32.08,3183.0,28.4,40.5,31.0,41.0,35.4,17.7,0.177,Tree cover,452.9,West Bengal,Darjeeling,Rangli Rangliot,Debris,2015,1500–2000 m,30–40°,3000–4000 mm,100–500 m,2010s,4,4,5,4
16022,26.961172,88.313944,2048.0,35.18,2929.0,27.5,37.8,34.8,41.0,35.4,17.7,0.177,Tree cover,581.5,West Bengal,Darjeeling,Rangli Rangliot,Debris,2015,2000–3000 m,30–40°,2500–3000 mm,500–1000 m,2010s,5,4,4,5
16023,26.962111,88.561611,1108.0,44.34,3744.0,26.8,39.0,34.2,40.2,35.1,16.7,0.167,Tree cover,7.8,West Bengal,Darjeeling,Kalimpong I,Rock,2015,1000–1500 m,40–50°,3000–4000 mm,0–10 m,2010s,3,5,5,1
16024,26.96277,88.578666,894.0,29.5,3993.0,24.8,40.4,34.8,41.5,35.1,18.8,0.188,Grassland,148.9,West Bengal,Darjeeling,Kalimpong I,Rock,2015,500–1000 m,20–30°,3000–4000 mm,100–500 m,2010s,2,3,5,4
16026,26.962999,88.702676,475.0,23.94,4729.0,26.5,40.7,32.8,44.0,35.1,15.9,0.159,Tree cover,48.8,West Bengal,Darjeeling,Gorubathan,Debris,1968,0–500 m,20–30°,>4000 mm,10–50 m,1960s,1,3,6,2
16028,26.963632,88.412116,444.0,44.86,3868.0,27.0,38.6,34.4,41.0,34.9,17.7,0.177,Grassland,159.9,West Bengal,Darjeeling,Rangli Rangliot,Debris,2013,0–500 m,40–50°,3000–4000 mm,100–500 m,2010s,1,5,5,4
16030,26.963861,88.41354,385.0,32.83,3868.0,27.8,39.0,33.3,40.5,34.4,16.5,0.165,Tree cover,45.5,West Bengal,Darjeeling,Kurseong,Rock,2015,0–500 m,30–40°,3000–4000 mm,10–50 m,2010s,1,4,5,2
16031,26.96438,88.515901,814.0,30.9,4029.0,22.7,39.4,37.9,39.7,34.5,17.6,0.176,Tree cover,2001.5,West Bengal,Darjeeling,Kalimpong I,Debris,2014,500–1000 m,30–40°,>4000 mm,>1000 m,2010s,2,4,6,6
16032,26.9653,88.4285,325.0,39.08,3909.0,26.8,37.4,35.7,39.9,33.3,16.2,0.162,Built-up,8.0,West Bengal,Darjeeling,Kalimpong I,Rock,2021,0–500 m,30–40°,3000–4000 mm,0–10 m,2020s,1,4,5,1
16034,26.9659,88.7028,456.0,14.46,4729.0,25.9,41.5,32.6,44.0,35.1,15.9,0.159,Tree cover,237.0,West Bengal,Darjeeling,Gorubathan,Debris,2007,0–500 m,10–20°,>4000 mm,100–500 m,2000s,1,2,6,4
16035,26.965944,88.562361,1159.0,9.15,3744.0,23.9,40.1,36.1,40.2,35.1,16.7,0.167,Built-up,2.5,West Bengal,Darjeeling,Kalimpong I,Debris,2015,1000–1500 m,0–10°,3000–4000 mm,0–10 m,2010s,3,1,5,1
16036,26.96627,88.428951,273.0,40.86,3909.0,26.8,37.4,35.7,39.9,33.3,16.2,0.162,Tree cover,34.1,West Bengal,Darjeeling,Kalimpong I,Rock,2015,0–500 m,40–50°,3000–4000 mm,10–50 m,2010s,1,5,5,2
16037,26.9671,88.4273,349.0,36.48,3813.0,27.0,37.7,35.3,39.9,33.3,16.2,0.162,Tree cover,14.6,West Bengal,Darjeeling,Kalimpong I,Debris,2021,0–500 m,30–40°,3000–4000 mm,10–50 m,2020s,1,4,5,2
16039,26.967568,88.426996,348.0,40.86,3813.0,30.4,35.9,33.7,40.6,33.6,17.2,0.172,Tree cover,14.8,West Bengal,Darjeeling,Kalimpong I,Rock,2021,0–500 m,40–50°,3000–4000 mm,10–50 m,2020s,1,5,5,2
16040,26.9676,88.4271,333.0,43.33,3813.0,30.4,35.9,33.7,40.6,33.6,17.2,0.172,Bare / sparse vegetation,4.5,West Bengal,Darjeeling,Kalimpong I,Rock,2021,0–500 m,40–50°,3000–4000 mm,0–10 m,2020s,1,5,5,1
16041,26.9682,88.4663,1090.0,31.6,3595.0,26.2,39.3,34.5,41.1,35.8,16.7,0.167,Tree cover,2295.9,West Bengal,Darjeeling,Kalimpong I,Rock,2011,1000–1500 m,30–40°,3000–4000 mm,>1000 m,2010s,3,4,5,6
16043,26.969174,88.418957,294.0,39.75,3880.0,28.5,37.1,34.4,40.9,34.5,15.6,0.156,Tree cover,9.1,West Bengal,Darjeeling,Kalimpong I,Debris,2021,0–500 m,30–40°,3000–4000 mm,0–10 m,2020s,1,4,5,1
16046,26.969554,88.427149,203.0,41.0,3813.0,30.4,35.9,33.7,40.6,33.6,17.2,0.172,Tree cover,136.5,West Bengal,Darjeeling,Kalimpong I,Rock,1968,0–500 m,40–50°,3000–4000 mm,100–500 m,1960s,1,5,5,4
16047,26.96959,88.734144,352.0,27.74,4602.0,25.0,41.4,33.6,44.0,33.6,16.7,0.167,Tree cover,419.4,West Bengal,Darjeeling,Gorubathan,Debris,2014,0–500 m,20–30°,>4000 mm,100–500 m,2010s,1,3,6,4
16051,26.970167,88.402944,796.0,20.18,3696.0,25.3,38.8,35.9,41.0,34.8,16.3,0.163,Tree cover,4.8,West Bengal,Darjeeling,Rangli Rangliot,Rock,2010,500–1000 m,20–30°,3000–4000 mm,0–10 m,2010s,2,3,5,1
16052,26.97039,88.417195,315.0,26.53,3880.0,28.8,37.2,34.0,40.9,34.5,15.6,0.156,Tree cover,23.5,West Bengal,Darjeeling,Rangli Rangliot,Rock,2011,0–500 m,20–30°,3000–4000 mm,10–50 m,2010s,1,3,5,2
16054,26.970587,88.364239,1293.0,15.97,3278.0,27.4,37.8,34.8,40.8,33.3,18.0,0.18,Tree cover,18.2,West Bengal,Darjeeling,Rangli Rangliot,Debris,2015,1000–1500 m,10–20°,3000–4000 mm,10–50 m,2010s,3,2,5,2
16055,26.971052,88.419827,298.0,39.47,3880.0,28.1,37.4,34.4,40.9,34.5,15.6,0.156,Tree cover,3.5,West Bengal,Darjeeling,Kalimpong I,Rock,2021,0–500 m,30–40°,3000–4000 mm,0–10 m,2020s,1,4,5,1
16056,26.971083,88.575222,1244.0,37.97,3732.0,26.9,36.2,36.8,41.3,34.8,19.0,0.19,Built-up,10.6,West Bengal,Darjeeling,Kalimpong I,Rock,2015,1000–1500 m,30–40°,3000–4000 mm,10–50 m,2010s,3,4,5,2
16059,26.971606,88.446638,406.0,26.24,3990.0,27.7,37.5,34.8,41.0,34.0,17.0,0.17,Grassland,1735.3,West Bengal,Darjeeling,Kalimpong I,Debris,2011,0–500 m,20–30°,3000–4000 mm,>1000 m,2010s,1,3,5,6
16060,26.971806,88.348139,1717.0,27.26,3220.0,27.9,40.6,31.5,40.7,34.9,16.9,0.169,Tree cover,15.6,West Bengal,Darjeeling,Rangli Rangliot,Debris,2015,1500–2000 m,20–30°,3000–4000 mm,10–50 m,2010s,4,3,5,2
16061,26.971826,88.424602,368.0,37.46,3880.0,28.0,37.5,34.5,40.9,34.5,15.6,0.156,Built-up,6.3,West Bengal,Darjeeling,Kalimpong I,Rock,2021,0–500 m,30–40°,3000–4000 mm,0–10 m,2020s,1,4,5,1
16062,26.972861,88.419547,266.0,24.92,3880.0,29.3,37.0,33.7,40.9,34.5,15.6,0.156,Tree cover,84.4,West Bengal,Darjeeling,Kalimpong I,Debris,2021,0–500 m,20–30°,3000–4000 mm,50–100 m,2020s,1,3,5,3
16064,26.9729,88.4195,266.0,24.92,3880.0,29.3,37.0,33.7,40.9,34.5,15.6,0.156,Tree cover,90.6,West Bengal,Darjeeling,Kalimpong I,Debris,2021,0–500 m,20–30°,3000–4000 mm,50–100 m,2020s,1,3,5,3
16065,26.973632,88.600352,469.0,46.39,4455.0,24.3,41.5,34.2,41.0,36.4,17.2,0.172,Tree cover,523.6,West Bengal,Darjeeling,Kalimpong I,Debris,2015,0–500 m,40–50°,>4000 mm,500–1000 m,2010s,1,5,6,5
16066,26.974,88.4231,353.0,24.37,3880.0,28.5,37.4,34.1,40.9,34.5,15.6,0.156,Tree cover,8.3,West Bengal,Darjeeling,Kalimpong I,Debris,2021,0–500 m,20–30°,3000–4000 mm,0–10 m,2020s,1,3,5,1
16067,26.974035,88.423078,339.0,24.62,3880.0,28.5,37.4,34.1,40.9,34.5,15.6,0.156,Tree cover,4.2,West Bengal,Darjeeling,Kalimpong I,Rock,2021,0–500 m,20–30°,3000–4000 mm,0–10 m,2020s,1,3,5,1
16069,26.974778,88.423642,350.0,26.76,3880.0,29.4,37.1,33.6,40.9,34.5,15.6,0.156,Tree cover,0.6,West Bengal,Darjeeling,Kalimpong I,Rock,2021,0–500 m,20–30°,3000–4000 mm,0–10 m,2020s,1,3,5,1
16070,26.9748,88.4238,367.0,19.09,3880.0,29.4,37.1,33.6,40.9,34.5,15.6,0.156,Tree cover,13.1,West Bengal,Darjeeling,Kalimpong I,Debris,2021,0–500 m,10–20°,3000–4000 mm,10–50 m,2020s,1,2,5,2
16073,26.975703,88.418984,319.0,46.21,3872.0,27.2,38.1,34.7,40.4,34.4,16.1,0.161,Tree cover,12.3,West Bengal,Darjeeling,Rangli Rangliot,Debris,2015,0–500 m,40–50°,3000–4000 mm,10–50 m,2010s,1,5,5,2
16074,26.975963,88.59693,506.0,31.42,4414.0,25.1,40.5,34.4,41.0,36.7,15.8,0.158,Tree cover,470.0,West Bengal,Darjeeling,Kalimpong I,Debris,2014,500–1000 m,30–40°,>4000 mm,100–500 m,2010s,2,4,6,4
16075,26.9766,88.4241,383.0,36.74,3872.0,29.3,37.2,33.6,40.6,34.4,15.8,0.158,Tree cover,1.3,West Bengal,Darjeeling,Kalimpong I,Debris,2021,0–500 m,30–40°,3000–4000 mm,0–10 m,2020s,1,4,5,1
16079,26.976988,88.472955,700.0,26.93,3968.0,26.3,37.5,36.3,41.0,35.1,16.0,0.16,Tree cover,1371.7,West Bengal,Darjeeling,Kalimpong I,Debris,2004,500–1000 m,20–30°,3000–4000 mm,>1000 m,2000s,2,3,5,6
16080,26.977,88.4238,365.0,31.04,3872.0,29.3,37.2,33.6,40.6,34.4,15.8,0.158,Built-up,3.1,West Bengal,Darjeeling,Kalimpong I,Debris,2021,0–500 m,30–40°,3000–4000 mm,0–10 m,2020s,1,4,5,1
16081,26.977015,88.423811,365.0,31.04,3872.0,29.3,37.2,33.6,40.6,34.4,15.8,0.158,Built-up,1.3,West Bengal,Darjeeling,Kalimpong I,Rock,2021,0–500 m,30–40°,3000–4000 mm,0–10 m,2020s,1,4,5,1
16083,26.97733,88.588897,702.0,41.71,4305.0,23.0,43.0,34.0,41.8,35.0,17.2,0.172,Tree cover,441.8,West Bengal,Darjeeling,Kalimpong I,Debris,2015,500–1000 m,40–50°,>4000 mm,100–500 m,2010s,2,5,6,4
16084,26.977333,88.378417,1052.0,21.95,3364.0,25.0,35.2,39.8,41.3,36.3,17.5,0.175,Tree cover,2.8,West Bengal,Darjeeling,Rangli Rangliot,Debris,2015,1000–1500 m,20–30°,3000–4000 mm,0–10 m,2010s,3,3,5,1
16085,26.978475,88.58499,812.0,40.28,4305.0,22.9,42.8,34.3,41.8,35.0,17.2,0.172,Tree cover,438.2,West Bengal,Darjeeling,Kalimpong I,Debris,2015,500–1000 m,40–50°,>4000 mm,100–500 m,2010s,2,5,6,4
16086,26.979403,88.451651,689.0,41.17,3832.0,26.8,37.5,35.7,41.1,35.5,16.5,0.165,Tree cover,1971.1,West Bengal,Darjeeling,Kalimpong I,Debris,2011,500–1000 m,40–50°,3000–4000 mm,>1000 m,2010s,2,5,5,6
16087,26.980303,88.317581,1852.0,22.45,3110.0,28.4,39.6,32.0,40.3,34.2,17.1,0.171,Tree cover,106.4,West Bengal,Darjeeling,Rangli Rangliot,Debris,2009,1500–2000 m,20–30°,3000–4000 mm,100–500 m,2000s,4,3,5,4
16089,26.980791,88.553794,1151.0,17.37,3645.0,25.1,36.1,38.8,40.4,33.8,17.8,0.178,Tree cover,410.1,West Bengal,Darjeeling,Kalimpong I,Debris,2015,1000–1500 m,10–20°,3000–4000 mm,100–500 m,2010s,3,2,5,4
16091,26.980925,88.550841,1081.0,34.93,3645.0,25.5,35.3,39.2,40.9,35.2,17.8,0.178,Grassland,673.7,West Bengal,Darjeeling,Kalimpong I,Rock,2015,1000–1500 m,30–40°,3000–4000 mm,500–1000 m,2010s,3,4,5,5
16092,26.981079,88.131902,2262.0,15.19,2704.0,27.9,38.7,33.4,39.7,34.8,17.7,0.177,Tree cover,23.6,West Bengal,Darjeeling,Jorebunglow Sukiapokhri,Debris,2021,2000–3000 m,10–20°,2500–3000 mm,10–50 m,2020s,5,2,4,2
16096,26.982297,88.142416,2144.0,35.66,2756.0,27.2,37.9,34.9,40.3,35.2,19.1,0.191,Tree cover,54.9,West Bengal,Darjeeling,Jorebunglow Sukiapokhri,Debris,2011,2000–3000 m,30–40°,2500–3000 mm,50–100 m,2010s,5,4,4,3
16099,26.983593,88.401204,413.0,46.97,3845.0,28.3,39.0,32.7,40.3,35.1,16.0,0.16,Tree cover,413.3,West Bengal,Darjeeling,Rangli Rangliot,Rock,2014,0–500 m,40–50°,3000–4000 mm,100–500 m,2010s,1,5,5,4
16101,26.984,88.277,2030.0,24.39,2775.0,26.9,40.0,33.0,41.0,36.0,17.8,0.178,Tree cover,63.6,West Bengal,Darjeeling,Jorebunglow Sukiapokhri,Rock,2009,2000–3000 m,20–30°,2500–3000 mm,50–100 m,2000s,5,3,4,3
16102,26.984222,88.644556,884.0,29.63,4478.0,27.1,40.9,32.0,41.2,36.1,17.3,0.173,Tree cover,10.5,West Bengal,Darjeeling,Gorubathan,Rock,2015,500–1000 m,20–30°,>4000 mm,10–50 m,2010s,2,3,6,2
16104,26.984361,88.566194,1443.0,35.92,3469.0,25.2,37.1,37.7,41.2,34.3,18.3,0.183,Tree cover,2.4,West Bengal,Darjeeling,Kalimpong I,Rock,2015,1000–1500 m,30–40°,3000–4000 mm,0–10 m,2010s,3,4,5,1
16105,26.984556,88.564278,1420.0,34.77,3469.0,25.3,36.9,37.8,40.4,33.8,17.8,0.178,Tree cover,1.4,West Bengal,Darjeeling,Kalimpong I,Rock,2015,1000–1500 m,30–40°,3000–4000 mm,0–10 m,2010s,3,4,5,1
16107,26.984716,88.584729,920.0,40.89,3989.0,24.0,41.8,34.2,41.5,34.8,18.9,0.189,Grassland,1073.9,West Bengal,Darjeeling,Kalimpong I,Rock,2015,500–1000 m,40–50°,3000–4000 mm,>1000 m,2010s,2,5,5,6
16108,26.984996,88.465284,522.0,12.27,4013.0,24.9,37.5,37.6,41.1,35.8,16.4,0.164,Tree cover,529.9,West Bengal,Darjeeling,Kalimpong I,Debris,2014,500–1000 m,10–20°,>4000 mm,500–1000 m,2010s,2,2,6,5
16109,26.985201,88.700452,618.0,35.53,4770.0,24.0,39.7,36.4,44.1,35.9,15.8,0.158,Tree cover,238.1,West Bengal,Darjeeling,Gorubathan,Rock,2007,500–1000 m,30–40°,>4000 mm,100–500 m,2000s,2,4,6,4
16110,26.98612,88.455019,609.0,28.96,3964.0,26.5,37.7,35.8,40.9,34.2,16.0,0.16,Tree cover,1368.9,West Bengal,Darjeeling,Kalimpong I,Debris,2004,500–1000 m,20–30°,3000–4000 mm,>1000 m,2000s,2,3,5,6
16111,26.986286,88.579528,1223.0,24.16,3515.0,25.8,36.6,37.6,42.3,34.8,18.0,0.18,Tree cover,633.0,West Bengal,Darjeeling,Kalimpong I,Rock,2015,1000–1500 m,20–30°,3000–4000 mm,500–1000 m,2010s,3,3,5,5
16112,26.986361,88.568639,1503.0,35.3,3505.0,28.4,34.9,36.8,41.2,34.1,17.5,0.175,Tree cover,1.1,West Bengal,Darjeeling,Kalimpong I,Rock,2015,1500–2000 m,30–40°,3000–4000 mm,0–10 m,2010s,4,4,5,1
16113,26.986528,88.563139,1531.0,35.68,3469.0,27.5,35.6,36.9,40.1,34.5,18.5,0.185,Tree cover,3.9,West Bengal,Darjeeling,Kalimpong I,Debris,2015,1500–2000 m,30–40°,3000–4000 mm,0–10 m,2010s,4,4,5,1
16114,26.986622,88.465663,543.0,23.8,4013.0,25.8,38.0,36.2,40.4,34.4,16.1,0.161,Grassland,370.9,West Bengal,Darjeeling,Kalimpong I,Debris,2004,500–1000 m,20–30°,>4000 mm,100–500 m,2000s,2,3,6,4
16116,26.987192,88.455216,590.0,37.1,3964.0,26.5,37.7,35.8,40.9,34.2,16.0,0.16,Tree cover,1328.5,West Bengal,Darjeeling,Kalimpong I,Debris,2004,500–1000 m,30–40°,3000–4000 mm,>1000 m,2000s,2,4,5,6
16117,26.987586,88.553254,1374.0,24.05,3499.0,26.7,36.0,37.3,40.6,33.8,18.2,0.182,Tree cover,287.6,West Bengal,Darjeeling,Kalimpong I,Debris,2015,1000–1500 m,20–30°,3000–4000 mm,100–500 m,2010s,3,3,5,4
16118,26.98763,88.6994,568.0,32.4,4710.0,26.5,38.1,35.3,41.2,36.3,16.0,0.16,Tree cover,262.7,West Bengal,Darjeeling,Gorubathan,Rock,2007,500–1000 m,30–40°,>4000 mm,100–500 m,2000s,2,4,6,4
16120,26.987943,88.455813,571.0,19.36,3964.0,26.6,37.2,36.2,40.9,34.2,16.0,0.16,Tree cover,1260.7,West Bengal,Darjeeling,Kalimpong I,Debris,2004,500–1000 m,10–20°,3000–4000 mm,>1000 m,2000s,2,2,5,6
16122,26.988528,88.557556,1608.0,21.28,3499.0,28.6,35.1,36.3,40.1,34.5,18.5,0.185,Tree cover,0.5,West Bengal,Darjeeling,Kalimpong I,Debris,2015,1500–2000 m,20–30°,3000–4000 mm,0–10 m,2010s,4,3,5,1
16123,26.988573,88.317384,1825.0,14.65,3161.0,29.1,39.9,31.0,39.9,34.6,17.8,0.178,Tree cover,338.3,West Bengal,Darjeeling,Rangli Rangliot,Rock,2009,1500–2000 m,10–20°,3000–4000 mm,100–500 m,2000s,4,2,5,4
16124,26.988597,88.573497,1507.0,38.96,3505.0,29.5,34.9,35.6,41.2,34.1,17.5,0.175,Tree cover,12.9,West Bengal,Darjeeling,Kalimpong I,Debris,2015,1500–2000 m,30–40°,3000–4000 mm,10–50 m,2010s,4,4,5,2
16125,26.988917,88.582861,1180.0,29.78,3515.0,27.8,35.7,36.5,42.3,34.8,18.0,0.18,Tree cover,582.6,West Bengal,Darjeeling,Kalimpong I,Rock,2015,1000–1500 m,20–30°,3000–4000 mm,500–1000 m,2010s,3,3,5,5
16130,26.989655,88.118364,2000.0,37.24,2713.0,27.6,37.6,34.8,40.2,35.0,16.1,0.161,Tree cover,11.6,West Bengal,Darjeeling,Darjeeling Pulbazar,Rock,2021,1500–2000 m,30–40°,2500–3000 mm,10–50 m,2020s,4,4,4,2
16131,26.98966,88.69912,627.0,32.44,4710.0,25.7,38.6,35.7,41.2,36.3,16.0,0.16,Tree cover,228.0,West Bengal,Darjeeling,Gorubathan,Debris,2007,500–1000 m,30–40°,>4000 mm,100–500 m,2000s,2,4,6,4
16132,26.9897,88.6991,627.0,32.44,4710.0,25.7,38.6,35.7,41.2,36.3,16.0,0.16,Tree cover,226.6,West Bengal,Darjeeling,Gorubathan,Debris,2007,500–1000 m,30–40°,>4000 mm,100–500 m,2000s,2,4,6,4
16134,26.989841,88.459662,501.0,17.66,4013.0,27.6,37.5,34.8,40.5,34.7,15.7,0.157,Tree cover,882.8,West Bengal,Darjeeling,Kalimpong I,Debris,2004,500–1000 m,10–20°,>4000 mm,500–1000 m,2000s,2,2,6,5
16135,26.989992,88.119073,1985.0,38.83,2713.0,26.7,37.9,35.4,40.2,35.0,16.1,0.161,Tree cover,6.5,West Bengal,Darjeeling,Darjeeling Pulbazar,Debris,2021,1500–2000 m,30–40°,2500–3000 mm,0–10 m,2020s,4,4,4,1
16136,26.99018,88.702248,687.0,38.0,4770.0,25.2,38.7,36.1,41.2,36.3,16.0,0.16,Tree cover,431.6,West Bengal,Darjeeling,Gorubathan,Debris,2010,500–1000 m,30–40°,>4000 mm,100–500 m,2010s,2,4,6,4
16137,26.990195,88.466355,512.0,24.41,4013.0,27.0,36.9,36.1,40.5,34.7,15.7,0.157,Tree cover,261.8,West Bengal,Darjeeling,Kalimpong I,Rock,2014,500–1000 m,20–30°,>4000 mm,100–500 m,2010s,2,3,6,4
16138,26.990278,88.340778,1250.0,23.48,3263.0,27.2,37.9,34.9,40.3,34.6,15.7,0.157,Tree cover,22.8,West Bengal,Darjeeling,Rangli Rangliot,Debris,2015,1000–1500 m,20–30°,3000–4000 mm,10–50 m,2010s,3,3,5,2
16140,26.990694,88.420361,281.0,34.19,3852.0,28.8,36.7,34.5,40.9,33.9,18.2,0.182,Tree cover,2.1,West Bengal,Darjeeling,Kalimpong I,Rock,2015,0–500 m,30–40°,3000–4000 mm,0–10 m,2010s,1,4,5,1
16141,26.990762,88.420326,290.0,31.4,3852.0,28.8,36.7,34.5,40.9,33.9,18.2,0.182,Tree cover,4.3,West Bengal,Darjeeling,Kalimpong I,Rock,2021,0–500 m,30–40°,3000–4000 mm,0–10 m,2020s,1,4,5,1
16142,26.990872,88.429777,285.0,26.49,3928.0,27.9,38.7,33.4,40.4,33.0,16.2,0.162,Tree cover,326.6,West Bengal,Darjeeling,Kalimpong I,Debris,2014,0–500 m,20–30°,3000–4000 mm,100–500 m,2010s,1,3,5,4
16144,26.991269,88.423422,260.0,10.49,3852.0,29.3,36.3,34.4,40.9,33.9,18.2,0.182,Tree cover,56.0,West Bengal,Darjeeling,Kalimpong I,Rock,2007,0–500 m,10–20°,3000–4000 mm,50–100 m,2000s,1,2,5,3
16148,26.991556,88.548833,1573.0,27.11,3494.0,27.5,37.4,35.1,40.6,33.8,18.2,0.182,Tree cover,6.0,West Bengal,Darjeeling,Kalimpong I,Rock,2015,1500–2000 m,20–30°,3000–4000 mm,0–10 m,2010s,4,3,5,1
16149,26.991879,88.459684,481.0,28.29,4047.0,27.2,38.1,34.7,40.5,34.7,15.7,0.157,Tree cover,937.6,West Bengal,Darjeeling,Kalimpong I,Debris,2004,0–500 m,20–30°,>4000 mm,500–1000 m,2000s,1,3,6,5
16152,26.992039,88.118287,2014.0,32.36,2702.0,26.7,37.9,35.4,40.2,35.0,16.1,0.161,Tree cover,5.8,West Bengal,Darjeeling,Darjeeling Pulbazar,Debris,2021,2000–3000 m,30–40°,2500–3000 mm,0–10 m,2020s,5,4,4,1
16153,26.992103,88.144828,2055.0,37.33,2753.0,33.2,34.5,32.3,40.8,33.7,17.0,0.17,Tree cover,47.6,West Bengal,Darjeeling,Jorebunglow Sukiapokhri,Debris,2015,2000–3000 m,30–40°,2500–3000 mm,10–50 m,2010s,5,4,4,2
16154,26.992722,88.5825,1215.0,28.27,3481.0,27.7,36.5,35.8,42.3,34.8,18.0,0.18,Tree cover,157.5,West Bengal,Darjeeling,Kalimpong I,Rock,2015,1000–1500 m,20–30°,3000–4000 mm,100–500 m,2010s,3,3,5,4
16155,26.992905,88.152004,2135.0,32.23,2756.0,34.0,34.2,31.8,39.8,34.0,17.8,0.178,Tree cover,6.1,West Bengal,Darjeeling,Jorebunglow Sukiapokhri,Debris,2021,2000–3000 m,30–40°,2500–3000 mm,0–10 m,2020s,5,4,4,1
16156,26.993031,88.592266,769.0,48.06,4390.0,24.9,39.4,35.6,41.9,36.2,17.5,0.175,Tree cover,811.9,West Bengal,Darjeeling,Kalimpong I,Rock,2015,500–1000 m,40–50°,>4000 mm,500–1000 m,2010s,2,5,6,5
16159,26.993294,88.457623,375.0,21.3,3995.0,27.6,38.3,34.1,40.9,34.2,16.0,0.16,Tree cover,935.1,West Bengal,Darjeeling,Kalimpong I,Debris,2004,0–500 m,20–30°,3000–4000 mm,500–1000 m,2000s,1,3,5,5
16164,26.993672,88.268873,2278.0,18.22,2613.0,28.1,36.7,35.2,41.5,35.5,18.6,0.186,Tree cover,61.2,West Bengal,Darjeeling,Jorebunglow Sukiapokhri,Debris,2007,2000–3000 m,10–20°,2500–3000 mm,50–100 m,2000s,5,2,4,3
16165,26.993944,88.582667,1223.0,36.01,3481.0,27.7,36.5,35.8,42.3,34.8,18.0,0.18,Tree cover,35.2,West Bengal,Darjeeling,Kalimpong I,Rock,2015,1000–1500 m,30–40°,3000–4000 mm,10–50 m,2010s,3,4,5,2
16166,26.994284,88.314039,1959.0,21.83,3003.0,28.8,40.8,30.4,40.3,34.6,18.7,0.187,Tree cover,14.2,West Bengal,Darjeeling,Rangli Rangliot,Debris,2015,1500–2000 m,20–30°,3000–4000 mm,10–50 m,2010s,4,3,5,2
16178,26.997119,88.429528,257.0,33.34,3860.0,28.4,36.0,35.6,41.6,34.2,18.5,0.185,Tree cover,82.6,West Bengal,Darjeeling,Kalimpong I,Debris,1998,0–500 m,30–40°,3000–4000 mm,50–100 m,1990s,1,4,5,3
16179,26.997694,88.302139,2080.0,30.66,2900.0,27.4,37.4,35.2,41.1,35.0,17.7,0.177,Tree cover,55.3,West Bengal,Darjeeling,Rangli Rangliot,Rock,2009,2000–3000 m,30–40°,2500–3000 mm,50–100 m,2000s,5,4,4,3
16183,26.998806,88.431583,304.0,14.75,3860.0,29.7,36.1,34.3,41.5,33.9,17.3,0.173,Tree cover,19.5,West Bengal,Darjeeling,Kalimpong I,Rock,2015,0–500 m,10–20°,3000–4000 mm,10–50 m,2010s,1,2,5,2
16185,26.999368,88.43161,319.0,25.33,3860.0,26.1,35.4,38.5,41.6,34.2,18.5,0.185,Tree cover,24.7,West Bengal,Darjeeling,Kalimpong I,Rock,2021,0–500 m,20–30°,3000–4000 mm,10–50 m,2020s,1,3,5,2
16186,26.999402,88.683132,834.0,18.95,4648.0,25.7,39.3,35.1,42.3,35.8,18.1,0.181,Tree cover,55.0,West Bengal,Darjeeling,Gorubathan,Rock,2015,500–1000 m,10–20°,>4000 mm,50–100 m,2010s,2,2,6,3
16187,26.999587,88.431343,343.0,34.11,3860.0,26.1,35.4,38.5,41.6,34.2,18.5,0.185,Grassland,10.6,West Bengal,Darjeeling,Kalimpong I,Rock,1998,0–500 m,30–40°,3000–4000 mm,10–50 m,1990s,1,4,5,2
16188,26.999685,88.470923,373.0,25.52,4065.0,25.2,38.1,36.7,41.0,33.4,16.2,0.162,Tree cover,1234.8,West Bengal,Darjeeling,Kalimpong I,Debris,2010,0–500 m,20–30°,>4000 mm,>1000 m,2010s,1,3,6,6
16189,26.999721,88.700071,732.0,45.16,4657.0,25.0,39.2,35.8,41.3,37.1,15.6,0.156,Tree cover,213.7,West Bengal,Darjeeling,Gorubathan,Debris,1970,500–1000 m,40–50°,>4000 mm,100–500 m,1970s,2,5,6,4
16192,27.002,88.4303,575.0,48.37,3908.0,26.5,36.1,37.4,41.6,34.2,18.5,0.185,Tree cover,264.2,West Bengal,Darjeeling,Kalimpong I,Debris,2013,500–1000 m,40–50°,3000–4000 mm,100–500 m,2010s,2,5,5,4
16195,27.00293,88.478081,442.0,33.61,4083.0,26.4,38.2,35.4,40.2,35.3,17.0,0.17,Tree cover,1720.9,West Bengal,Darjeeling,Kalimpong I,Debris,2011,0–500 m,30–40°,>4000 mm,>1000 m,2010s,1,4,6,6
16196,27.002937,88.440581,253.0,28.96,3958.0,28.6,34.1,37.3,41.5,33.9,17.3,0.173,Tree cover,92.1,West Bengal,Darjeeling,Kalimpong I,Rock,2006,0–500 m,20–30°,3000–4000 mm,50–100 m,2000s,1,3,5,3
16198,27.003491,88.595846,615.0,37.9,4383.0,26.5,37.8,35.7,41.7,36.0,16.7,0.167,Tree cover,632.3,West Bengal,Darjeeling,Kalimpong I,Debris,1996,500–1000 m,30–40°,>4000 mm,500–1000 m,1990s,2,4,6,5
16199,27.003564,88.115226,2100.0,26.65,2663.0,25.0,37.4,37.6,39.8,34.7,17.1,0.171,Tree cover,1.1,West Bengal,Darjeeling,Darjeeling Pulbazar,Debris,2021,2000–3000 m,20–30°,2500–3000 mm,0–10 m,2020s,5,3,4,1
16200,27.003629,88.599721,587.0,43.95,4383.0,26.7,37.8,35.5,41.7,36.0,16.7,0.167,Grassland,1016.5,West Bengal,Darjeeling,Kalimpong I,Debris,1968,500–1000 m,40–50°,>4000 mm,>1000 m,1960s,2,5,6,6
16201,27.003817,88.108405,2155.0,36.96,2663.0,31.7,34.4,33.9,40.4,34.0,17.5,0.175,Tree cover,0.7,West Bengal,Darjeeling,Darjeeling Pulbazar,Rock,2021,2000–3000 m,30–40°,2500–3000 mm,0–10 m,2020s,5,4,4,1
16207,27.004184,88.115645,2085.0,31.53,2663.0,25.0,37.4,37.6,39.8,34.7,17.1,0.171,Tree cover,9.2,West Bengal,Darjeeling,Darjeeling Pulbazar,Rock,2021,2000–3000 m,30–40°,2500–3000 mm,0–10 m,2020s,5,4,4,1
16208,27.004303,88.117753,2088.0,24.5,2691.0,25.5,38.3,36.2,39.8,34.7,17.1,0.171,Tree cover,3.0,West Bengal,Darjeeling,Darjeeling Pulbazar,Debris,2021,2000–3000 m,20–30°,2500–3000 mm,0–10 m,2020s,5,3,4,1
16209,27.004361,88.808139,555.0,32.53,4964.0,28.4,37.7,34.0,41.2,37.1,15.5,0.155,Tree cover,276.4,West Bengal,Darjeeling,Gorubathan,Debris,2016,500–1000 m,30–40°,>4000 mm,100–500 m,2010s,2,4,6,4
16210,27.004366,88.120011,2074.0,17.07,2691.0,26.7,39.5,33.8,39.8,34.7,17.1,0.171,Tree cover,6.6,West Bengal,Darjeeling,Darjeeling Pulbazar,Debris,2021,2000–3000 m,10–20°,2500–3000 mm,0–10 m,2020s,5,2,4,1
16211,27.004455,88.725803,959.0,40.78,4383.0,28.5,40.1,31.4,41.1,34.6,18.2,0.182,Tree cover,744.7,West Bengal,Darjeeling,Gorubathan,Rock,2010,500–1000 m,40–50°,>4000 mm,500–1000 m,2010s,2,5,6,5
16213,27.004538,88.118803,2078.0,23.19,2691.0,25.5,38.3,36.2,39.8,34.7,17.1,0.171,Tree cover,2.9,West Bengal,Darjeeling,Darjeeling Pulbazar,Debris,2021,2000–3000 m,20–30°,2500–3000 mm,0–10 m,2020s,5,3,4,1
16214,27.004539,88.119811,2076.0,21.69,2691.0,26.7,39.5,33.8,39.8,34.7,17.1,0.171,Tree cover,1.8,West Bengal,Darjeeling,Darjeeling Pulbazar,Debris,2021,2000–3000 m,20–30°,2500–3000 mm,0–10 m,2020s,5,3,4,1
16215,27.004618,88.120104,2064.0,21.05,2691.0,26.7,39.5,33.8,39.8,34.7,17.1,0.171,Built-up,5.1,West Bengal,Darjeeling,Darjeeling Pulbazar,Debris,2021,2000–3000 m,20–30°,2500–3000 mm,0–10 m,2020s,5,3,4,1
16217,27.004753,88.808345,580.0,23.74,4973.0,28.4,37.7,34.0,41.2,37.1,15.5,0.155,Tree cover,239.5,West Bengal,Darjeeling,Gorubathan,Debris,2016,500–1000 m,20–30°,>4000 mm,100–500 m,2010s,2,3,6,4
16219,27.004843,88.278191,1953.0,32.74,2917.0,28.2,37.1,34.7,40.6,33.6,16.6,0.166,Tree cover,414.3,West Bengal,Darjeeling,Jorebunglow Sukiapokhri,Debris,2010,1500–2000 m,30–40°,2500–3000 mm,100–500 m,2010s,4,4,4,4
16220,27.005,88.255,2110.0,34.71,2848.0,26.8,36.3,36.9,41.0,35.2,18.8,0.188,Tree cover,204.2,West Bengal,Darjeeling,Jorebunglow Sukiapokhri,Rock,2009,2000–3000 m,30–40°,2500–3000 mm,100–500 m,2000s,5,4,4,4
16222,27.005317,88.443168,286.0,23.46,3894.0,28.8,35.0,36.2,40.9,34.9,16.1,0.161,Tree cover,79.7,West Bengal,Darjeeling,Kalimpong I,Debris,2011,0–500 m,20–30°,3000–4000 mm,50–100 m,2010s,1,3,5,3
16226,27.005667,88.442306,311.0,20.42,3894.0,27.5,36.8,35.6,40.9,34.9,16.1,0.161,Tree cover,4.6,West Bengal,Darjeeling,Kalimpong I,Debris,2015,0–500 m,20–30°,3000–4000 mm,0–10 m,2010s,1,3,5,1
16228,27.006691,88.601893,636.0,24.86,4466.0,26.7,39.1,34.3,41.7,36.0,16.7,0.167,Tree cover,1075.3,West Bengal,Darjeeling,Kalimpong I,Debris,1968,500–1000 m,20–30°,>4000 mm,>1000 m,1960s,2,3,6,6
16230,27.007513,88.589454,841.0,19.12,3881.0,24.7,40.6,34.7,41.3,35.5,17.6,0.176,Tree cover,264.8,West Bengal,Darjeeling,Kalimpong I,Debris,1996,500–1000 m,10–20°,3000–4000 mm,100–500 m,1990s,2,2,5,4
16231,27.007689,88.258317,2205.0,18.7,2848.0,27.4,35.7,36.8,41.0,35.2,18.8,0.188,Tree cover,91.1,West Bengal,Darjeeling,Jorebunglow Sukiapokhri,Rock,2009,2000–3000 m,10–20°,2500–3000 mm,50–100 m,2000s,5,2,4,3
16234,27.008,88.132,1527.0,21.9,2696.0,27.1,37.4,35.5,40.3,36.0,17.8,0.178,Tree cover,14.5,West Bengal,Darjeeling,Darjeeling Pulbazar,Rock,2006,1500–2000 m,20–30°,2500–3000 mm,10–50 m,2000s,4,3,4,2
16235,27.008259,88.582876,966.0,40.34,3685.0,26.0,40.5,33.5,41.5,35.7,17.8,0.178,Tree cover,485.9,West Bengal,Darjeeling,Kalimpong I,Debris,2009,500–1000 m,40–50°,3000–4000 mm,100–500 m,2000s,2,5,5,4
16236,27.008299,88.110153,2171.0,27.6,2663.0,31.3,35.6,33.2,40.4,34.0,17.5,0.175,Tree cover,5.3,West Bengal,Darjeeling,Darjeeling Pulbazar,Debris,2021,2000–3000 m,20–30°,2500–3000 mm,0–10 m,2020s,5,3,4,1
16237,27.008667,88.295389,2106.0,16.7,2864.0,29.4,36.3,34.4,40.7,34.0,18.3,0.183,Tree cover,124.7,West Bengal,Darjeeling,Rangli Rangliot,Debris,2009,2000–3000 m,10–20°,2500–3000 mm,100–500 m,2000s,5,2,4,4
16242,27.010139,88.258722,2218.0,33.48,2879.0,28.9,36.2,35.0,41.0,35.2,18.8,0.188,Grassland,51.7,West Bengal,Darjeeling,Jorebunglow Sukiapokhri,Rock,2015,2000–3000 m,30–40°,2500–3000 mm,50–100 m,2010s,5,4,4,3
16244,27.010513,88.656344,1021.0,26.5,3601.0,25.9,40.4,33.7,41.4,34.9,17.6,0.176,Tree cover,895.9,West Bengal,Darjeeling,Gorubathan,Debris,2015,1000–1500 m,20–30°,3000–4000 mm,500–1000 m,2010s,3,3,5,5
16245,27.010543,88.587403,816.0,49.69,3965.0,23.7,40.3,36.0,41.5,35.7,17.8,0.178,Tree cover,539.5,West Bengal,Darjeeling,Kalimpong I,Debris,2013,500–1000 m,40–50°,3000–4000 mm,500–1000 m,2010s,2,5,5,5
16246,27.010563,88.222634,2066.0,39.54,2844.0,32.8,34.7,32.4,40.0,34.0,18.6,0.186,Tree cover,10.9,West Bengal,Darjeeling,Jorebunglow Sukiapokhri,Rock,2021,2000–3000 m,30–40°,2500–3000 mm,10–50 m,2020s,5,4,4,2
16248,27.011,88.4413,289.0,39.22,3936.0,29.4,37.2,33.3,40.9,34.9,16.1,0.161,Tree cover,6.3,West Bengal,Darjeeling,Kalimpong I,Rock,2021,0–500 m,30–40°,3000–4000 mm,0–10 m,2020s,1,4,5,1
16249,27.011014,88.441271,289.0,39.22,3936.0,29.4,37.2,33.3,40.9,34.9,16.1,0.161,Tree cover,5.0,West Bengal,Darjeeling,Kalimpong I,Rock,2021,0–500 m,30–40°,3000–4000 mm,0–10 m,2020s,1,4,5,1
16250,27.011072,88.104133,2205.0,28.19,2619.0,31.9,36.2,31.8,40.8,35.5,17.4,0.174,Tree cover,8.3,West Bengal,Darjeeling,Darjeeling Pulbazar,Debris,2021,2000–3000 m,20–30°,2500–3000 mm,0–10 m,2020s,5,3,4,1
16251,27.011127,88.099396,2266.0,34.67,2430.0,32.1,36.5,31.4,40.8,35.5,17.4,0.174,Tree cover,23.1,West Bengal,Darjeeling,Darjeeling Pulbazar,Debris,2021,2000–3000 m,30–40°,2000–2500 mm,10–50 m,2020s,5,4,3,2
16253,27.011388,88.439976,288.0,38.51,3936.0,28.3,37.9,33.8,40.9,34.9,16.1,0.161,Tree cover,1.3,West Bengal,Darjeeling,Kalimpong I,Rock,2021,0–500 m,30–40°,3000–4000 mm,0–10 m,2020s,1,4,5,1
16254,27.0114,88.44,288.0,38.51,3936.0,28.3,37.9,33.8,40.9,34.9,16.1,0.161,Tree cover,3.3,West Bengal,Darjeeling,Kalimpong I,Rock,2021,0–500 m,30–40°,3000–4000 mm,0–10 m,2020s,1,4,5,1
16256,27.011611,88.227611,2109.0,38.24,2792.0,32.7,35.4,31.9,40.1,34.0,18.5,0.185,Tree cover,1.5,West Bengal,Darjeeling,Jorebunglow Sukiapokhri,Rock,2017,2000–3000 m,30–40°,2500–3000 mm,0–10 m,2010s,5,4,4,1
16257,27.011621,88.659287,1167.0,46.68,3708.0,27.8,38.7,33.5,41.4,34.9,17.6,0.176,Tree cover,621.1,West Bengal,Darjeeling,Gorubathan,Debris,2013,1000–1500 m,40–50°,3000–4000 mm,500–1000 m,2010s,3,5,5,5
16258,27.011667,88.425139,783.0,27.23,3891.0,23.5,34.7,41.8,41.6,34.6,17.3,0.173,Tree cover,3.0,West Bengal,Darjeeling,Kalimpong I,Debris,2015,500–1000 m,20–30°,3000–4000 mm,0–10 m,2010s,2,3,5,1
16259,27.0117,88.4486,325.0,30.75,3928.0,29.1,36.8,34.1,41.4,34.6,15.8,0.158,Tree cover,517.6,West Bengal,Darjeeling,Kalimpong I,Rock,2021,0–500 m,30–40°,3000–4000 mm,500–1000 m,2020s,1,4,5,5
16260,27.011745,88.43864,312.0,43.78,3936.0,28.3,37.9,33.8,40.9,34.9,16.1,0.161,Tree cover,14.1,West Bengal,Darjeeling,Kalimpong I,Rock,2021,0–500 m,40–50°,3000–4000 mm,10–50 m,2020s,1,5,5,2
16262,27.012333,88.138806,1496.0,30.65,2704.0,27.8,37.2,35.0,40.4,34.6,17.9,0.179,Tree cover,6.4,West Bengal,Darjeeling,Darjeeling Pulbazar,Debris,2016,1000–1500 m,30–40°,2500–3000 mm,0–10 m,2010s,3,4,4,1
16264,27.01333,88.230405,2156.0,35.73,2792.0,29.1,38.9,31.9,40.2,34.5,18.5,0.185,Tree cover,7.3,West Bengal,Darjeeling,Jorebunglow Sukiapokhri,Debris,2021,2000–3000 m,30–40°,2500–3000 mm,0–10 m,2020s,5,4,4,1
16265,27.013515,88.678448,1065.0,41.5,4082.0,27.4,38.6,33.9,42.3,36.2,17.9,0.179,Tree cover,27.7,West Bengal,Darjeeling,Gorubathan,Debris,2015,1000–1500 m,40–50°,>4000 mm,10–50 m,2010s,3,5,6,2
16266,27.01357,88.231859,2170.0,25.65,2792.0,29.1,38.9,31.9,40.2,34.5,18.5,0.185,Tree cover,5.4,West Bengal,Darjeeling,Jorebunglow Sukiapokhri,Debris,2021,2000–3000 m,20–30°,2500–3000 mm,0–10 m,2020s,5,3,4,1
16267,27.013661,88.099773,2271.0,18.67,2430.0,28.7,34.8,36.5,41.7,35.4,17.7,0.177,Tree cover,1.6,West Bengal,Darjeeling,Darjeeling Pulbazar,Debris,2021,2000–3000 m,10–20°,2000–2500 mm,0–10 m,2020s,5,2,3,1
16268,27.013739,88.436709,238.0,30.0,3936.0,28.8,37.5,33.7,40.9,35.0,16.2,0.162,Tree cover,43.0,West Bengal,Darjeeling,Kalimpong I,Rock,2007,0–500 m,20–30°,3000–4000 mm,10–50 m,2000s,1,3,5,2
16269,27.01375,88.435722,286.0,35.73,3936.0,27.4,37.7,34.9,40.9,35.0,16.2,0.162,Tree cover,4.7,West Bengal,Darjeeling,Kalimpong I,Debris,2014,0–500 m,30–40°,3000–4000 mm,0–10 m,2010s,1,4,5,1
16270,27.013982,88.542648,1081.0,38.7,3396.0,24.0,37.3,38.7,41.0,34.8,16.3,0.163,Tree cover,162.5,West Bengal,Darjeeling,Kalimpong I,Rock,2013,1000–1500 m,30–40°,3000–4000 mm,100–500 m,2010s,3,4,5,4
16272,27.014,88.435972,286.0,35.73,3936.0,27.4,37.7,34.9,40.9,35.0,16.2,0.162,Tree cover,4.9,West Bengal,Darjeeling,Kalimpong I,Debris,2015,0–500 m,30–40°,3000–4000 mm,0–10 m,2010s,1,4,5,1
16274,27.014124,88.678693,1073.0,44.4,4082.0,27.4,38.6,33.9,42.3,36.2,17.9,0.179,Tree cover,23.9,West Bengal,Darjeeling,Gorubathan,Debris,2013,1000–1500 m,40–50°,>4000 mm,10–50 m,2010s,3,5,6,2
16276,27.014222,88.719986,1153.0,32.92,3912.0,26.5,39.0,34.4,41.4,34.3,16.8,0.168,Tree cover,1048.0,West Bengal,Darjeeling,Gorubathan,Debris,2012,1000–1500 m,30–40°,3000–4000 mm,>1000 m,2010s,3,4,5,6
16278,27.014442,88.452511,504.0,38.05,4018.0,26.9,36.1,37.0,41.1,35.9,16.8,0.168,Tree cover,997.1,West Bengal,Darjeeling,Kalimpong I,Rock,2006,500–1000 m,30–40°,>4000 mm,500–1000 m,2000s,2,4,6,5
16279,27.014444,88.54025,948.0,38.05,3717.0,24.6,37.7,37.6,41.0,35.8,16.1,0.161,Tree cover,2.9,West Bengal,Darjeeling,Kalimpong I,Debris,2016,500–1000 m,30–40°,3000–4000 mm,0–10 m,2010s,2,4,5,1
16283,27.015278,88.435667,284.0,49.56,3936.0,29.4,36.8,33.9,40.9,35.0,16.2,0.162,Grassland,3.6,West Bengal,Darjeeling,Kalimpong I,Debris,2015,0–500 m,40–50°,3000–4000 mm,0–10 m,2010s,1,5,5,1
16284,27.015467,88.435654,285.0,49.1,3936.0,29.4,36.8,33.9,40.9,35.0,16.2,0.162,Grassland,11.9,West Bengal,Darjeeling,Kalimpong I,Rock,2021,0–500 m,40–50°,3000–4000 mm,10–50 m,2020s,1,5,5,2
16285,27.015502,88.743804,1164.0,47.45,4459.0,29.2,37.7,33.2,42.8,35.6,19.9,0.199,Tree cover,2838.6,West Bengal,Darjeeling,Gorubathan,Debris,2012,1000–1500 m,40–50°,>4000 mm,>1000 m,2010s,3,5,6,6
16286,27.016172,88.435552,268.0,46.57,3936.0,29.4,36.8,33.9,40.9,35.0,16.2,0.162,Built-up,1.2,West Bengal,Darjeeling,Kalimpong I,Rock,2021,0–500 m,40–50°,3000–4000 mm,0–10 m,2020s,1,5,5,1
16287,27.0162,88.4356,268.0,46.57,3936.0,29.4,36.8,33.9,40.9,35.0,16.2,0.162,Tree cover,4.4,West Bengal,Darjeeling,Kalimpong I,Rock,2021,0–500 m,40–50°,3000–4000 mm,0–10 m,2020s,1,5,5,1
16288,27.0163,88.4354,257.0,41.01,3936.0,26.9,37.9,35.2,40.9,35.0,16.2,0.162,Built-up,8.6,West Bengal,Darjeeling,Kalimpong I,Rock,2021,0–500 m,40–50°,3000–4000 mm,0–10 m,2020s,1,5,5,1
16290,27.017,88.4349,231.0,26.38,3905.0,27.9,38.0,34.0,40.9,35.0,16.2,0.162,Bare / sparse vegetation,17.3,West Bengal,Darjeeling,Kalimpong I,Rock,2021,0–500 m,20–30°,3000–4000 mm,10–50 m,2020s,1,3,5,2
16291,27.017018,88.434938,231.0,26.38,3905.0,27.9,38.0,34.0,40.9,35.0,16.2,0.162,Bare / sparse vegetation,20.8,West Bengal,Darjeeling,Kalimpong I,Rock,2021,0–500 m,20–30°,3000–4000 mm,10–50 m,2020s,1,3,5,2
16293,27.017225,88.209019,1885.0,33.97,2869.0,29.7,37.3,33.0,40.5,33.9,16.7,0.167,Tree cover,9.6,West Bengal,Darjeeling,Jorebunglow Sukiapokhri,Rock,2021,1500–2000 m,30–40°,2500–3000 mm,0–10 m,2020s,4,4,4,1
16295,27.017729,88.723599,1468.0,39.37,3599.0,26.5,38.3,35.2,41.4,34.3,16.8,0.168,Tree cover,1490.9,West Bengal,Darjeeling,Gorubathan,Debris,2010,1000–1500 m,30–40°,3000–4000 mm,>1000 m,2010s,3,4,5,6
16300,27.018342,92.6356,233.0,21.68,2397.0,26.4,36.5,37.1,39.4,31.0,15.5,0.155,Grassland,66.7,Arunachal Pradesh,West Kameng,Bhalukpong EAC,Debris,2016,0–500 m,20–30°,2000–2500 mm,50–100 m,2010s,1,3,3,3
16306,27.019595,88.49381,899.0,36.24,3874.0,25.7,37.5,36.8,40.6,34.4,16.2,0.162,Tree cover,851.0,West Bengal,Darjeeling,Kalimpong I,Rock,2012,500–1000 m,30–40°,3000–4000 mm,500–1000 m,2010s,2,4,5,5
16307,27.019629,88.695664,630.0,33.41,4630.0,26.4,37.9,35.7,42.4,36.9,17.1,0.171,Tree cover,302.6,West Bengal,Darjeeling,Gorubathan,Rock,2007,500–1000 m,30–40°,>4000 mm,100–500 m,2000s,2,4,6,4
16308,27.0199,88.2032,1799.0,37.34,2836.0,30.8,37.5,31.7,40.5,33.9,16.7,0.167,Tree cover,5.5,West Bengal,Darjeeling,Jorebunglow Sukiapokhri,Rock,2011,1500–2000 m,30–40°,2500–3000 mm,0–10 m,2010s,4,4,4,1
16310,27.020058,88.497029,866.0,27.57,3874.0,25.9,37.8,36.3,40.6,34.4,16.2,0.162,Tree cover,859.9,West Bengal,Darjeeling,Kalimpong I,Rock,2012,500–1000 m,20–30°,3000–4000 mm,500–1000 m,2010s,2,3,5,5
16312,27.02078,88.616007,1065.0,47.06,3885.0,24.4,40.3,35.3,41.1,34.4,16.9,0.169,Tree cover,592.4,West Bengal,Darjeeling,Lava,Debris,2012,1000–1500 m,40–50°,3000–4000 mm,500–1000 m,2010s,3,5,5,5
16315,27.021097,88.094423,2342.0,32.91,2500.0,31.4,34.8,33.8,41.5,35.8,17.7,0.177,Tree cover,3.7,West Bengal,Darjeeling,Darjeeling Pulbazar,Debris,2021,2000–3000 m,30–40°,2000–2500 mm,0–10 m,2020s,5,4,3,1
16318,27.021194,88.536833,822.0,19.62,3775.0,23.5,38.8,37.7,41.0,35.8,16.1,0.161,Tree cover,5.6,West Bengal,Darjeeling,Kalimpong I,Rock,2014,500–1000 m,10–20°,3000–4000 mm,0–10 m,2010s,2,2,5,1
16319,27.021237,88.271615,1619.0,41.91,2992.0,29.0,38.4,32.6,40.6,34.4,17.5,0.175,Tree cover,476.3,West Bengal,Darjeeling,Darjeeling Pulbazar,Debris,2011,1500–2000 m,40–50°,2500–3000 mm,100–500 m,2010s,4,5,4,4
16321,27.0219,88.6978,722.0,29.6,4630.0,26.7,38.9,34.4,41.9,36.3,17.1,0.171,Tree cover,199.2,West Bengal,Darjeeling,Gorubathan,Rock,2007,500–1000 m,20–30°,>4000 mm,100–500 m,2000s,2,3,6,4
16322,27.022167,88.535528,836.0,39.66,3775.0,26.5,37.7,35.8,41.2,34.5,16.3,0.163,Tree cover,2.2,West Bengal,Darjeeling,Kalimpong I,Rock,2014,500–1000 m,30–40°,3000–4000 mm,0–10 m,2010s,2,4,5,1
16323,27.022831,88.094278,2356.0,42.44,2500.0,28.5,37.2,34.3,41.2,35.6,18.0,0.18,Tree cover,8.9,West Bengal,Darjeeling,Darjeeling Pulbazar,Debris,2021,2000–3000 m,40–50°,2000–2500 mm,0–10 m,2020s,5,5,3,1
16325,27.023167,88.205583,1690.0,40.02,2836.0,25.2,40.0,34.8,39.8,34.5,16.3,0.163,Tree cover,1.2,West Bengal,Darjeeling,Jorebunglow Sukiapokhri,Rock,2016,1500–2000 m,40–50°,2500–3000 mm,0–10 m,2010s,4,5,4,1
16328,27.023536,88.43302,244.0,33.32,3946.0,27.8,36.7,35.5,40.5,34.2,17.9,0.179,Tree cover,21.3,West Bengal,Darjeeling,Kalimpong I,Debris,2011,0–500 m,30–40°,3000–4000 mm,10–50 m,2010s,1,4,5,2
16329,27.023638,88.697117,775.0,33.66,4630.0,26.7,38.7,34.6,41.9,36.3,17.1,0.171,Tree cover,98.1,West Bengal,Darjeeling,Gorubathan,Rock,2007,500–1000 m,30–40°,>4000 mm,50–100 m,2000s,2,4,6,3
16330,27.023666,88.437776,317.0,28.05,3905.0,27.9,35.6,36.5,40.0,34.7,16.3,0.163,Tree cover,340.3,West Bengal,Darjeeling,Kalimpong I,Debris,2011,0–500 m,20–30°,3000–4000 mm,100–500 m,2010s,1,3,5,4
16337,27.024178,88.536793,1019.0,34.67,3775.0,26.6,38.3,35.1,41.2,34.5,16.3,0.163,Tree cover,256.8,West Bengal,Darjeeling,Kalimpong I,Rock,2013,1000–1500 m,30–40°,3000–4000 mm,100–500 m,2010s,3,4,5,4
16339,27.024287,88.26236,2230.0,25.03,2837.0,31.1,36.3,32.6,40.5,33.5,18.5,0.185,Built-up,0.9,West Bengal,Darjeeling,Darjeeling Pulbazar,Rock,2006,2000–3000 m,20–30°,2500–3000 mm,0–10 m,2000s,5,3,4,1
16340,27.024472,88.259611,2327.0,11.16,2837.0,27.6,37.7,34.7,40.5,33.5,18.5,0.185,Built-up,15.9,West Bengal,Darjeeling,Darjeeling Pulbazar,Debris,2009,2000–3000 m,10–20°,2500–3000 mm,10–50 m,2000s,5,2,4,2
16341,27.024489,88.532501,893.0,37.14,4071.0,25.7,38.4,35.9,41.4,35.3,17.1,0.171,Grassland,39.5,West Bengal,Darjeeling,Kalimpong I,Rock,2012,500–1000 m,30–40°,>4000 mm,10–50 m,2010s,2,4,6,2
16343,27.02475,88.531417,894.0,32.45,4071.0,25.7,38.4,35.9,41.4,35.3,17.1,0.171,Tree cover,0.6,West Bengal,Darjeeling,Kalimpong I,Debris,2014,500–1000 m,30–40°,>4000 mm,0–10 m,2010s,2,4,6,1
16345,27.024806,88.531472,894.0,32.45,4071.0,25.7,38.4,35.9,41.4,35.3,17.1,0.171,Tree cover,8.2,West Bengal,Darjeeling,Kalimpong I,Debris,2015,500–1000 m,30–40°,>4000 mm,0–10 m,2010s,2,4,6,1
16344,27.024806,88.432139,232.0,43.85,3946.0,29.1,36.1,34.8,40.5,34.2,17.9,0.179,Tree cover,5.3,West Bengal,Darjeeling,Kalimpong I,Debris,2015,0–500 m,40–50°,3000–4000 mm,0–10 m,2010s,1,5,5,1
16346,27.024889,88.206806,1572.0,30.3,2836.0,25.9,39.3,34.8,39.8,34.5,16.3,0.163,Tree cover,0.7,West Bengal,Darjeeling,Jorebunglow Sukiapokhri,Debris,2015,1500–2000 m,30–40°,2500–3000 mm,0–10 m,2010s,4,4,4,1
16349,27.025053,88.27664,1476.0,44.82,3041.0,27.7,40.2,32.1,40.0,34.1,16.9,0.169,Tree cover,44.9,West Bengal,Darjeeling,Darjeeling Pulbazar,Rock,2007,1000–1500 m,40–50°,3000–4000 mm,10–50 m,2000s,3,5,5,2
16351,27.025358,88.451398,652.0,31.37,3539.0,26.0,36.2,37.8,41.3,34.3,16.9,0.169,Tree cover,1025.9,West Bengal,Darjeeling,Kalimpong I,Debris,2006,500–1000 m,30–40°,3000–4000 mm,>1000 m,2000s,2,4,5,6
16353,27.025525,88.450807,635.0,31.28,3539.0,26.0,36.2,37.8,41.3,34.3,16.9,0.169,Tree cover,1017.8,West Bengal,Darjeeling,Kalimpong I,Debris,2015,500–1000 m,30–40°,3000–4000 mm,>1000 m,2010s,2,4,5,6
16358,27.025589,88.194704,1730.0,35.85,2832.0,27.4,37.3,35.3,39.9,34.2,16.1,0.161,Tree cover,3.3,West Bengal,Darjeeling,Jorebunglow Sukiapokhri,Debris,2021,1500–2000 m,30–40°,2500–3000 mm,0–10 m,2020s,4,4,4,1
16359,27.025833,88.150861,1309.0,35.79,2603.0,26.1,34.9,39.0,40.4,31.2,16.2,0.162,Tree cover,5.7,West Bengal,Darjeeling,Darjeeling Pulbazar,Rock,2015,1000–1500 m,30–40°,2500–3000 mm,0–10 m,2010s,3,4,4,1
16360,27.026,88.253,2020.0,29.28,2856.0,29.0,37.6,33.4,40.8,32.5,18.2,0.182,Tree cover,114.0,West Bengal,Darjeeling,Darjeeling Pulbazar,Debris,2006,2000–3000 m,20–30°,2500–3000 mm,100–500 m,2000s,5,3,4,4
16364,27.0266,88.4305,211.0,32.33,3893.0,28.9,36.7,34.3,40.5,34.2,17.9,0.179,Built-up,6.4,West Bengal,Darjeeling,Kalimpong I,Rock,2021,0–500 m,30–40°,3000–4000 mm,0–10 m,2020s,1,4,5,1
16367,27.0273,88.6993,738.0,8.02,4336.0,27.5,38.3,34.2,41.9,36.3,17.1,0.171,Tree cover,74.0,West Bengal,Darjeeling,Gorubathan,Debris,2007,500–1000 m,0–10°,>4000 mm,50–100 m,2000s,2,1,6,3
16368,27.027303,88.279626,1339.0,46.14,3041.0,27.7,40.3,32.0,40.0,34.1,16.9,0.169,Tree cover,200.2,West Bengal,Darjeeling,Jorebunglow Sukiapokhri,Debris,2013,1000–1500 m,40–50°,3000–4000 mm,100–500 m,2010s,3,5,5,4
16369,27.027417,88.623167,1383.0,33.02,3415.0,28.4,37.0,34.6,41.0,35.1,17.6,0.176,Tree cover,2.8,West Bengal,Darjeeling,Lava,Rock,2016,1000–1500 m,30–40°,3000–4000 mm,0–10 m,2010s,3,4,5,1
16370,27.0276,88.1938,1708.0,41.69,2832.0,28.3,38.8,33.0,39.6,33.7,17.2,0.172,Tree cover,2.7,West Bengal,Darjeeling,Jorebunglow Sukiapokhri,Debris,2011,1500–2000 m,40–50°,2500–3000 mm,0–10 m,2010s,4,5,4,1
16371,27.027607,88.484759,389.0,39.62,4126.0,25.6,38.4,35.9,41.2,35.3,18.2,0.182,Tree cover,279.7,West Bengal,Darjeeling,Kalimpong I,Debris,2011,0–500 m,30–40°,>4000 mm,100–500 m,2010s,1,4,6,4
16372,27.027615,88.69933,743.0,20.39,4336.0,27.5,38.3,34.2,41.9,36.3,17.1,0.171,Tree cover,48.7,West Bengal,Darjeeling,Gorubathan,Rock,2007,500–1000 m,20–30°,>4000 mm,10–50 m,2000s,2,3,6,2
16379,27.028224,88.429214,223.0,36.22,3893.0,28.9,36.7,34.3,40.5,34.2,17.9,0.179,Tree cover,4.5,West Bengal,Darjeeling,Kalimpong I,Rock,2021,0–500 m,30–40°,3000–4000 mm,0–10 m,2020s,1,4,5,1
16384,27.028551,88.100513,2285.0,33.25,2542.0,29.3,36.8,33.9,41.2,35.6,18.0,0.18,Tree cover,2.2,West Bengal,Darjeeling,Darjeeling Pulbazar,Debris,2021,2000–3000 m,30–40°,2500–3000 mm,0–10 m,2020s,5,4,4,1
16385,27.028556,88.616417,1385.0,23.58,3441.0,28.6,36.8,34.7,41.1,33.5,17.1,0.171,Tree cover,4.9,West Bengal,Darjeeling,Lava,Rock,2015,1000–1500 m,20–30°,3000–4000 mm,0–10 m,2010s,3,3,5,1
16388,27.028722,88.202083,1386.0,17.94,2850.0,27.4,36.2,36.4,39.9,34.2,16.1,0.161,Tree cover,2.6,West Bengal,Darjeeling,Jorebunglow Sukiapokhri,Rock,2016,1000–1500 m,10–20°,2500–3000 mm,0–10 m,2010s,3,2,4,1
16389,27.028899,88.10101,2281.0,33.46,2542.0,29.3,36.8,33.9,41.2,35.6,18.0,0.18,Tree cover,5.6,West Bengal,Darjeeling,Darjeeling Pulbazar,Debris,2021,2000–3000 m,30–40°,2500–3000 mm,0–10 m,2020s,5,4,4,1
16391,27.029,88.6966,890.0,24.48,4336.0,26.3,37.5,36.2,41.7,33.3,17.6,0.176,Built-up,5.7,West Bengal,Darjeeling,Gorubathan,Rock,2007,500–1000 m,20–30°,>4000 mm,0–10 m,2000s,2,3,6,1
16392,27.029086,88.427048,252.0,40.61,3893.0,28.2,36.2,35.6,40.5,34.2,17.9,0.179,Tree cover,3.0,West Bengal,Darjeeling,Kalimpong I,Rock,2021,0–500 m,40–50°,3000–4000 mm,0–10 m,2020s,1,5,5,1
16395,27.030097,88.696809,846.0,10.71,4336.0,26.3,37.5,36.2,41.7,33.3,17.6,0.176,Tree cover,109.8,West Bengal,Darjeeling,Gorubathan,Debris,2007,500–1000 m,10–20°,>4000 mm,100–500 m,2000s,2,2,6,4
16396,27.030176,88.428334,273.0,42.01,3893.0,28.2,36.2,35.6,40.5,34.2,17.9,0.179,Tree cover,29.3,West Bengal,Darjeeling,Kalimpong I,Debris,2011,0–500 m,40–50°,3000–4000 mm,10–50 m,2010s,1,5,5,2
16403,27.031639,88.473528,782.0,18.54,3819.0,25.4,38.0,36.6,41.3,35.2,17.3,0.173,Tree cover,0.7,West Bengal,Darjeeling,Kalimpong I,Debris,2015,500–1000 m,10–20°,3000–4000 mm,0–10 m,2010s,2,2,5,1
16405,27.032301,88.26462,2267.0,8.69,2738.0,28.1,36.9,34.9,40.4,32.2,18.7,0.187,Built-up,165.7,West Bengal,Darjeeling,Darjeeling Pulbazar,Debris,2009,2000–3000 m,0–10°,2500–3000 mm,100–500 m,2000s,5,1,4,4
16406,27.032639,88.612889,1386.0,22.44,3441.0,28.6,37.1,34.2,40.8,32.6,17.7,0.177,Tree cover,12.7,West Bengal,Darjeeling,Lava,Debris,2014,1000–1500 m,20–30°,3000–4000 mm,10–50 m,2010s,3,3,5,2
16407,27.032671,88.428645,256.0,36.84,3893.0,26.8,35.6,37.5,41.0,34.3,17.2,0.172,Tree cover,46.3,West Bengal,Darjeeling,Kalimpong I,Debris,2021,0–500 m,30–40°,3000–4000 mm,10–50 m,2020s,1,4,5,2
16411,27.033542,88.855017,744.0,20.71,4924.0,26.9,38.2,34.9,45.0,35.7,17.6,0.176,Tree cover,19.4,West Bengal,Darjeeling,Gorubathan,Rock,1992,500–1000 m,20–30°,>4000 mm,10–50 m,1990s,2,3,6,2
16412,27.033881,88.533103,948.0,19.55,3942.0,26.0,37.9,36.1,41.1,35.0,15.8,0.158,Tree cover,30.0,West Bengal,Darjeeling,Kalimpong I,Rock,2016,500–1000 m,10–20°,3000–4000 mm,10–50 m,2010s,2,2,5,2
16414,27.034,88.533,948.0,19.55,3942.0,26.0,37.9,36.1,41.1,35.0,15.8,0.158,Tree cover,24.9,West Bengal,Darjeeling,Kalimpong I,Rock,2012,500–1000 m,10–20°,3000–4000 mm,10–50 m,2010s,2,2,5,2
16415,27.034083,88.222417,1413.0,28.27,2846.0,27.5,37.9,34.6,39.9,35.0,16.1,0.161,Tree cover,0.2,West Bengal,Darjeeling,Darjeeling Pulbazar,Rock,2016,1000–1500 m,20–30°,2500–3000 mm,0–10 m,2010s,3,3,4,1
16421,27.035,88.23,1396.0,37.93,2822.0,28.3,37.2,34.4,39.6,34.3,16.2,0.162,Tree cover,116.8,West Bengal,Darjeeling,Darjeeling Pulbazar,Debris,2009,1000–1500 m,30–40°,2500–3000 mm,100–500 m,2000s,3,4,4,4
16424,27.035111,88.5205,940.0,37.01,3975.0,26.2,38.2,35.6,40.7,34.5,16.1,0.161,Tree cover,2.5,West Bengal,Darjeeling,Kalimpong I,Rock,2015,500–1000 m,30–40°,3000–4000 mm,0–10 m,2010s,2,4,5,1
16426,27.035525,88.194083,1646.0,29.44,2815.0,25.3,39.4,35.3,39.6,34.1,16.9,0.169,Tree cover,0.7,West Bengal,Darjeeling,Jorebunglow Sukiapokhri,Debris,2021,1500–2000 m,20–30°,2500–3000 mm,0–10 m,2020s,4,3,4,1
16427,27.035889,88.523694,910.0,35.01,3975.0,26.3,38.0,35.7,40.5,35.2,15.6,0.156,Tree cover,3.8,West Bengal,Darjeeling,Kalimpong I,Rock,2015,500–1000 m,30–40°,3000–4000 mm,0–10 m,2010s,2,4,5,1
16428,27.035889,88.523667,910.0,35.01,3975.0,26.3,38.0,35.7,40.5,35.2,15.6,0.156,Tree cover,1.7,West Bengal,Darjeeling,Kalimpong I,Rock,2015,500–1000 m,30–40°,3000–4000 mm,0–10 m,2010s,2,4,5,1
16429,27.035974,88.697759,1033.0,34.55,3945.0,26.9,36.3,36.8,42.4,35.4,18.4,0.184,Tree cover,8.3,West Bengal,Darjeeling,Gorubathan,Rock,2007,1000–1500 m,30–40°,3000–4000 mm,0–10 m,2000s,3,4,5,1
16430,27.035987,88.522248,862.0,41.69,3975.0,26.3,38.0,35.7,40.5,35.2,15.6,0.156,Tree cover,41.3,West Bengal,Darjeeling,Kalimpong I,Rock,2013,500–1000 m,40–50°,3000–4000 mm,10–50 m,2010s,2,5,5,2
16441,27.03687,88.802868,886.0,27.07,4351.0,26.2,35.9,38.0,41.9,35.1,18.7,0.187,Tree cover,2060.1,West Bengal,Darjeeling,Gorubathan,Debris,2014,500–1000 m,20–30°,>4000 mm,>1000 m,2010s,2,3,6,6
16442,27.03697,88.2782,1606.0,23.66,3011.0,31.0,38.6,30.5,40.1,34.0,17.9,0.179,Tree cover,8.2,West Bengal,Darjeeling,Darjeeling Pulbazar,Debris,2007,1500–2000 m,20–30°,3000–4000 mm,0–10 m,2000s,4,3,5,1
16452,27.037917,88.155778,1214.0,21.07,2590.0,25.6,35.7,38.7,39.8,34.0,17.5,0.175,Tree cover,4.6,West Bengal,Darjeeling,Darjeeling Pulbazar,Debris,2016,1000–1500 m,20–30°,2500–3000 mm,0–10 m,2010s,3,3,4,1
16457,27.038619,88.524478,749.0,32.2,3975.0,26.6,38.5,35.0,40.5,35.2,15.6,0.156,Tree cover,84.1,West Bengal,Darjeeling,Kalimpong I,Rock,2013,500–1000 m,30–40°,3000–4000 mm,50–100 m,2010s,2,4,5,3
16458,27.038663,88.80455,1065.0,46.1,4351.0,25.6,36.7,37.7,41.9,35.1,18.7,0.187,Tree cover,1832.4,West Bengal,Darjeeling,Gorubathan,Debris,2010,1000–1500 m,40–50°,>4000 mm,>1000 m,2010s,3,5,6,6
16460,27.038833,88.510417,738.0,19.08,3957.0,27.1,38.0,34.9,40.8,35.1,16.4,0.164,Tree cover,10.5,West Bengal,Darjeeling,Kalimpong I,Rock,2016,500–1000 m,10–20°,3000–4000 mm,10–50 m,2010s,2,2,5,2
16459,27.038833,88.426722,224.0,42.04,3902.0,26.1,35.4,38.5,41.0,34.3,17.2,0.172,Built-up,1.7,West Bengal,Darjeeling,Kalimpong I,Debris,2014,0–500 m,40–50°,3000–4000 mm,0–10 m,2010s,1,5,5,1
16461,27.039,88.196277,1583.0,36.79,2815.0,25.9,39.7,34.4,39.6,34.1,16.9,0.169,Tree cover,10.2,West Bengal,Darjeeling,Jorebunglow Sukiapokhri,Debris,2021,1500–2000 m,30–40°,2500–3000 mm,10–50 m,2020s,4,4,4,2
16464,27.039223,88.196522,1594.0,29.44,2815.0,25.9,39.7,34.4,39.6,34.1,16.9,0.169,Tree cover,3.0,West Bengal,Darjeeling,Jorebunglow Sukiapokhri,Debris,2021,1500–2000 m,20–30°,2500–3000 mm,0–10 m,2020s,4,3,4,1
16465,27.039389,88.153361,1319.0,34.75,2590.0,25.2,37.2,37.7,40.3,33.7,16.4,0.164,Tree cover,1.9,West Bengal,Darjeeling,Darjeeling Pulbazar,Rock,2015,1000–1500 m,30–40°,2500–3000 mm,0–10 m,2010s,3,4,4,1
16466,27.0394,88.1968,1581.0,29.45,2815.0,25.3,40.4,34.3,39.0,34.0,15.4,0.154,Tree cover,8.5,West Bengal,Darjeeling,Jorebunglow Sukiapokhri,Debris,2011,1500–2000 m,20–30°,2500–3000 mm,0–10 m,2010s,4,3,4,1
16468,27.03975,88.150611,1322.0,25.91,2590.0,25.1,36.9,38.0,40.3,33.7,16.4,0.164,Tree cover,1.7,West Bengal,Darjeeling,Darjeeling Pulbazar,Debris,2014,1000–1500 m,20–30°,2500–3000 mm,0–10 m,2010s,3,3,4,1
16472,27.040056,88.148972,1343.0,41.47,2659.0,25.3,37.5,37.2,40.7,33.7,16.3,0.163,Tree cover,15.3,West Bengal,Darjeeling,Darjeeling Pulbazar,Rock,2015,1000–1500 m,40–50°,2500–3000 mm,10–50 m,2010s,3,5,4,2
16475,27.040389,88.156417,1262.0,29.23,2590.0,26.8,37.3,35.9,40.3,33.7,16.4,0.164,Tree cover,6.3,West Bengal,Darjeeling,Darjeeling Pulbazar,Rock,2016,1000–1500 m,20–30°,2500–3000 mm,0–10 m,2010s,3,3,4,1
16478,27.040725,88.529764,730.0,27.15,3942.0,26.0,38.4,35.6,40.7,35.3,15.7,0.157,Tree cover,290.9,West Bengal,Darjeeling,Kalimpong I,Rock,2012,500–1000 m,20–30°,3000–4000 mm,100–500 m,2010s,2,3,5,4
16479,27.040977,88.687254,1230.0,41.61,3791.0,27.3,39.4,33.3,42.2,34.9,17.7,0.177,Tree cover,243.8,West Bengal,Darjeeling,Gorubathan,Rock,2014,1000–1500 m,40–50°,3000–4000 mm,100–500 m,2010s,3,5,5,4
16480,27.041083,88.696528,1118.0,29.35,3945.0,26.5,36.8,36.7,41.9,33.3,19.0,0.19,Tree cover,2.3,West Bengal,Darjeeling,Gorubathan,Rock,2012,1000–1500 m,20–30°,3000–4000 mm,0–10 m,2010s,3,3,5,1
16481,27.0412,88.6931,1156.0,16.11,3945.0,25.3,37.3,37.4,42.2,34.9,17.7,0.177,Tree cover,79.3,West Bengal,Darjeeling,Gorubathan,Debris,2007,1000–1500 m,10–20°,3000–4000 mm,50–100 m,2000s,3,2,5,3
16485,27.041515,88.427008,310.0,47.41,3902.0,27.3,35.4,37.3,40.8,34.1,16.6,0.166,Tree cover,78.5,West Bengal,Darjeeling,Kalimpong I,Rock,2007,0–500 m,40–50°,3000–4000 mm,50–100 m,2000s,1,5,5,3
16491,27.041977,88.875156,401.0,9.99,4852.0,27.2,37.2,35.6,45.6,32.6,18.5,0.185,Tree cover,89.7,West Bengal,Darjeeling,Gorubathan,Debris,1993,0–500 m,0–10°,>4000 mm,50–100 m,1990s,1,1,6,3
16492,27.042,88.527,669.0,41.55,4211.0,26.9,38.4,34.7,40.7,35.3,15.7,0.157,Tree cover,12.5,West Bengal,Darjeeling,Kalimpong I,Debris,2013,500–1000 m,40–50°,>4000 mm,10–50 m,2010s,2,5,6,2
16493,27.042045,88.526935,669.0,41.55,4211.0,26.9,38.4,34.7,40.7,35.3,15.7,0.157,Tree cover,4.7,West Bengal,Darjeeling,Kalimpong I,Debris,2015,500–1000 m,40–50°,>4000 mm,0–10 m,2010s,2,5,6,1
16494,27.042173,88.532785,635.0,25.53,4211.0,27.4,37.4,35.2,40.7,35.3,15.7,0.157,Tree cover,143.0,West Bengal,Darjeeling,Kalimpong I,Rock,2012,500–1000 m,20–30°,>4000 mm,100–500 m,2010s,2,3,6,4
16498,27.042694,88.559361,877.0,28.71,3689.0,25.9,39.6,34.5,41.2,36.0,17.1,0.171,Tree cover,1.6,West Bengal,Darjeeling,Lava,Debris,2015,500–1000 m,20–30°,3000–4000 mm,0–10 m,2010s,2,3,5,1
16499,27.0427,88.6934,1197.0,24.33,3757.0,27.9,38.9,33.2,42.2,34.9,17.7,0.177,Grassland,17.4,West Bengal,Darjeeling,Gorubathan,Debris,2007,1000–1500 m,20–30°,3000–4000 mm,10–50 m,2000s,3,3,5,2
16500,27.0427,88.1985,1523.0,20.91,2777.0,24.7,39.8,35.5,39.0,34.0,15.4,0.154,Tree cover,6.4,West Bengal,Darjeeling,Darjeeling Pulbazar,Debris,2011,1500–2000 m,20–30°,2500–3000 mm,0–10 m,2010s,4,3,4,1
16502,27.043,88.279278,1495.0,23.14,2984.0,29.0,38.9,32.1,40.7,33.5,19.1,0.191,Tree cover,10.4,West Bengal,Darjeeling,Darjeeling Pulbazar,Debris,2009,1000–1500 m,20–30°,2500–3000 mm,10–50 m,2000s,3,3,4,2
16503,27.043006,88.694048,1159.0,24.87,3757.0,25.5,36.5,38.0,42.2,34.9,17.7,0.177,Tree cover,23.2,West Bengal,Darjeeling,Gorubathan,Debris,2007,1000–1500 m,20–30°,3000–4000 mm,10–50 m,2000s,3,3,5,2
16505,27.043125,88.198468,1531.0,18.69,2777.0,24.7,39.8,35.5,39.0,34.0,15.4,0.154,Tree cover,2.7,West Bengal,Darjeeling,Darjeeling Pulbazar,Debris,2021,1500–2000 m,10–20°,2500–3000 mm,0–10 m,2020s,4,2,4,1
16506,27.0433,88.0687,2719.0,23.1,2170.0,29.8,34.3,35.8,40.0,35.4,18.2,0.182,Tree cover,1040.6,West Bengal,Darjeeling,Darjeeling Pulbazar,Debris,2007,2000–3000 m,20–30°,2000–2500 mm,>1000 m,2000s,5,3,3,6
16507,27.043331,88.198632,1526.0,20.38,2777.0,24.7,39.8,35.5,39.0,34.0,15.4,0.154,Tree cover,6.6,West Bengal,Darjeeling,Darjeeling Pulbazar,Debris,2021,1500–2000 m,20–30°,2500–3000 mm,0–10 m,2020s,4,3,4,1
16510,27.043444,88.481444,867.0,19.05,3572.0,26.5,37.6,35.9,41.3,35.7,17.0,0.17,Tree cover,0.6,West Bengal,Darjeeling,Kalimpong I,Rock,2016,500–1000 m,10–20°,3000–4000 mm,0–10 m,2010s,2,2,5,1
16513,27.043519,88.695969,1078.0,26.79,3757.0,25.5,36.5,38.0,42.2,34.9,17.7,0.177,Tree cover,33.8,West Bengal,Darjeeling,Gorubathan,Debris,2013,1000–1500 m,20–30°,3000–4000 mm,10–50 m,2010s,3,3,5,2
16520,27.043884,88.46017,1367.0,20.38,3155.0,27.7,38.3,34.1,40.5,34.4,16.6,0.166,Tree cover,8.4,West Bengal,Darjeeling,Kalimpong I,Debris,2013,1000–1500 m,20–30°,3000–4000 mm,0–10 m,2010s,3,3,5,1
16521,27.043899,88.532227,588.0,17.7,4211.0,26.8,38.3,34.9,40.7,35.3,15.7,0.157,Tree cover,35.7,West Bengal,Darjeeling,Lava,Rock,2013,500–1000 m,10–20°,>4000 mm,10–50 m,2010s,2,2,6,2
16522,27.044056,88.211361,1050.0,28.47,2701.0,23.7,35.3,41.0,40.5,34.3,17.7,0.177,Tree cover,1.3,West Bengal,Darjeeling,Darjeeling Pulbazar,Rock,2016,1000–1500 m,20–30°,2500–3000 mm,0–10 m,2010s,3,3,4,1
16526,27.044972,88.394917,1409.0,33.72,3098.0,28.0,39.3,32.7,40.7,33.6,17.0,0.17,Tree cover,4.9,West Bengal,Darjeeling,Rangli Rangliot,Debris,2015,1000–1500 m,30–40°,3000–4000 mm,0–10 m,2010s,3,4,5,1
16528,27.04517,88.459803,1349.0,29.59,3155.0,27.5,37.6,34.9,40.5,34.4,16.6,0.166,Tree cover,3.7,West Bengal,Darjeeling,Kalimpong I,Rock,2013,1000–1500 m,20–30°,3000–4000 mm,0–10 m,2010s,3,3,5,1
16529,27.0454,88.536375,624.0,31.16,4158.0,27.8,36.8,35.4,41.0,34.9,16.5,0.165,Tree cover,15.4,West Bengal,Darjeeling,Lava,Rock,2013,500–1000 m,30–40°,>4000 mm,10–50 m,2010s,2,4,6,2
16531,27.045417,88.536945,661.0,28.96,4158.0,27.8,36.8,35.4,41.0,34.9,16.5,0.165,Tree cover,30.6,West Bengal,Darjeeling,Lava,Rock,2013,500–1000 m,20–30°,>4000 mm,10–50 m,2010s,2,3,6,2
16532,27.045451,88.459656,1356.0,25.84,3155.0,27.5,37.6,34.9,40.5,34.4,16.6,0.166,Tree cover,0.3,West Bengal,Darjeeling,Kalimpong I,Debris,2013,1000–1500 m,20–30°,3000–4000 mm,0–10 m,2010s,3,3,5,1
16534,27.045535,88.427239,302.0,39.19,3920.0,27.5,35.1,37.4,40.8,34.1,16.6,0.166,Tree cover,57.7,West Bengal,Darjeeling,Kalimpong I,Rock,2013,0–500 m,30–40°,3000–4000 mm,50–100 m,2010s,1,4,5,3
16535,27.045854,88.68263,1554.0,27.48,3398.0,27.9,38.6,33.5,41.7,34.6,17.3,0.173,Tree cover,7.0,West Bengal,Darjeeling,Gorubathan,Debris,2007,1500–2000 m,20–30°,3000–4000 mm,0–10 m,2000s,4,3,5,1
16537,27.046127,88.686365,1472.0,28.12,3462.0,26.6,41.0,32.4,41.7,34.6,17.3,0.173,Grassland,23.1,West Bengal,Darjeeling,Gorubathan,Debris,2007,1000–1500 m,20–30°,3000–4000 mm,10–50 m,2000s,3,3,5,2
16538,27.046153,88.198007,1484.0,22.92,2777.0,24.6,38.3,37.1,39.0,34.0,15.4,0.154,Tree cover,2.6,West Bengal,Darjeeling,Darjeeling Pulbazar,Debris,2021,1000–1500 m,20–30°,2500–3000 mm,0–10 m,2020s,3,3,4,1
16544,27.046972,88.212972,1072.0,23.44,2701.0,23.6,35.8,40.6,40.5,34.3,17.7,0.177,Tree cover,2.0,West Bengal,Darjeeling,Darjeeling Pulbazar,Rock,2016,1000–1500 m,20–30°,2500–3000 mm,0–10 m,2010s,3,3,4,1
16547,27.047028,88.68,1609.0,24.81,3398.0,27.6,37.9,34.5,41.7,34.6,17.3,0.173,Tree cover,7.4,West Bengal,Darjeeling,Gorubathan,Rock,2012,1500–2000 m,20–30°,3000–4000 mm,0–10 m,2010s,4,3,5,1
16548,27.047194,88.530583,639.0,10.23,4211.0,27.2,37.9,34.9,40.7,35.3,15.7,0.157,Tree cover,1.6,West Bengal,Darjeeling,Lava,Debris,2016,500–1000 m,10–20°,>4000 mm,0–10 m,2010s,2,2,6,1
16550,27.047505,88.451315,1134.0,10.45,3083.0,26.2,37.6,36.2,40.7,31.7,16.2,0.162,Tree cover,15.6,West Bengal,Darjeeling,Kalimpong I,Rock,2013,1000–1500 m,10–20°,3000–4000 mm,10–50 m,2010s,3,2,5,2
16551,27.047591,88.450923,1116.0,19.39,3083.0,26.2,37.6,36.2,40.7,31.7,16.2,0.162,Tree cover,20.9,West Bengal,Darjeeling,Kalimpong I,Rock,2013,1000–1500 m,10–20°,3000–4000 mm,10–50 m,2010s,3,2,5,2
16552,27.047727,88.449906,1094.0,25.48,3343.0,26.2,37.6,36.2,40.7,31.7,16.2,0.162,Tree cover,55.0,West Bengal,Darjeeling,Kalimpong I,Rock,2013,1000–1500 m,20–30°,3000–4000 mm,50–100 m,2010s,3,3,5,3
16554,27.047778,88.20625,1124.0,28.39,2717.0,27.1,36.5,36.4,40.5,34.3,17.7,0.177,Tree cover,1.4,West Bengal,Darjeeling,Darjeeling Pulbazar,Rock,2016,1000–1500 m,20–30°,2500–3000 mm,0–10 m,2010s,3,3,4,1
16556,27.047886,88.459909,1343.0,18.74,3155.0,28.5,37.0,34.6,40.5,34.4,16.6,0.166,Tree cover,0.0,West Bengal,Darjeeling,Kalimpong I,Debris,2013,1000–1500 m,10–20°,3000–4000 mm,0–10 m,2010s,3,2,5,1
16557,27.048234,88.281488,1601.0,24.49,2984.0,29.0,38.5,32.5,40.7,33.5,19.1,0.191,Tree cover,46.9,West Bengal,Darjeeling,Darjeeling Pulbazar,Debris,2021,1500–2000 m,20–30°,2500–3000 mm,10–50 m,2020s,4,3,4,2
16559,27.048297,88.28048,1617.0,30.5,2984.0,30.9,37.3,31.9,40.7,34.9,19.1,0.191,Tree cover,4.1,West Bengal,Darjeeling,Darjeeling Pulbazar,Debris,2021,1500–2000 m,30–40°,2500–3000 mm,0–10 m,2020s,4,4,4,1
16560,27.048467,88.202992,1290.0,29.6,2717.0,27.8,35.6,36.5,39.4,33.8,15.2,0.152,Tree cover,6.2,West Bengal,Darjeeling,Darjeeling Pulbazar,Debris,2021,1000–1500 m,20–30°,2500–3000 mm,0–10 m,2020s,3,3,4,1
16561,27.048546,88.688213,1380.0,28.18,3462.0,27.3,39.1,33.5,41.4,34.5,18.3,0.183,Built-up,0.2,West Bengal,Darjeeling,Gorubathan,Debris,2007,1000–1500 m,20–30°,3000–4000 mm,0–10 m,2000s,3,3,5,1
16562,27.048594,88.278659,1697.0,23.9,2984.0,30.9,37.3,31.9,40.7,34.9,19.1,0.191,Grassland,2.9,West Bengal,Darjeeling,Darjeeling Pulbazar,Debris,2021,1500–2000 m,20–30°,2500–3000 mm,0–10 m,2020s,4,3,4,1
16565,27.048796,88.203469,1286.0,36.7,2717.0,27.8,35.6,36.5,39.4,33.8,15.2,0.152,Tree cover,5.3,West Bengal,Darjeeling,Darjeeling Pulbazar,Debris,2021,1000–1500 m,30–40°,2500–3000 mm,0–10 m,2020s,3,4,4,1
16566,27.049,88.44,778.0,11.24,3761.0,26.8,37.9,35.3,41.9,35.2,16.6,0.166,Tree cover,212.9,West Bengal,Darjeeling,Kalimpong I,Debris,2013,500–1000 m,10–20°,3000–4000 mm,100–500 m,2010s,2,2,5,4
16570,27.049385,88.279968,1692.0,30.82,2984.0,30.9,37.3,31.9,40.7,34.9,19.1,0.191,Tree cover,30.2,West Bengal,Darjeeling,Darjeeling Pulbazar,Debris,2021,1500–2000 m,30–40°,2500–3000 mm,10–50 m,2020s,4,4,4,2
16571,27.049455,88.203516,1296.0,30.47,2717.0,27.8,35.6,36.5,39.4,33.8,15.2,0.152,Tree cover,10.0,West Bengal,Darjeeling,Darjeeling Pulbazar,Debris,2021,1000–1500 m,30–40°,2500–3000 mm,0–10 m,2020s,3,4,4,1
16572,27.049484,88.458125,1290.0,12.47,3083.0,29.2,37.9,32.8,40.4,33.4,16.5,0.165,Tree cover,12.5,West Bengal,Darjeeling,Kalimpong I,Debris,2013,1000–1500 m,10–20°,3000–4000 mm,10–50 m,2010s,3,2,5,2
16574,27.049528,88.218833,1090.0,30.55,2725.0,25.0,35.7,39.4,40.3,35.4,16.2,0.162,Tree cover,3.2,West Bengal,Darjeeling,Darjeeling Pulbazar,Rock,2014,1000–1500 m,30–40°,2500–3000 mm,0–10 m,2010s,3,4,4,1
16575,27.04956,88.27853,1721.0,20.24,2984.0,30.6,39.0,30.4,40.7,34.9,19.1,0.191,Tree cover,42.8,West Bengal,Darjeeling,Darjeeling Pulbazar,Debris,2007,1500–2000 m,20–30°,2500–3000 mm,10–50 m,2000s,4,3,4,2
16576,27.049701,88.46359,1315.0,15.7,3155.0,28.3,38.8,32.9,40.4,33.4,16.5,0.165,Tree cover,156.0,West Bengal,Darjeeling,Kalimpong I,Debris,2007,1000–1500 m,10–20°,3000–4000 mm,100–500 m,2000s,3,2,5,4
16579,27.049808,88.460576,1331.0,10.25,3155.0,28.2,38.0,33.9,40.4,33.4,16.5,0.165,Tree cover,43.7,West Bengal,Darjeeling,Kalimpong I,Debris,2014,1000–1500 m,10–20°,3000–4000 mm,10–50 m,2010s,3,2,5,2
16584,27.05,88.268,2064.0,33.09,2864.0,27.3,37.7,34.9,40.2,32.6,18.5,0.185,Built-up,10.7,West Bengal,Darjeeling,Darjeeling Pulbazar,Debris,2009,2000–3000 m,30–40°,2500–3000 mm,10–50 m,2000s,5,4,4,2
16586,27.050238,88.198524,1411.0,11.35,2656.0,26.8,36.7,36.5,39.4,33.8,15.2,0.152,Tree cover,7.8,West Bengal,Darjeeling,Darjeeling Pulbazar,Debris,2021,1000–1500 m,10–20°,2500–3000 mm,0–10 m,2020s,3,2,4,1
16588,27.050417,88.600556,1373.0,38.18,3319.0,28.3,38.7,33.0,41.2,34.1,17.5,0.175,Tree cover,2.3,West Bengal,Darjeeling,Lava,Debris,2014,1000–1500 m,30–40°,3000–4000 mm,0–10 m,2010s,3,4,5,1
16594,27.050734,88.203863,1309.0,27.81,2681.0,28.1,35.9,36.0,39.4,33.8,15.2,0.152,Tree cover,2.5,West Bengal,Darjeeling,Darjeeling Pulbazar,Debris,2021,1000–1500 m,20–30°,2500–3000 mm,0–10 m,2020s,3,3,4,1
16596,27.050889,88.454083,1135.0,21.69,3143.0,25.4,37.3,37.3,40.7,35.5,16.0,0.16,Tree cover,12.4,West Bengal,Darjeeling,Kalimpong I,Debris,2010,1000–1500 m,20–30°,3000–4000 mm,10–50 m,2010s,3,3,5,2
16599,27.051148,88.453479,1122.0,18.08,3143.0,26.2,37.0,36.8,40.7,35.5,16.0,0.16,Tree cover,28.0,West Bengal,Darjeeling,Kalimpong I,Rock,2013,1000–1500 m,10–20°,3000–4000 mm,10–50 m,2010s,3,2,5,2
16600,27.05125,88.172056,1058.0,24.3,2590.0,26.1,35.7,38.2,40.0,33.2,14.8,0.148,Tree cover,4.2,West Bengal,Darjeeling,Darjeeling Pulbazar,Debris,2016,1000–1500 m,20–30°,2500–3000 mm,0–10 m,2010s,3,3,4,1
16601,27.051306,88.194528,1221.0,14.53,2656.0,25.2,35.2,39.6,39.8,36.5,16.0,0.16,Tree cover,6.2,West Bengal,Darjeeling,Darjeeling Pulbazar,Debris,2016,1000–1500 m,10–20°,2500–3000 mm,0–10 m,2010s,3,2,4,1
16602,27.051355,88.581248,1469.0,33.85,3295.0,29.4,37.9,32.7,41.2,34.5,18.3,0.183,Tree cover,49.4,West Bengal,Darjeeling,Lava,Rock,2013,1000–1500 m,30–40°,3000–4000 mm,10–50 m,2010s,3,4,5,2
16604,27.051718,88.202764,1331.0,32.56,2681.0,25.6,35.9,38.6,39.4,33.8,15.2,0.152,Tree cover,4.2,West Bengal,Darjeeling,Darjeeling Pulbazar,Debris,2021,1000–1500 m,30–40°,2500–3000 mm,0–10 m,2020s,3,4,4,1
16605,27.051722,88.202694,1331.0,32.56,2681.0,25.6,35.9,38.6,39.4,33.8,15.2,0.152,Tree cover,6.3,West Bengal,Darjeeling,Darjeeling Pulbazar,Rock,2015,1000–1500 m,30–40°,2500–3000 mm,0–10 m,2010s,3,4,4,1
16606,27.051806,88.450722,1033.0,18.26,3143.0,26.2,36.4,37.4,40.7,35.5,16.0,0.16,Tree cover,257.3,West Bengal,Darjeeling,Kalimpong I,Rock,2010,1000–1500 m,10–20°,3000–4000 mm,100–500 m,2010s,3,2,5,4
16607,27.05225,88.531694,681.0,31.62,4182.0,28.7,36.0,35.2,41.2,35.0,15.7,0.157,Tree cover,5.4,West Bengal,Darjeeling,Lava,Debris,2010,500–1000 m,30–40°,>4000 mm,0–10 m,2010s,2,4,6,1
16611,27.052591,88.455332,1156.0,20.75,3143.0,25.4,37.3,37.3,40.7,35.5,16.0,0.16,Tree cover,26.1,West Bengal,Darjeeling,Kalimpong I,Debris,2013,1000–1500 m,20–30°,3000–4000 mm,10–50 m,2010s,3,3,5,2
16612,27.05265,88.45859,1277.0,18.61,3123.0,28.3,38.4,33.3,40.7,35.5,16.0,0.16,Tree cover,46.6,West Bengal,Darjeeling,Kalimpong I,Debris,2007,1000–1500 m,10–20°,3000–4000 mm,10–50 m,2000s,3,2,5,2
16613,27.052709,88.574587,1410.0,39.81,3294.0,28.0,39.4,32.6,40.3,33.4,17.0,0.17,Tree cover,179.1,West Bengal,Darjeeling,Lava,Rock,2012,1000–1500 m,30–40°,3000–4000 mm,100–500 m,2010s,3,4,5,4
16619,27.053173,88.433795,488.0,20.02,3873.0,26.5,36.1,37.4,40.7,35.1,15.6,0.156,Tree cover,296.1,West Bengal,Darjeeling,Kalimpong I,Rock,2013,0–500 m,20–30°,3000–4000 mm,100–500 m,2010s,1,3,5,4
16620,27.053222,88.267528,1933.0,34.05,2882.0,28.8,37.6,33.6,40.6,34.1,19.3,0.193,Tree cover,14.2,West Bengal,Darjeeling,Darjeeling Pulbazar,Debris,2009,1500–2000 m,30–40°,2500–3000 mm,10–50 m,2000s,4,4,4,2
16621,27.053466,88.204204,1238.0,39.95,2681.0,26.1,36.0,37.9,39.4,33.8,15.2,0.152,Tree cover,11.3,West Bengal,Darjeeling,Darjeeling Pulbazar,Debris,2021,1000–1500 m,30–40°,2500–3000 mm,10–50 m,2020s,3,4,4,2
16623,27.054033,88.424748,305.0,28.89,3920.0,26.8,36.3,36.9,41.2,34.1,17.4,0.174,Tree cover,87.8,West Bengal,Darjeeling,Kalimpong I,Rock,2002,0–500 m,20–30°,3000–4000 mm,50–100 m,2000s,1,3,5,3
16624,27.054082,88.575352,1500.0,23.92,3295.0,29.1,38.7,32.2,40.3,33.4,17.0,0.17,Tree cover,29.1,West Bengal,Darjeeling,Lava,Rock,2012,1000–1500 m,20–30°,3000–4000 mm,10–50 m,2010s,3,3,5,2
16625,27.054175,88.279757,1736.0,15.6,2918.0,30.0,38.1,31.9,40.7,34.9,19.1,0.191,Tree cover,19.4,West Bengal,Darjeeling,Darjeeling Pulbazar,Rock,2016,1500–2000 m,10–20°,2500–3000 mm,10–50 m,2010s,4,2,4,2
16626,27.054222,88.279694,1736.0,15.6,2918.0,30.0,38.1,31.9,40.7,34.9,19.1,0.191,Tree cover,12.3,West Bengal,Darjeeling,Darjeeling Pulbazar,Rock,2009,1500–2000 m,10–20°,2500–3000 mm,10–50 m,2000s,4,2,4,2
16627,27.054289,88.434172,474.0,22.47,3873.0,26.5,36.1,37.4,40.7,35.1,15.6,0.156,Tree cover,180.9,West Bengal,Darjeeling,Kalimpong I,Rock,2013,0–500 m,20–30°,3000–4000 mm,100–500 m,2010s,1,3,5,4
16630,27.054333,88.586278,1509.0,28.07,3309.0,28.9,36.9,34.2,41.2,34.5,18.3,0.183,Tree cover,1.9,West Bengal,Darjeeling,Lava,Debris,2014,1500–2000 m,20–30°,3000–4000 mm,0–10 m,2010s,4,3,5,1
16631,27.05434,88.28044,1706.0,12.98,2918.0,30.0,38.1,31.9,40.7,34.9,19.1,0.191,Built-up,28.8,West Bengal,Darjeeling,Darjeeling Pulbazar,Debris,2007,1500–2000 m,10–20°,2500–3000 mm,10–50 m,2000s,4,2,4,2
16632,27.0546,88.2046,1207.0,29.59,2681.0,26.1,36.0,37.9,39.4,33.8,15.2,0.152,Tree cover,25.0,West Bengal,Darjeeling,Darjeeling Pulbazar,Debris,2021,1000–1500 m,20–30°,2500–3000 mm,10–50 m,2020s,3,3,4,2
16633,27.054972,88.571167,1367.0,35.94,3294.0,29.2,38.3,32.5,40.8,33.0,17.5,0.175,Tree cover,7.6,West Bengal,Darjeeling,Lava,Rock,2015,1000–1500 m,30–40°,3000–4000 mm,0–10 m,2010s,3,4,5,1
16636,27.055056,88.473972,1035.0,11.88,3191.0,26.2,38.0,35.8,40.5,35.1,17.5,0.175,Tree cover,1.0,West Bengal,Darjeeling,Kalimpong I,Debris,2015,1000–1500 m,10–20°,3000–4000 mm,0–10 m,2010s,3,2,5,1
16637,27.055069,88.435513,570.0,27.24,3873.0,28.6,35.5,35.9,40.7,35.1,15.6,0.156,Tree cover,24.9,West Bengal,Darjeeling,Kalimpong I,Rock,2013,500–1000 m,20–30°,3000–4000 mm,10–50 m,2010s,2,3,5,2
16642,27.056,88.583333,1649.0,29.19,3295.0,28.7,36.8,34.5,41.2,34.5,18.3,0.183,Tree cover,3.5,West Bengal,Darjeeling,Lava,Rock,2014,1500–2000 m,20–30°,3000–4000 mm,0–10 m,2010s,4,3,5,1
16643,27.056028,88.480694,866.0,15.82,3611.0,26.7,38.3,35.0,40.5,35.1,17.5,0.175,Tree cover,317.9,West Bengal,Darjeeling,Kalimpong I,Debris,2004,500–1000 m,10–20°,3000–4000 mm,100–500 m,2000s,2,2,5,4
16644,27.056153,88.573056,1492.0,37.72,3294.0,28.7,38.1,33.2,40.3,33.4,17.0,0.17,Tree cover,19.1,West Bengal,Darjeeling,Lava,Rock,2013,1000–1500 m,30–40°,3000–4000 mm,10–50 m,2010s,3,4,5,2
16645,27.056203,88.260697,1945.0,40.01,2839.0,30.3,36.3,33.4,40.6,34.1,19.3,0.193,Built-up,5.9,West Bengal,Darjeeling,Darjeeling Pulbazar,Debris,2021,1500–2000 m,40–50°,2500–3000 mm,0–10 m,2020s,4,5,4,1
16647,27.056278,88.204799,1221.0,35.47,2681.0,26.0,35.6,38.4,39.4,33.8,15.2,0.152,Tree cover,9.8,West Bengal,Darjeeling,Darjeeling Pulbazar,Debris,2021,1000–1500 m,30–40°,2500–3000 mm,0–10 m,2020s,3,4,4,1
16649,27.056377,88.584199,1616.0,32.3,3309.0,28.7,36.8,34.5,41.2,34.5,18.3,0.183,Tree cover,45.7,West Bengal,Darjeeling,Lava,Rock,2013,1500–2000 m,30–40°,3000–4000 mm,10–50 m,2010s,4,4,5,2
16651,27.056565,88.409324,878.0,29.07,3712.0,24.5,35.5,40.0,41.5,35.8,16.7,0.167,Grassland,10.1,West Bengal,Darjeeling,Rangli Rangliot,Rock,2015,500–1000 m,20–30°,3000–4000 mm,10–50 m,2010s,2,3,5,2
16652,27.056639,88.40925,880.0,35.03,3712.0,24.5,35.5,40.0,41.5,35.8,16.7,0.167,Grassland,0.4,West Bengal,Darjeeling,Rangli Rangliot,Rock,2016,500–1000 m,30–40°,3000–4000 mm,0–10 m,2010s,2,4,5,1
16656,27.057,88.521,835.0,11.44,3929.0,27.3,37.0,35.7,41.0,36.2,16.4,0.164,Grassland,261.6,West Bengal,Darjeeling,Kalimpong I,Rock,2012,500–1000 m,10–20°,3000–4000 mm,100–500 m,2010s,2,2,5,4
16657,27.057136,88.521333,825.0,18.78,3929.0,27.3,37.0,35.7,41.0,36.2,16.4,0.164,Grassland,240.7,West Bengal,Darjeeling,Kalimpong I,Rock,2016,500–1000 m,10–20°,3000–4000 mm,100–500 m,2010s,2,2,5,4
16662,27.058,88.498361,513.0,33.98,4131.0,28.6,36.9,34.5,40.6,35.2,16.7,0.167,Tree cover,597.1,West Bengal,Darjeeling,Kalimpong I,Debris,2015,500–1000 m,30–40°,>4000 mm,500–1000 m,2010s,2,4,6,5
16664,27.058363,88.091683,2194.0,29.91,2548.0,32.9,34.0,33.1,40.9,34.2,17.3,0.173,Tree cover,175.9,West Bengal,Darjeeling,Darjeeling Pulbazar,Debris,1991,2000–3000 m,20–30°,2500–3000 mm,100–500 m,1990s,5,3,4,4
16665,27.058472,88.571722,1470.0,22.8,3269.0,27.8,38.2,34.0,41.0,35.0,17.4,0.174,Tree cover,1.4,West Bengal,Darjeeling,Lava,Debris,2015,1000–1500 m,20–30°,3000–4000 mm,0–10 m,2010s,3,3,5,1
16666,27.058611,88.252457,2064.0,8.64,2826.0,28.4,35.7,36.0,40.7,34.4,18.7,0.187,Tree cover,86.7,West Bengal,Darjeeling,Darjeeling Pulbazar,Debris,2009,2000–3000 m,0–10°,2500–3000 mm,50–100 m,2000s,5,1,4,3
16667,27.058861,88.570583,1414.0,23.25,3269.0,29.1,37.8,33.1,41.0,35.0,17.4,0.174,Tree cover,5.1,West Bengal,Darjeeling,Lava,Rock,2015,1000–1500 m,20–30°,3000–4000 mm,0–10 m,2010s,3,3,5,1
16668,27.058908,88.870359,681.0,20.25,4945.0,27.8,38.2,34.1,45.6,33.4,18.6,0.186,Tree cover,50.1,West Bengal,Darjeeling,Gorubathan,Debris,1993,500–1000 m,20–30°,>4000 mm,50–100 m,1990s,2,3,6,3
16672,27.05913,88.45943,1261.0,17.32,3084.0,27.9,37.7,34.4,41.5,35.5,16.7,0.167,Tree cover,2.6,West Bengal,Darjeeling,Kalimpong I,Debris,2007,1000–1500 m,10–20°,3000–4000 mm,0–10 m,2000s,3,2,5,1
16673,27.059243,88.589275,1647.0,20.23,3252.0,26.7,37.1,36.2,40.8,34.2,19.0,0.19,Tree cover,44.6,West Bengal,Darjeeling,Lava,Rock,2013,1500–2000 m,20–30°,3000–4000 mm,10–50 m,2010s,4,3,5,2
16674,27.059583,88.358111,1725.0,27.6,3053.0,28.7,32.5,38.8,40.9,33.6,17.3,0.173,Tree cover,2.0,West Bengal,Darjeeling,Rangli Rangliot,Debris,2015,1500–2000 m,20–30°,3000–4000 mm,0–10 m,2010s,4,3,5,1
16675,27.059972,88.568836,1410.0,29.25,3269.0,29.4,38.1,32.4,41.0,35.0,17.4,0.174,Tree cover,26.3,West Bengal,Darjeeling,Lava,Rock,2012,1000–1500 m,20–30°,3000–4000 mm,10–50 m,2010s,3,3,5,2
16678,27.060093,88.674062,1820.0,30.48,3167.0,29.1,37.2,33.7,40.8,34.2,19.1,0.191,Tree cover,139.1,West Bengal,Darjeeling,Gorubathan,Debris,2007,1500–2000 m,30–40°,3000–4000 mm,100–500 m,2000s,4,4,5,4
16679,27.060348,88.093291,2211.0,26.94,2548.0,31.2,35.0,33.8,40.9,34.2,17.3,0.173,Tree cover,5.5,West Bengal,Darjeeling,Darjeeling Pulbazar,Debris,2021,2000–3000 m,20–30°,2500–3000 mm,0–10 m,2020s,5,3,4,1
16687,27.061242,88.253403,2010.0,36.75,2826.0,27.5,36.6,35.9,40.7,34.4,18.7,0.187,Tree cover,2.1,West Bengal,Darjeeling,Darjeeling Pulbazar,Debris,2021,2000–3000 m,30–40°,2500–3000 mm,0–10 m,2020s,5,4,4,1
16688,27.06127,88.2515,1948.0,30.44,2826.0,28.5,35.9,35.6,39.8,33.5,18.4,0.184,Built-up,61.7,West Bengal,Darjeeling,Darjeeling Pulbazar,Debris,2009,1500–2000 m,30–40°,2500–3000 mm,50–100 m,2000s,4,4,4,3
16689,27.061278,88.149056,1654.0,33.63,2641.0,25.7,39.7,34.6,40.8,33.9,16.5,0.165,Tree cover,3.2,West Bengal,Darjeeling,Darjeeling Pulbazar,Debris,2016,1500–2000 m,30–40°,2500–3000 mm,0–10 m,2010s,4,4,4,1
16693,27.061686,88.248164,1847.0,17.2,2843.0,29.4,35.8,34.8,39.8,33.5,18.4,0.184,Built-up,0.4,West Bengal,Darjeeling,Darjeeling Pulbazar,Debris,2021,1500–2000 m,10–20°,2500–3000 mm,0–10 m,2020s,4,2,4,1
16694,27.061813,88.312828,679.0,27.87,3336.0,25.0,37.7,37.2,41.2,35.6,19.0,0.19,Tree cover,251.8,West Bengal,Darjeeling,Rangli Rangliot,Debris,2014,500–1000 m,20–30°,3000–4000 mm,100–500 m,2010s,2,3,5,4
16699,27.062056,88.648611,1628.0,29.46,3312.0,28.5,39.2,32.3,41.4,33.8,17.9,0.179,Tree cover,440.2,West Bengal,Darjeeling,Gorubathan,Debris,2015,1500–2000 m,20–30°,3000–4000 mm,100–500 m,2010s,4,3,5,4
16701,27.062361,88.257667,1801.0,31.09,2826.0,29.0,35.1,35.9,40.7,34.4,18.7,0.187,Tree cover,112.0,West Bengal,Darjeeling,Darjeeling Pulbazar,Debris,2009,1500–2000 m,30–40°,2500–3000 mm,100–500 m,2000s,4,4,4,4
16702,27.062377,88.257696,1786.0,25.83,2826.0,29.0,35.1,35.9,40.7,34.4,18.7,0.187,Tree cover,109.7,West Bengal,Darjeeling,Darjeeling Pulbazar,Debris,2014,1500–2000 m,20–30°,2500–3000 mm,100–500 m,2010s,4,3,4,4
16703,27.062618,88.245872,1782.0,48.17,2843.0,29.0,35.9,35.0,39.8,33.5,18.4,0.184,Tree cover,93.5,West Bengal,Darjeeling,Darjeeling Pulbazar,Rock,2021,1500–2000 m,40–50°,2500–3000 mm,50–100 m,2020s,4,5,4,3
16704,27.062724,88.298918,977.0,30.59,2883.0,25.4,34.9,39.7,39.3,34.5,16.4,0.164,Tree cover,364.5,West Bengal,Darjeeling,Darjeeling Pulbazar,Debris,2014,500–1000 m,30–40°,2500–3000 mm,100–500 m,2010s,2,4,4,4
16706,27.062786,88.565429,1497.0,25.84,3261.0,29.4,38.2,32.4,41.1,35.0,17.9,0.179,Tree cover,104.2,West Bengal,Darjeeling,Lava,Rock,2013,1000–1500 m,20–30°,3000–4000 mm,100–500 m,2010s,3,3,5,4
16707,27.062861,88.254667,1899.0,34.77,2826.0,28.8,36.0,35.2,40.7,34.4,18.7,0.187,Tree cover,54.1,West Bengal,Darjeeling,Darjeeling Pulbazar,Debris,2009,1500–2000 m,30–40°,2500–3000 mm,50–100 m,2000s,4,4,4,3
16708,27.063,88.555278,1288.0,28.33,3232.0,27.5,38.5,34.0,40.8,34.2,17.8,0.178,Tree cover,4.5,West Bengal,Darjeeling,Lava,Debris,2016,1000–1500 m,20–30°,3000–4000 mm,0–10 m,2010s,3,3,5,1
16709,27.063041,88.090605,2087.0,29.75,2552.0,32.9,34.1,33.0,40.7,33.8,18.2,0.182,Tree cover,10.6,West Bengal,Darjeeling,Darjeeling Pulbazar,Debris,2021,2000–3000 m,20–30°,2500–3000 mm,10–50 m,2020s,5,3,4,2
16710,27.063181,88.256254,1864.0,26.07,2826.0,29.0,35.1,35.9,40.7,34.4,18.7,0.187,Tree cover,8.9,West Bengal,Darjeeling,Darjeeling Pulbazar,Rock,2015,1500–2000 m,20–30°,2500–3000 mm,0–10 m,2010s,4,3,4,1
16711,27.063222,88.256222,1854.0,25.47,2826.0,29.0,35.1,35.9,40.7,34.4,18.7,0.187,Tree cover,5.5,West Bengal,Darjeeling,Darjeeling Pulbazar,Rock,2009,1500–2000 m,20–30°,2500–3000 mm,0–10 m,2000s,4,3,4,1
16713,27.063325,88.21043,1002.0,27.05,2804.0,25.6,35.4,39.0,40.0,35.8,15.9,0.159,Grassland,2.8,West Bengal,Darjeeling,Darjeeling Pulbazar,Debris,2021,1000–1500 m,20–30°,2500–3000 mm,0–10 m,2020s,3,3,4,1
16714,27.063352,88.25532,1856.0,27.63,2826.0,28.8,36.0,35.2,40.7,34.4,18.7,0.187,Tree cover,13.5,West Bengal,Darjeeling,Darjeeling Pulbazar,Rock,2014,1500–2000 m,20–30°,2500–3000 mm,10–50 m,2010s,4,3,4,2
16715,27.0634,88.245093,1647.0,41.39,2843.0,28.9,36.4,34.7,39.8,33.5,18.4,0.184,Tree cover,192.7,West Bengal,Darjeeling,Darjeeling Pulbazar,Debris,2014,1500–2000 m,40–50°,2500–3000 mm,100–500 m,2010s,4,5,4,4
16717,27.063944,88.255639,1824.0,18.52,2826.0,28.8,36.0,35.2,40.7,34.4,18.7,0.187,Tree cover,11.8,West Bengal,Darjeeling,Darjeeling Pulbazar,Debris,2009,1500–2000 m,10–20°,2500–3000 mm,10–50 m,2000s,4,2,4,2
16719,27.064,88.554,1237.0,40.97,3232.0,27.5,37.7,34.8,40.8,34.2,17.8,0.178,Tree cover,24.9,West Bengal,Darjeeling,Lava,Rock,2013,1000–1500 m,40–50°,3000–4000 mm,10–50 m,2010s,3,5,5,2
16718,27.064,88.564,1455.0,34.66,3261.0,29.8,37.2,33.0,41.1,35.0,17.9,0.179,Tree cover,40.1,West Bengal,Darjeeling,Lava,Rock,2012,1000–1500 m,30–40°,3000–4000 mm,10–50 m,2010s,3,4,5,2
16720,27.064007,88.254863,1845.0,29.61,2826.0,28.5,34.5,37.0,40.7,34.4,18.7,0.187,Tree cover,24.6,West Bengal,Darjeeling,Darjeeling Pulbazar,Rock,2014,1500–2000 m,20–30°,2500–3000 mm,10–50 m,2010s,4,3,4,2
16721,27.064034,88.25481,1857.0,31.46,2826.0,28.5,34.5,37.0,40.7,34.4,18.7,0.187,Tree cover,20.0,West Bengal,Darjeeling,Darjeeling Pulbazar,Debris,2009,1500–2000 m,30–40°,2500–3000 mm,10–50 m,2000s,4,4,4,2
16723,27.064109,88.250823,1921.0,13.08,2826.0,30.3,36.6,33.0,39.8,33.5,18.4,0.184,Tree cover,14.5,West Bengal,Darjeeling,Darjeeling Pulbazar,Debris,2021,1500–2000 m,10–20°,2500–3000 mm,10–50 m,2020s,4,2,4,2
16724,27.06415,88.6615,1767.0,13.05,3221.0,26.9,35.4,37.7,41.4,33.5,18.2,0.182,Tree cover,122.0,West Bengal,Darjeeling,Gorubathan,Debris,2007,1500–2000 m,10–20°,3000–4000 mm,100–500 m,2000s,4,2,5,4
16725,27.064174,88.493381,659.0,29.91,4036.0,27.9,37.7,34.3,41.4,34.8,17.0,0.17,Grassland,517.3,West Bengal,Darjeeling,Kalimpong I,Debris,2010,500–1000 m,20–30°,>4000 mm,500–1000 m,2010s,2,3,6,5
16726,27.064389,88.670583,1767.0,31.85,3167.0,26.9,37.1,36.1,40.8,34.2,19.1,0.191,Built-up,11.0,West Bengal,Darjeeling,Gorubathan,Rock,2012,1500–2000 m,30–40°,3000–4000 mm,10–50 m,2010s,4,4,5,2
16727,27.064508,88.606233,1593.0,32.51,3263.0,29.0,36.7,34.3,41.1,34.2,18.6,0.186,Bare / sparse vegetation,585.6,West Bengal,Darjeeling,Lava,Debris,2010,1500–2000 m,30–40°,3000–4000 mm,500–1000 m,2010s,4,4,5,5
16731,27.065197,88.094377,2128.0,24.99,2548.0,32.3,33.8,33.9,40.9,34.2,17.3,0.173,Tree cover,3.8,West Bengal,Darjeeling,Darjeeling Pulbazar,Debris,2021,2000–3000 m,20–30°,2500–3000 mm,0–10 m,2020s,5,3,4,1
16733,27.06539,88.530093,662.0,40.15,4123.0,27.3,36.4,36.3,41.7,36.3,17.2,0.172,Tree cover,543.6,West Bengal,Darjeeling,Kalimpong I,Debris,2014,500–1000 m,40–50°,>4000 mm,500–1000 m,2010s,2,5,6,5
16734,27.065465,88.293073,1110.0,36.07,2883.0,25.4,36.3,38.3,40.6,34.1,17.8,0.178,Tree cover,203.4,West Bengal,Darjeeling,Darjeeling Pulbazar,Rock,2010,1000–1500 m,30–40°,2500–3000 mm,100–500 m,2010s,3,4,4,4
16735,27.065556,88.667583,1769.0,37.36,3167.0,27.4,37.4,35.2,41.4,33.5,18.2,0.182,Tree cover,8.3,West Bengal,Darjeeling,Gorubathan,Rock,2012,1500–2000 m,30–40°,3000–4000 mm,0–10 m,2010s,4,4,5,1
16736,27.065611,88.183693,926.0,31.33,2822.0,22.5,35.5,42.0,39.9,34.2,16.5,0.165,Tree cover,2.7,West Bengal,Darjeeling,Darjeeling Pulbazar,Rock,2021,500–1000 m,30–40°,2500–3000 mm,0–10 m,2020s,2,4,4,1
16737,27.065623,88.18336,930.0,30.13,2822.0,22.5,35.5,42.0,39.9,34.2,16.5,0.165,Tree cover,0.0,West Bengal,Darjeeling,Darjeeling Pulbazar,Rock,2021,500–1000 m,30–40°,2500–3000 mm,0–10 m,2020s,2,4,4,1
16738,27.065733,88.184158,940.0,30.44,2822.0,22.6,35.3,42.2,39.5,35.5,17.4,0.174,Tree cover,5.5,West Bengal,Darjeeling,Darjeeling Pulbazar,Rock,2021,500–1000 m,30–40°,2500–3000 mm,0–10 m,2020s,2,4,4,1
16740,27.065923,88.18416,940.0,30.44,2822.0,22.6,35.3,42.2,39.5,35.5,17.4,0.174,Tree cover,4.6,West Bengal,Darjeeling,Darjeeling Pulbazar,Debris,2021,500–1000 m,30–40°,2500–3000 mm,0–10 m,2020s,2,4,4,1
16743,27.066028,88.476472,1061.0,16.01,3471.0,26.4,38.2,35.4,40.8,33.4,15.8,0.158,Tree cover,8.2,West Bengal,Darjeeling,Kalimpong I,Rock,2015,1000–1500 m,10–20°,3000–4000 mm,0–10 m,2010s,3,2,5,1
16746,27.066152,88.49369,774.0,22.04,4036.0,27.1,37.5,35.4,41.4,34.8,17.0,0.17,Tree cover,354.4,West Bengal,Darjeeling,Kalimpong I,Debris,2012,500–1000 m,20–30°,>4000 mm,100–500 m,2010s,2,3,6,4
16747,27.066222,88.474194,1100.0,10.27,3110.0,26.4,38.2,35.4,40.8,33.4,15.8,0.158,Tree cover,17.4,West Bengal,Darjeeling,Kalimpong I,Debris,2015,1000–1500 m,10–20°,3000–4000 mm,10–50 m,2010s,3,2,5,2
16748,27.066264,88.239635,1362.0,43.52,2846.0,26.1,36.5,37.4,39.6,33.0,14.7,0.147,Tree cover,164.7,West Bengal,Darjeeling,Darjeeling Pulbazar,Debris,2014,1000–1500 m,40–50°,2500–3000 mm,100–500 m,2010s,3,5,4,4
16749,27.06631,88.184315,953.0,31.28,2822.0,22.6,36.2,41.2,40.0,35.4,16.8,0.168,Tree cover,7.0,West Bengal,Darjeeling,Darjeeling Pulbazar,Rock,2021,500–1000 m,30–40°,2500–3000 mm,0–10 m,2020s,2,4,4,1
16750,27.066407,88.429101,299.0,21.68,3921.0,27.9,35.7,36.4,40.8,34.8,16.0,0.16,Tree cover,2.6,West Bengal,Darjeeling,Kalimpong I,Debris,2014,0–500 m,20–30°,3000–4000 mm,0–10 m,2010s,1,3,5,1
16753,27.0665,88.428333,260.0,37.09,3921.0,28.4,35.3,36.4,40.8,34.8,16.0,0.16,Tree cover,58.3,West Bengal,Darjeeling,Kalimpong I,Rock,2015,0–500 m,30–40°,3000–4000 mm,50–100 m,2010s,1,4,5,3
16763,27.067002,88.189484,829.0,15.55,2658.0,23.1,35.7,41.2,40.0,35.4,16.8,0.168,Built-up,11.0,West Bengal,Darjeeling,Darjeeling Pulbazar,Rock,2014,500–1000 m,10–20°,2500–3000 mm,10–50 m,2010s,2,2,4,2
16764,27.067223,88.250837,1869.0,24.52,2857.0,27.8,36.9,35.4,39.9,33.3,16.2,0.162,Built-up,4.7,West Bengal,Darjeeling,Darjeeling Pulbazar,Debris,2021,1500–2000 m,20–30°,2500–3000 mm,0–10 m,2020s,4,3,4,1
16765,27.067248,88.089425,1882.0,28.08,2511.0,28.1,34.9,37.0,40.9,33.9,17.0,0.17,Tree cover,1.3,West Bengal,Darjeeling,Darjeeling Pulbazar,Debris,2021,1500–2000 m,20–30°,2500–3000 mm,0–10 m,2020s,4,3,4,1
16766,27.06734,88.183136,1031.0,22.39,2608.0,22.7,37.0,40.3,40.5,31.1,16.6,0.166,Tree cover,5.7,West Bengal,Darjeeling,Darjeeling Pulbazar,Debris,2021,1000–1500 m,20–30°,2500–3000 mm,0–10 m,2020s,3,3,4,1
16768,27.067558,88.174335,1302.0,28.54,2658.0,22.5,38.7,38.8,40.2,34.4,16.1,0.161,Tree cover,1.8,West Bengal,Darjeeling,Darjeeling Pulbazar,Debris,2021,1000–1500 m,20–30°,2500–3000 mm,0–10 m,2020s,3,3,4,1
16769,27.0676,88.6644,1820.0,19.48,3071.0,30.1,36.8,33.1,40.6,33.9,19.3,0.193,Tree cover,34.9,West Bengal,Darjeeling,Gorubathan,Rock,2007,1500–2000 m,10–20°,3000–4000 mm,10–50 m,2000s,4,2,5,2
16770,27.067696,88.429711,254.0,23.02,3915.0,27.9,35.7,36.4,40.8,34.8,16.0,0.16,Tree cover,25.2,West Bengal,Darjeeling,Kalimpong I,Debris,2007,0–500 m,20–30°,3000–4000 mm,10–50 m,2000s,1,3,5,2
16771,27.067944,88.430028,269.0,28.15,3915.0,27.9,35.7,36.4,40.8,34.8,16.0,0.16,Built-up,2.4,West Bengal,Darjeeling,Kalimpong I,Debris,2014,0–500 m,20–30°,3000–4000 mm,0–10 m,2010s,1,3,5,1
16774,27.068074,88.662675,1826.0,30.98,3071.0,28.9,37.6,33.5,40.6,33.9,19.3,0.193,Tree cover,17.9,West Bengal,Darjeeling,Gorubathan,Debris,2007,1500–2000 m,30–40°,3000–4000 mm,10–50 m,2000s,4,4,5,2
16779,27.068226,88.49672,879.0,30.72,3495.0,26.8,38.3,34.9,41.1,33.1,16.6,0.166,Tree cover,138.1,West Bengal,Darjeeling,Kalimpong I,Debris,2014,500–1000 m,30–40°,3000–4000 mm,100–500 m,2010s,2,4,5,4
16781,27.068394,88.430136,271.0,31.62,3915.0,27.9,35.7,36.4,40.8,34.8,16.0,0.16,Built-up,9.4,West Bengal,Kalimpong,Kalimpong I,Debris,2021,0–500 m,30–40°,3000–4000 mm,0–10 m,2020s,1,4,5,1
16784,27.068694,88.177705,1280.0,22.22,2608.0,25.6,39.6,34.8,40.5,31.1,16.6,0.166,Tree cover,19.4,West Bengal,Darjeeling,Darjeeling Pulbazar,Rock,2021,1000–1500 m,20–30°,2500–3000 mm,10–50 m,2020s,3,3,4,2
16790,27.069721,88.430123,264.0,57.4,3915.0,27.3,35.9,36.8,40.8,34.8,16.0,0.16,Tree cover,9.3,West Bengal,Kalimpong,Kalimpong I,Rock,2021,0–500 m,>50°,3000–4000 mm,0–10 m,2020s,1,6,5,1
16791,27.069905,88.182951,1155.0,33.35,2608.0,25.0,38.5,36.5,40.5,31.1,16.6,0.166,Tree cover,6.5,West Bengal,Darjeeling,Darjeeling Pulbazar,Debris,2021,1000–1500 m,30–40°,2500–3000 mm,0–10 m,2020s,3,4,4,1
16792,27.069935,88.166353,1387.0,26.92,2619.0,23.0,39.7,37.3,40.2,34.4,16.1,0.161,Grassland,3.3,West Bengal,Darjeeling,Darjeeling Pulbazar,Rock,2021,1000–1500 m,20–30°,2500–3000 mm,0–10 m,2020s,3,3,4,1
16794,27.070094,88.182984,1155.0,33.35,2608.0,25.0,38.5,36.5,40.5,31.1,16.6,0.166,Tree cover,10.1,West Bengal,Darjeeling,Darjeeling Pulbazar,Debris,2021,1000–1500 m,30–40°,2500–3000 mm,10–50 m,2020s,3,4,4,2
16796,27.07021,88.212814,860.0,24.67,2913.0,25.3,33.1,41.7,40.0,36.7,16.7,0.167,Tree cover,6.4,West Bengal,Darjeeling,Darjeeling Pulbazar,Debris,2021,500–1000 m,20–30°,2500–3000 mm,0–10 m,2020s,2,3,4,1
16797,27.070234,88.166286,1396.0,33.66,2619.0,23.0,39.7,37.3,40.2,34.4,16.1,0.161,Tree cover,0.4,West Bengal,Darjeeling,Darjeeling Pulbazar,Debris,2021,1000–1500 m,30–40°,2500–3000 mm,0–10 m,2020s,3,4,4,1
16799,27.070341,88.610255,1812.0,31.08,3006.0,30.1,38.7,31.2,40.5,34.0,18.8,0.188,Tree cover,291.6,West Bengal,Darjeeling,Lava,Debris,2010,1500–2000 m,30–40°,3000–4000 mm,100–500 m,2010s,4,4,5,4
16804,27.070692,88.184946,1104.0,31.07,2658.0,23.2,36.9,39.9,40.5,31.1,16.6,0.166,Tree cover,7.9,West Bengal,Darjeeling,Darjeeling Pulbazar,Debris,2021,1000–1500 m,30–40°,2500–3000 mm,0–10 m,2020s,3,4,4,1
16807,27.070889,88.186333,1083.0,33.11,2658.0,22.1,36.4,41.5,40.5,31.1,16.6,0.166,Tree cover,5.0,West Bengal,Darjeeling,Darjeeling Pulbazar,Rock,2016,1000–1500 m,30–40°,2500–3000 mm,0–10 m,2010s,3,4,4,1
16808,27.070923,88.18635,1083.0,33.11,2658.0,22.1,36.4,41.5,40.5,31.1,16.6,0.166,Tree cover,8.2,West Bengal,Darjeeling,Darjeeling Pulbazar,Debris,2021,1000–1500 m,30–40°,2500–3000 mm,0–10 m,2020s,3,4,4,1
16809,27.070999,88.251555,1771.0,28.48,2857.0,27.0,36.6,36.4,39.9,33.3,16.2,0.162,Tree cover,1.0,West Bengal,Darjeeling,Darjeeling Pulbazar,Debris,2021,1500–2000 m,20–30°,2500–3000 mm,0–10 m,2020s,4,3,4,1
16813,27.071141,88.08917,1846.0,26.54,2511.0,28.3,35.2,36.5,40.9,33.9,17.0,0.17,Tree cover,8.1,West Bengal,Darjeeling,Darjeeling Pulbazar,Debris,2021,1500–2000 m,20–30°,2500–3000 mm,0–10 m,2020s,4,3,4,1
16818,27.071964,88.163399,1380.0,22.25,2619.0,23.7,39.1,37.2,40.4,33.4,16.7,0.167,Built-up,2.9,West Bengal,Darjeeling,Darjeeling Pulbazar,Debris,2021,1000–1500 m,20–30°,2500–3000 mm,0–10 m,2020s,3,3,4,1
16820,27.072,88.456,1003.0,20.53,3380.0,28.7,36.4,34.9,41.2,35.3,15.8,0.158,Tree cover,73.5,West Bengal,Darjeeling,Kalimpong I,Debris,2013,1000–1500 m,20–30°,3000–4000 mm,50–100 m,2010s,3,3,5,3
16821,27.072011,88.163178,1388.0,21.19,2619.0,23.7,39.1,37.2,40.4,33.4,16.7,0.167,Tree cover,0.5,West Bengal,Darjeeling,Darjeeling Pulbazar,Debris,2021,1000–1500 m,20–30°,2500–3000 mm,0–10 m,2020s,3,3,4,1
16822,27.072148,88.089664,1826.0,21.72,2511.0,28.3,35.2,36.5,40.9,33.9,17.0,0.17,Tree cover,1.3,West Bengal,Darjeeling,Darjeeling Pulbazar,Debris,2021,1500–2000 m,20–30°,2500–3000 mm,0–10 m,2020s,4,3,4,1
16824,27.072394,88.091734,1811.0,23.22,2555.0,28.5,35.2,36.3,40.9,33.9,17.0,0.17,Tree cover,11.7,West Bengal,Darjeeling,Darjeeling Pulbazar,Debris,2021,1500–2000 m,20–30°,2500–3000 mm,10–50 m,2020s,4,3,4,2
16825,27.072467,88.457214,937.0,38.45,3380.0,28.1,37.1,34.8,41.2,35.3,15.8,0.158,Tree cover,50.9,West Bengal,Darjeeling,Kalimpong I,Debris,2015,500–1000 m,30–40°,3000–4000 mm,50–100 m,2010s,2,4,5,3
16826,27.072528,88.166139,1394.0,30.7,2619.0,24.1,39.2,36.7,40.4,33.4,16.7,0.167,Tree cover,4.9,West Bengal,Darjeeling,Darjeeling Pulbazar,Debris,2016,1000–1500 m,30–40°,2500–3000 mm,0–10 m,2010s,3,4,4,1
16827,27.072583,88.45725,937.0,38.45,3380.0,28.1,37.1,34.8,41.2,35.3,15.8,0.158,Tree cover,61.1,West Bengal,Darjeeling,Kalimpong I,Debris,2015,500–1000 m,30–40°,3000–4000 mm,50–100 m,2010s,2,4,5,3
16831,27.072604,88.204187,761.0,23.72,2877.0,24.4,35.9,39.7,40.7,36.2,17.1,0.171,Tree cover,0.9,West Bengal,Darjeeling,Darjeeling Pulbazar,Debris,2021,500–1000 m,20–30°,2500–3000 mm,0–10 m,2020s,2,3,4,1
16835,27.073323,88.252176,1678.0,17.1,2857.0,27.0,37.0,36.0,39.9,33.3,16.2,0.162,Built-up,1.7,West Bengal,Darjeeling,Darjeeling Pulbazar,Debris,2021,1500–2000 m,10–20°,2500–3000 mm,0–10 m,2020s,4,2,4,1
16836,27.07333,88.16301,1362.0,29.76,2619.0,24.8,38.8,36.4,40.4,33.4,16.7,0.167,Tree cover,5.8,West Bengal,Darjeeling,Darjeeling Pulbazar,Debris,2021,1000–1500 m,20–30°,2500–3000 mm,0–10 m,2020s,3,3,4,1
16837,27.07359,88.202887,693.0,24.0,2877.0,24.9,35.2,39.9,40.7,36.2,17.1,0.171,Tree cover,1.4,West Bengal,Darjeeling,Darjeeling Pulbazar,Debris,2021,500–1000 m,20–30°,2500–3000 mm,0–10 m,2020s,2,3,4,1
16838,27.073957,88.436247,521.0,31.51,3914.0,27.4,38.0,34.5,40.8,34.8,16.0,0.16,Tree cover,418.1,West Bengal,Darjeeling,Kalimpong I,Debris,2011,500–1000 m,30–40°,3000–4000 mm,100–500 m,2010s,2,4,5,4
16840,27.074136,88.15724,1293.0,31.89,2622.0,23.9,38.1,37.9,40.2,34.3,15.7,0.157,Tree cover,3.3,West Bengal,Darjeeling,Darjeeling Pulbazar,Debris,2021,1000–1500 m,30–40°,2500–3000 mm,0–10 m,2020s,3,4,4,1
16844,27.074799,88.252656,1607.0,34.27,2857.0,27.0,37.0,36.0,39.9,33.3,16.2,0.162,Tree cover,41.3,West Bengal,Darjeeling,Darjeeling Pulbazar,Debris,2021,1500–2000 m,30–40°,2500–3000 mm,10–50 m,2020s,4,4,4,2
16847,27.074999,88.092213,1779.0,35.62,2555.0,27.9,35.4,36.7,40.9,33.9,17.0,0.17,Tree cover,12.9,West Bengal,Darjeeling,Darjeeling Pulbazar,Debris,2021,1500–2000 m,30–40°,2500–3000 mm,10–50 m,2020s,4,4,4,2
16848,27.075108,88.252377,1591.0,28.15,2836.0,27.0,37.0,36.0,39.9,33.3,16.2,0.162,Tree cover,45.7,West Bengal,Darjeeling,Darjeeling Pulbazar,Debris,2021,1500–2000 m,20–30°,2500–3000 mm,10–50 m,2020s,4,3,4,2
16850,27.075396,88.432121,290.0,35.33,3904.0,28.8,35.9,35.3,41.0,34.6,17.3,0.173,Tree cover,4.4,West Bengal,Kalimpong,Kalimpong I,Rock,2021,0–500 m,30–40°,3000–4000 mm,0–10 m,2020s,1,4,5,1
16851,27.0754,88.4321,290.0,35.33,3904.0,28.8,35.9,35.3,41.0,34.6,17.3,0.173,Tree cover,6.5,West Bengal,Kalimpong,Kalimpong I,Rock,2021,0–500 m,30–40°,3000–4000 mm,0–10 m,2020s,1,4,5,1
16853,27.075694,88.091889,1764.0,35.5,2495.0,26.2,36.8,37.0,40.5,33.0,16.8,0.168,Tree cover,13.1,West Bengal,Darjeeling,Darjeeling Pulbazar,Debris,2015,1500–2000 m,30–40°,2000–2500 mm,10–50 m,2010s,4,4,3,2
16856,27.075901,88.432178,288.0,44.61,3904.0,28.8,35.9,35.3,41.0,34.6,17.3,0.173,Tree cover,4.2,West Bengal,Kalimpong,Kalimpong I,Rock,2021,0–500 m,40–50°,3000–4000 mm,0–10 m,2020s,1,5,5,1
16857,27.07591,88.48412,1152.0,19.9,3052.0,28.2,37.6,34.3,40.9,34.8,16.6,0.166,Tree cover,186.0,West Bengal,Darjeeling,Kalimpong I,Debris,2007,1000–1500 m,10–20°,3000–4000 mm,100–500 m,2000s,3,2,5,4
16860,27.076056,88.092056,1771.0,35.81,2495.0,26.2,36.8,37.0,40.5,33.0,16.8,0.168,Tree cover,7.3,West Bengal,Darjeeling,Darjeeling Pulbazar,Debris,2014,1500–2000 m,30–40°,2000–2500 mm,0–10 m,2010s,4,4,3,1
16863,27.0763,88.51323,1267.0,11.47,3135.0,27.5,38.2,34.3,40.7,33.0,18.0,0.18,Tree cover,35.2,West Bengal,Darjeeling,Kalimpong I,Rock,2007,1000–1500 m,10–20°,3000–4000 mm,10–50 m,2000s,3,2,5,2
16862,27.0763,88.5132,1267.0,11.47,3135.0,27.5,38.2,34.3,40.7,33.0,18.0,0.18,Tree cover,32.5,West Bengal,Darjeeling,Kalimpong I,Debris,2007,1000–1500 m,10–20°,3000–4000 mm,10–50 m,2000s,3,2,5,2
16864,27.076511,88.204471,692.0,33.41,2924.0,24.9,34.5,40.6,39.9,35.8,17.1,0.171,Tree cover,9.3,West Bengal,Darjeeling,Darjeeling Pulbazar,Rock,2021,500–1000 m,30–40°,2500–3000 mm,0–10 m,2020s,2,4,4,1
16866,27.076644,88.475003,1279.0,5.7,3075.0,27.0,35.9,37.1,42.0,35.3,16.6,0.166,Tree cover,65.1,West Bengal,Darjeeling,Kalimpong I,Debris,2007,1000–1500 m,0–10°,3000–4000 mm,50–100 m,2000s,3,1,5,3
16867,27.076779,88.47188,1204.0,30.35,3333.0,26.8,35.7,37.5,41.3,34.5,15.7,0.157,Tree cover,159.4,West Bengal,Darjeeling,Kalimpong I,Debris,2012,1000–1500 m,30–40°,3000–4000 mm,100–500 m,2010s,3,4,5,4
16871,27.077022,88.862846,870.0,24.79,4505.0,26.7,36.0,37.3,41.6,35.5,19.9,0.199,Tree cover,68.5,West Bengal,Darjeeling,Gorubathan,Rock,1996,500–1000 m,20–30°,>4000 mm,50–100 m,1990s,2,3,6,3
16872,27.0772,88.4863,1202.0,29.62,3052.0,28.2,38.1,33.7,40.9,34.8,16.6,0.166,Tree cover,55.0,West Bengal,Darjeeling,Kalimpong I,Debris,2007,1000–1500 m,20–30°,3000–4000 mm,50–100 m,2000s,3,3,5,3
16873,27.07738,88.206235,727.0,22.66,2924.0,25.2,35.0,39.8,39.9,35.8,17.1,0.171,Tree cover,13.4,West Bengal,Darjeeling,Darjeeling Pulbazar,Debris,2021,500–1000 m,20–30°,2500–3000 mm,10–50 m,2020s,2,3,4,2
16875,27.077452,88.206256,715.0,21.18,2924.0,25.2,35.0,39.8,39.9,35.8,17.1,0.171,Tree cover,10.3,West Bengal,Darjeeling,Darjeeling Pulbazar,Debris,2021,500–1000 m,20–30°,2500–3000 mm,10–50 m,2020s,2,3,4,2
16883,27.077778,88.485167,1218.0,8.17,3052.0,27.5,37.2,35.3,40.9,34.8,16.6,0.166,Built-up,8.9,West Bengal,Darjeeling,Kalimpong I,Debris,2016,1000–1500 m,0–10°,3000–4000 mm,0–10 m,2010s,3,1,5,1
16885,27.078,88.499,1257.0,11.99,3078.0,27.0,38.8,34.2,39.9,33.4,17.8,0.178,Tree cover,40.9,West Bengal,Darjeeling,Kalimpong I,Debris,2007,1000–1500 m,10–20°,3000–4000 mm,10–50 m,2000s,3,2,5,2
16888,27.078167,88.23425,1159.0,35.34,2686.0,26.0,32.7,41.3,39.7,35.2,16.6,0.166,Tree cover,8.9,West Bengal,Darjeeling,Darjeeling Pulbazar,Debris,2011,1000–1500 m,30–40°,2500–3000 mm,0–10 m,2010s,3,4,4,1
16889,27.078178,88.253289,1524.0,34.98,2836.0,26.0,37.8,36.2,39.7,33.5,15.8,0.158,Tree cover,1.1,West Bengal,Darjeeling,Darjeeling Pulbazar,Debris,2021,1500–2000 m,30–40°,2500–3000 mm,0–10 m,2020s,4,4,4,1
16891,27.078384,88.491014,1239.0,12.4,3052.0,27.4,39.2,33.4,40.9,34.8,16.6,0.166,Built-up,12.5,West Bengal,Darjeeling,Kalimpong I,Debris,2007,1000–1500 m,10–20°,3000–4000 mm,10–50 m,2000s,3,2,5,2
16892,27.078472,93.605639,235.0,18.91,2760.0,28.8,37.9,33.3,41.1,32.1,15.1,0.151,Tree cover,214.6,Arunachal Pradesh,Papum Pare,Itanagar EAC,Unspecified,2008,0–500 m,10–20°,2500–3000 mm,100–500 m,2000s,1,2,4,4
16893,27.078633,88.487198,1227.0,16.11,3052.0,26.7,37.5,35.8,40.9,34.8,16.6,0.166,Tree cover,5.1,West Bengal,Darjeeling,Kalimpong I,Debris,2002,1000–1500 m,10–20°,3000–4000 mm,0–10 m,2000s,3,2,5,1
16894,27.078972,88.207956,739.0,31.5,2924.0,25.6,35.7,38.6,39.9,35.8,17.1,0.171,Tree cover,0.2,West Bengal,Darjeeling,Darjeeling Pulbazar,Debris,2021,500–1000 m,30–40°,2500–3000 mm,0–10 m,2020s,2,4,4,1
16895,27.079,88.487,1244.0,20.79,3052.0,26.7,37.5,35.8,40.9,34.8,16.6,0.166,Tree cover,50.0,West Bengal,Darjeeling,Kalimpong I,Debris,2006,1000–1500 m,20–30°,3000–4000 mm,10–50 m,2000s,3,3,5,2
16896,27.079023,88.253792,1503.0,35.6,2836.0,26.5,36.9,36.7,39.7,33.5,15.8,0.158,Tree cover,3.9,West Bengal,Darjeeling,Darjeeling Pulbazar,Debris,2021,1500–2000 m,30–40°,2500–3000 mm,0–10 m,2020s,4,4,4,1
16897,27.079085,88.253843,1486.0,30.39,2836.0,26.5,36.9,36.7,39.7,33.5,15.8,0.158,Tree cover,3.9,West Bengal,Darjeeling,Darjeeling Pulbazar,Debris,2021,1000–1500 m,30–40°,2500–3000 mm,0–10 m,2020s,3,4,4,1
16901,27.079291,88.668805,1987.0,28.51,2818.0,27.9,34.5,37.6,40.8,35.4,19.0,0.19,Tree cover,3.5,West Bengal,Darjeeling,Lava,Debris,2007,1500–2000 m,20–30°,2500–3000 mm,0–10 m,2000s,4,3,4,1
16903,27.0797,88.4354,260.0,38.7,3950.0,28.7,36.1,35.2,41.0,34.6,17.3,0.173,Tree cover,9.3,West Bengal,Kalimpong,Kalimpong I,Rock,2021,0–500 m,30–40°,3000–4000 mm,0–10 m,2020s,1,4,5,1
16904,27.079704,88.435433,265.0,39.9,3950.0,28.7,36.1,35.2,41.0,34.6,17.3,0.173,Tree cover,10.8,West Bengal,Kalimpong,Kalimpong I,Rock,2021,0–500 m,30–40°,3000–4000 mm,10–50 m,2020s,1,4,5,2
16905,27.079939,88.091938,1647.0,32.67,2495.0,27.3,37.2,35.5,40.5,33.0,16.8,0.168,Tree cover,62.2,West Bengal,Darjeeling,Darjeeling Pulbazar,Debris,2021,1500–2000 m,30–40°,2000–2500 mm,50–100 m,2020s,4,4,3,3
16908,27.08,88.335,843.0,15.7,3104.0,25.9,37.3,36.8,41.6,37.0,17.1,0.171,Tree cover,9.7,West Bengal,Darjeeling,Rangli Rangliot,Rock,2007,500–1000 m,10–20°,3000–4000 mm,0–10 m,2000s,2,2,5,1
16912,27.080056,88.474667,1001.0,46.21,3333.0,25.6,35.4,39.1,42.0,35.3,16.6,0.166,Tree cover,17.1,West Bengal,Darjeeling,Kalimpong I,Rock,2012,1000–1500 m,40–50°,3000–4000 mm,10–50 m,2010s,3,5,5,2
16913,27.080083,88.208833,739.0,33.05,3070.0,25.4,35.3,39.3,39.9,35.8,17.1,0.171,Tree cover,6.6,West Bengal,Darjeeling,Darjeeling Pulbazar,Rock,2015,500–1000 m,30–40°,3000–4000 mm,0–10 m,2010s,2,4,5,1
16914,27.080127,88.333187,784.0,15.13,3433.0,25.5,37.9,36.5,41.6,37.0,17.1,0.171,Tree cover,139.9,West Bengal,Darjeeling,Rangli Rangliot,Rock,2007,500–1000 m,10–20°,3000–4000 mm,100–500 m,2000s,2,2,5,4
16915,27.08024,88.537935,893.0,42.69,3699.0,24.5,36.5,39.0,40.6,35.1,17.3,0.173,Tree cover,354.9,West Bengal,Darjeeling,Lava,Debris,2010,500–1000 m,40–50°,3000–4000 mm,100–500 m,2010s,2,5,5,4
16916,27.080409,88.090783,1579.0,41.11,2452.0,27.3,37.2,35.5,40.5,33.0,16.8,0.168,Tree cover,3.5,West Bengal,Darjeeling,Darjeeling Pulbazar,Debris,2021,1500–2000 m,40–50°,2000–2500 mm,0–10 m,2020s,4,5,3,1
16917,27.080872,88.446457,335.0,34.78,3990.0,28.5,36.0,35.5,41.1,34.5,16.1,0.161,Tree cover,143.4,West Bengal,Darjeeling,Kalimpong I,Debris,2011,0–500 m,30–40°,3000–4000 mm,100–500 m,2010s,1,4,5,4
16920,27.081287,88.536762,936.0,40.39,3699.0,24.4,36.4,39.2,40.6,35.1,17.3,0.173,Tree cover,367.6,West Bengal,Darjeeling,Kalimpong I,Debris,2012,500–1000 m,40–50°,3000–4000 mm,100–500 m,2010s,2,5,5,4
16921,27.081306,93.612833,270.0,19.27,2764.0,26.4,39.0,34.6,40.5,32.5,15.6,0.156,Tree cover,105.3,Arunachal Pradesh,Papum Pare,Itanagar EAC,Debris,2020,0–500 m,10–20°,2500–3000 mm,100–500 m,2020s,1,2,4,4
16924,27.08155,93.61438,277.0,17.91,2764.0,26.4,39.0,34.6,40.5,32.5,15.6,0.156,Built-up,8.5,Arunachal Pradesh,Papum Pare,Itanagar EAC,Debris,2021,0–500 m,10–20°,2500–3000 mm,0–10 m,2020s,1,2,4,1
16925,27.081607,88.48978,1388.0,22.03,3052.0,27.0,38.3,34.7,40.9,34.8,16.6,0.166,Tree cover,9.7,West Bengal,Darjeeling,Kalimpong I,Rock,2015,1000–1500 m,20–30°,3000–4000 mm,0–10 m,2010s,3,3,5,1
16931,27.082096,88.159672,1223.0,28.15,2528.0,25.7,36.7,37.6,40.2,33.8,15.9,0.159,Tree cover,2.3,West Bengal,Darjeeling,Darjeeling Pulbazar,Debris,2021,1000–1500 m,20–30°,2500–3000 mm,0–10 m,2020s,3,3,4,1
16932,27.082222,88.489833,1406.0,15.58,3052.0,27.2,36.9,35.8,40.9,34.8,16.6,0.166,Tree cover,33.0,West Bengal,Darjeeling,Kalimpong I,Rock,2015,1000–1500 m,10–20°,3000–4000 mm,10–50 m,2010s,3,2,5,2
16934,27.08225,88.446028,247.0,35.9,3990.0,28.0,36.7,35.3,41.1,34.5,16.1,0.161,Tree cover,2.3,West Bengal,Darjeeling,Kalimpong I,Debris,2014,0–500 m,30–40°,3000–4000 mm,0–10 m,2010s,1,4,5,1
16937,27.082528,88.291278,1459.0,27.94,2915.0,27.2,37.2,35.5,39.7,34.4,15.7,0.157,Tree cover,6.6,West Bengal,Darjeeling,Darjeeling Pulbazar,Debris,2015,1000–1500 m,20–30°,2500–3000 mm,0–10 m,2010s,3,3,4,1
16938,27.082556,88.18475,1477.0,21.04,2613.0,25.1,38.7,36.1,40.1,33.3,17.7,0.177,Tree cover,12.7,West Bengal,Darjeeling,Darjeeling Pulbazar,Rock,2015,1000–1500 m,20–30°,2500–3000 mm,10–50 m,2010s,3,3,4,2
16941,27.082926,88.256458,1415.0,18.34,2836.0,25.9,37.6,36.5,39.7,33.5,15.8,0.158,Tree cover,3.5,West Bengal,Darjeeling,Darjeeling Pulbazar,Debris,2021,1000–1500 m,10–20°,2500–3000 mm,0–10 m,2020s,3,2,4,1
16945,27.083213,88.256592,1408.0,15.25,2836.0,25.9,37.6,36.5,39.7,33.5,15.8,0.158,Built-up,6.2,West Bengal,Darjeeling,Darjeeling Pulbazar,Debris,2021,1000–1500 m,10–20°,2500–3000 mm,0–10 m,2020s,3,2,4,1
16946,27.0835,88.4513,238.0,38.1,3972.0,28.0,36.0,35.9,41.1,34.5,16.1,0.161,Tree cover,0.9,West Bengal,Kalimpong,Kalimpong I,Rock,2021,0–500 m,30–40°,3000–4000 mm,0–10 m,2020s,1,4,5,1
16950,27.0842,88.6613,1991.0,19.83,2908.0,28.9,38.2,32.9,40.5,35.0,18.8,0.188,Tree cover,134.5,West Bengal,Darjeeling,Lava,Debris,2007,1500–2000 m,10–20°,2500–3000 mm,100–500 m,2000s,4,2,4,4
16952,27.084286,88.535723,1032.0,33.95,3142.0,26.6,37.2,36.2,41.0,33.8,17.8,0.178,Tree cover,332.7,West Bengal,Darjeeling,Lava,Debris,2014,1000–1500 m,30–40°,3000–4000 mm,100–500 m,2010s,3,4,5,4
16956,27.084611,88.493139,1420.0,23.02,3109.0,27.0,37.1,35.9,40.8,34.6,15.9,0.159,Tree cover,112.3,West Bengal,Darjeeling,Kalimpong I,Rock,2015,1000–1500 m,20–30°,3000–4000 mm,100–500 m,2010s,3,3,5,4
16960,27.085056,88.490389,1305.0,36.35,3289.0,26.6,36.9,36.5,40.8,34.6,15.9,0.159,Tree cover,6.6,West Bengal,Darjeeling,Kalimpong I,Debris,2016,1000–1500 m,30–40°,3000–4000 mm,0–10 m,2010s,3,4,5,1
16961,27.085338,88.526187,1304.0,21.04,3124.0,26.7,38.9,34.5,40.1,33.3,16.4,0.164,Tree cover,4.6,West Bengal,Kalimpong,Kalimpong I,Debris,2021,1000–1500 m,20–30°,3000–4000 mm,0–10 m,2020s,3,3,5,1
16963,27.085561,88.664364,2041.0,5.98,2908.0,28.2,36.2,35.6,41.7,35.0,19.2,0.192,Built-up,1.5,West Bengal,Darjeeling,Lava,Rock,1975,2000–3000 m,0–10°,2500–3000 mm,0–10 m,1970s,5,1,4,1
16964,27.085666,88.45783,391.0,24.58,3972.0,26.3,35.7,38.0,40.9,34.0,15.5,0.155,Tree cover,264.1,West Bengal,Darjeeling,Kalimpong I,Debris,1968,0–500 m,20–30°,3000–4000 mm,100–500 m,1960s,1,3,5,4
16965,27.085709,88.457853,380.0,28.11,3972.0,26.3,35.7,38.0,40.9,34.0,15.5,0.155,Tree cover,261.1,West Bengal,Darjeeling,Kalimpong I,Debris,2015,0–500 m,20–30°,3000–4000 mm,100–500 m,2010s,1,3,5,4
16967,27.085779,88.215341,767.0,26.53,2866.0,26.9,35.3,37.8,40.1,33.0,16.7,0.167,Tree cover,9.3,West Bengal,Darjeeling,Darjeeling Pulbazar,Debris,2021,500–1000 m,20–30°,2500–3000 mm,0–10 m,2020s,2,3,4,1
16968,27.085802,88.257801,1372.0,16.54,2716.0,25.4,34.2,40.3,40.5,34.4,16.5,0.165,Tree cover,2.8,West Bengal,Darjeeling,Darjeeling Pulbazar,Debris,2021,1000–1500 m,10–20°,2500–3000 mm,0–10 m,2020s,3,2,4,1
16969,27.085805,88.158792,1250.0,24.4,2500.0,24.9,37.9,37.3,40.3,33.3,16.5,0.165,Tree cover,0.3,West Bengal,Darjeeling,Darjeeling Pulbazar,Debris,2021,1000–1500 m,20–30°,2000–2500 mm,0–10 m,2020s,3,3,3,1
16971,27.085903,88.215524,763.0,31.35,2866.0,26.9,35.3,37.8,40.1,33.0,16.7,0.167,Tree cover,5.3,West Bengal,Darjeeling,Darjeeling Pulbazar,Rock,2021,500–1000 m,30–40°,2500–3000 mm,0–10 m,2020s,2,4,4,1
16973,27.086309,88.252613,1202.0,33.33,2716.0,26.2,34.1,39.7,40.2,36.1,16.1,0.161,Tree cover,29.5,West Bengal,Darjeeling,Darjeeling Pulbazar,Debris,2021,1000–1500 m,30–40°,2500–3000 mm,10–50 m,2020s,3,4,4,2
16974,27.086356,88.53525,1095.0,35.18,3142.0,26.6,37.2,36.2,41.0,33.8,17.8,0.178,Grassland,271.4,West Bengal,Darjeeling,Lava,Debris,2010,1000–1500 m,30–40°,3000–4000 mm,100–500 m,2010s,3,4,5,4
16975,27.086357,88.257313,1324.0,27.26,2716.0,26.5,34.0,39.5,40.5,34.4,16.5,0.165,Built-up,7.9,West Bengal,Darjeeling,Darjeeling Pulbazar,Debris,2021,1000–1500 m,20–30°,2500–3000 mm,0–10 m,2020s,3,3,4,1
16977,27.086525,88.216691,761.0,32.24,3064.0,25.8,34.7,39.5,40.1,33.0,16.7,0.167,Tree cover,3.8,West Bengal,Darjeeling,Darjeeling Pulbazar,Rock,2021,500–1000 m,30–40°,3000–4000 mm,0–10 m,2020s,2,4,5,1
16979,27.086555,88.217447,769.0,22.31,3064.0,27.4,34.8,37.8,40.1,33.0,16.7,0.167,Tree cover,8.0,West Bengal,Darjeeling,Darjeeling Pulbazar,Debris,2021,500–1000 m,20–30°,3000–4000 mm,0–10 m,2020s,2,3,5,1
16980,27.086637,88.257376,1322.0,20.44,2716.0,26.6,33.5,39.9,40.5,34.4,16.5,0.165,Built-up,3.8,West Bengal,Darjeeling,Darjeeling Pulbazar,Debris,2021,1000–1500 m,20–30°,2500–3000 mm,0–10 m,2020s,3,3,4,1
16982,27.08672,88.473087,637.0,32.56,3958.0,26.2,36.8,37.0,41.1,35.8,16.4,0.164,Tree cover,103.2,West Bengal,Darjeeling,Kalimpong I,Rock,2016,500–1000 m,30–40°,3000–4000 mm,100–500 m,2010s,2,4,5,4
16984,27.086722,88.664139,2038.0,22.22,2908.0,28.4,37.6,34.1,41.7,35.0,19.2,0.192,Built-up,53.4,West Bengal,Darjeeling,Lava,Rock,2015,2000–3000 m,20–30°,2500–3000 mm,50–100 m,2010s,5,3,4,3
16990,27.0869,88.6569,2117.0,20.54,2775.0,28.4,37.8,33.8,41.0,35.2,18.8,0.188,Tree cover,14.3,West Bengal,Darjeeling,Lava,Debris,2007,2000–3000 m,20–30°,2500–3000 mm,10–50 m,2000s,5,3,4,2
16991,27.08699,88.657,2117.0,20.54,2775.0,28.4,37.8,33.8,41.0,35.2,18.8,0.188,Tree cover,17.8,West Bengal,Darjeeling,Lava,Debris,2007,2000–3000 m,20–30°,2500–3000 mm,10–50 m,2000s,5,3,4,2
16992,27.087,88.647,2106.0,23.42,2814.0,27.5,37.9,34.7,40.5,35.3,19.2,0.192,Tree cover,40.0,West Bengal,Darjeeling,Lava,Rock,2013,2000–3000 m,20–30°,2500–3000 mm,10–50 m,2010s,5,3,4,2
16994,27.087052,88.654406,2154.0,28.22,2775.0,27.4,38.1,34.6,41.0,35.2,18.8,0.188,Tree cover,30.0,West Bengal,Darjeeling,Lava,Debris,2007,2000–3000 m,20–30°,2500–3000 mm,10–50 m,2000s,5,3,4,2
17001,27.088559,88.257418,1285.0,18.3,2716.0,26.6,33.5,39.9,40.5,34.4,16.5,0.165,Built-up,1.8,West Bengal,Darjeeling,Darjeeling Pulbazar,Debris,2021,1000–1500 m,10–20°,2500–3000 mm,0–10 m,2020s,3,2,4,1
17002,27.08866,88.256249,1250.0,11.59,2716.0,26.4,33.9,39.6,40.2,36.1,16.1,0.161,Tree cover,3.6,West Bengal,Darjeeling,Darjeeling Pulbazar,Debris,2021,1000–1500 m,10–20°,2500–3000 mm,0–10 m,2020s,3,2,4,1
17005,27.088806,88.164556,1113.0,26.66,2500.0,23.9,38.5,37.6,40.3,33.3,16.5,0.165,Tree cover,8.6,West Bengal,Darjeeling,Darjeeling Pulbazar,Debris,2014,1000–1500 m,20–30°,2000–2500 mm,0–10 m,2010s,3,3,3,1
17006,27.088889,88.537575,1289.0,27.06,3142.0,25.4,36.3,38.3,41.0,33.8,17.8,0.178,Tree cover,9.2,West Bengal,Darjeeling,Lava,Rock,1985,1000–1500 m,20–30°,3000–4000 mm,0–10 m,1980s,3,3,5,1
17007,27.088894,88.388802,359.0,45.48,3801.0,27.1,36.6,36.3,40.3,35.0,15.6,0.156,Tree cover,668.2,West Bengal,Darjeeling,Rangli Rangliot,Debris,2010,0–500 m,40–50°,3000–4000 mm,500–1000 m,2010s,1,5,5,5
17011,27.089,88.486,891.0,32.28,3289.0,26.5,36.3,37.2,41.4,35.5,16.1,0.161,Tree cover,413.1,West Bengal,Darjeeling,Kalimpong I,Rock,2012,500–1000 m,30–40°,3000–4000 mm,100–500 m,2010s,2,4,5,4
17013,27.089,88.652,2153.0,33.21,2775.0,27.5,37.6,35.0,41.0,35.2,18.8,0.188,Tree cover,2.9,West Bengal,Darjeeling,Lava,Rock,2013,2000–3000 m,30–40°,2500–3000 mm,0–10 m,2010s,5,4,4,1
17015,27.089194,88.1925,1374.0,24.27,2585.0,24.9,39.7,35.4,40.0,34.6,17.6,0.176,Tree cover,2.3,West Bengal,Darjeeling,Darjeeling Pulbazar,Debris,2015,1000–1500 m,20–30°,2500–3000 mm,0–10 m,2010s,3,3,4,1
17017,27.089384,88.483973,814.0,21.43,3289.0,26.2,35.6,38.3,41.4,35.5,16.1,0.161,Tree cover,238.0,West Bengal,Darjeeling,Kalimpong I,Rock,2012,500–1000 m,20–30°,3000–4000 mm,100–500 m,2010s,2,3,5,4
17019,27.089399,88.533188,1278.0,28.67,3124.0,26.6,38.4,35.0,41.0,33.8,17.8,0.178,Tree cover,120.6,West Bengal,Darjeeling,Lava,Debris,2010,1000–1500 m,20–30°,3000–4000 mm,100–500 m,2010s,3,3,5,4
17023,27.089759,88.532215,1312.0,26.87,3124.0,26.6,38.4,35.0,41.0,33.8,17.8,0.178,Tree cover,68.3,West Bengal,Darjeeling,Lava,Rock,2013,1000–1500 m,20–30°,3000–4000 mm,50–100 m,2010s,3,3,5,3
17026,27.09,88.486,857.0,23.33,3289.0,26.2,35.6,38.3,41.4,35.5,16.1,0.161,Tree cover,447.9,West Bengal,Darjeeling,Kalimpong I,Rock,2013,500–1000 m,20–30°,3000–4000 mm,100–500 m,2010s,2,3,5,4
17027,27.090071,88.532853,1307.0,26.32,3124.0,26.6,38.4,35.0,41.0,33.8,17.8,0.178,Tree cover,105.9,West Bengal,Darjeeling,Lava,Rock,2013,1000–1500 m,20–30°,3000–4000 mm,100–500 m,2010s,3,3,5,4
17029,27.090112,88.257365,1272.0,13.2,2716.0,26.3,33.6,40.1,40.5,34.4,16.5,0.165,Tree cover,12.2,West Bengal,Darjeeling,Darjeeling Pulbazar,Debris,2021,1000–1500 m,10–20°,2500–3000 mm,10–50 m,2020s,3,2,4,2
17032,27.090277,88.259101,1228.0,24.21,2719.0,26.3,33.6,40.1,40.5,34.4,16.5,0.165,Tree cover,5.1,West Bengal,Darjeeling,Darjeeling Pulbazar,Debris,2021,1000–1500 m,20–30°,2500–3000 mm,0–10 m,2020s,3,3,4,1
17035,27.090429,88.259265,1219.0,24.66,2719.0,26.3,33.6,40.1,40.5,34.4,16.5,0.165,Tree cover,7.8,West Bengal,Darjeeling,Darjeeling Pulbazar,Debris,2021,1000–1500 m,20–30°,2500–3000 mm,0–10 m,2020s,3,3,4,1
17037,27.090664,88.250109,1136.0,26.32,2716.0,25.8,33.1,41.1,40.2,36.1,16.1,0.161,Tree cover,9.0,West Bengal,Darjeeling,Darjeeling Pulbazar,Rock,2021,1000–1500 m,20–30°,2500–3000 mm,0–10 m,2020s,3,3,4,1
17038,27.0907,88.5393,1364.0,26.18,3142.0,25.4,36.3,38.3,41.0,33.8,17.8,0.178,Tree cover,168.2,West Bengal,Darjeeling,Lava,Rock,2007,1000–1500 m,20–30°,3000–4000 mm,100–500 m,2000s,3,3,5,4
17039,27.090778,88.249972,1117.0,33.9,2739.0,25.8,33.1,41.1,40.2,36.1,16.1,0.161,Tree cover,8.1,West Bengal,Darjeeling,Darjeeling Pulbazar,Debris,2015,1000–1500 m,30–40°,2500–3000 mm,0–10 m,2010s,3,4,4,1
17040,27.090856,88.24989,1117.0,33.9,2739.0,25.8,33.1,41.1,40.2,36.1,16.1,0.161,Tree cover,9.1,West Bengal,Darjeeling,Darjeeling Pulbazar,Debris,2021,1000–1500 m,30–40°,2500–3000 mm,0–10 m,2020s,3,4,4,1
17045,27.091139,93.615667,344.0,9.87,2754.0,27.7,37.9,34.4,40.6,31.7,16.2,0.162,Built-up,13.5,Arunachal Pradesh,Papum Pare,Itanagar EAC,Rock,2008,0–500 m,0–10°,2500–3000 mm,10–50 m,2000s,1,1,4,2
17048,27.09148,88.537656,1402.0,20.1,3142.0,27.7,38.3,33.9,41.0,33.8,17.8,0.178,Tree cover,12.7,West Bengal,Darjeeling,Lava,Debris,2007,1000–1500 m,20–30°,3000–4000 mm,10–50 m,2000s,3,3,5,2
17049,27.091583,88.536205,1414.0,25.83,3142.0,27.7,38.3,33.9,41.0,33.8,17.8,0.178,Tree cover,3.0,West Bengal,Kalimpong,Lava,Rock,2021,1000–1500 m,20–30°,3000–4000 mm,0–10 m,2020s,3,3,5,1
17050,27.091588,88.465167,453.0,37.75,4039.0,25.6,35.7,38.7,40.9,34.0,15.5,0.155,Tree cover,234.1,West Bengal,Darjeeling,Kalimpong I,Debris,2007,0–500 m,30–40°,>4000 mm,100–500 m,2000s,1,4,6,4
17051,27.091807,88.246481,1038.0,24.29,2939.0,28.1,32.6,39.3,39.5,35.4,16.7,0.167,Tree cover,6.4,West Bengal,Darjeeling,Darjeeling Pulbazar,Debris,2021,1000–1500 m,20–30°,2500–3000 mm,0–10 m,2020s,3,3,4,1
17052,27.091869,88.246572,1053.0,26.88,2939.0,28.1,32.6,39.3,39.5,35.4,16.7,0.167,Tree cover,2.6,West Bengal,Darjeeling,Darjeeling Pulbazar,Debris,2021,1000–1500 m,20–30°,2500–3000 mm,0–10 m,2020s,3,3,4,1
17055,27.092,88.497,1351.0,28.71,3031.0,24.8,37.9,37.3,40.8,34.6,15.9,0.159,Tree cover,15.5,West Bengal,Darjeeling,Kalimpong I,Debris,2012,1000–1500 m,20–30°,3000–4000 mm,10–50 m,2010s,3,3,5,2
17057,27.092284,88.077176,2044.0,40.69,2472.0,26.1,40.2,33.8,40.9,35.2,16.9,0.169,Tree cover,851.2,West Bengal,Darjeeling,Darjeeling Pulbazar,Debris,2010,2000–3000 m,40–50°,2000–2500 mm,500–1000 m,2010s,5,5,3,5
17058,27.092289,88.490432,1000.0,27.66,3535.0,26.7,37.2,36.1,40.8,34.6,15.9,0.159,Tree cover,585.9,West Bengal,Darjeeling,Kalimpong I,Rock,2013,500–1000 m,20–30°,3000–4000 mm,500–1000 m,2010s,2,3,5,5
17061,27.092553,88.467535,430.0,27.5,4060.0,25.6,35.7,38.7,40.9,34.0,15.5,0.155,Tree cover,328.0,West Bengal,Darjeeling,Kalimpong I,Rock,2007,0–500 m,20–30°,>4000 mm,100–500 m,2000s,1,3,6,4
17062,27.092554,88.259873,1132.0,30.68,2834.0,26.3,32.9,40.8,40.5,34.4,16.5,0.165,Tree cover,3.7,West Bengal,Darjeeling,Darjeeling Pulbazar,Debris,2021,1000–1500 m,30–40°,2500–3000 mm,0–10 m,2020s,3,4,4,1
17066,27.092974,88.242086,866.0,30.61,2939.0,28.3,34.4,37.3,39.5,35.4,16.7,0.167,Tree cover,7.4,West Bengal,Darjeeling,Darjeeling Pulbazar,Debris,2021,500–1000 m,30–40°,2500–3000 mm,0–10 m,2020s,2,4,4,1
17067,27.093118,88.22471,763.0,26.62,2667.0,27.2,33.4,39.5,40.1,33.0,16.7,0.167,Tree cover,0.0,West Bengal,Darjeeling,Darjeeling Pulbazar,Debris,2021,500–1000 m,20–30°,2500–3000 mm,0–10 m,2020s,2,3,4,1
17069,27.09324,88.64928,2243.0,26.21,2657.0,26.0,37.4,36.5,40.3,35.0,19.2,0.192,Tree cover,62.2,West Bengal,Darjeeling,Lava,Debris,2007,2000–3000 m,20–30°,2500–3000 mm,50–100 m,2000s,5,3,4,3
17071,27.093516,88.65566,2055.0,31.47,2706.0,24.2,37.7,38.1,41.4,34.9,18.0,0.18,Tree cover,6.1,West Bengal,Darjeeling,Lava,Rock,2010,2000–3000 m,30–40°,2500–3000 mm,0–10 m,2010s,5,4,4,1
17072,27.093576,88.077703,2122.0,41.53,2472.0,31.0,36.2,32.9,40.5,34.7,15.8,0.158,Tree cover,942.4,West Bengal,Darjeeling,Darjeeling Pulbazar,Debris,2006,2000–3000 m,40–50°,2000–2500 mm,500–1000 m,2000s,5,5,3,5
17073,27.093659,88.243294,857.0,28.37,2939.0,26.9,33.7,39.4,40.6,35.0,16.7,0.167,Tree cover,4.6,West Bengal,Darjeeling,Darjeeling Pulbazar,Debris,2021,500–1000 m,20–30°,2500–3000 mm,0–10 m,2020s,2,3,4,1
17081,27.094,88.5435,1378.0,20.15,3152.0,27.5,38.8,33.7,40.8,34.4,18.3,0.183,Built-up,200.2,West Bengal,Darjeeling,Lava,Debris,2007,1000–1500 m,20–30°,3000–4000 mm,100–500 m,2000s,3,3,5,4
17083,27.094012,88.655654,2057.0,32.54,2706.0,24.2,37.7,38.1,41.4,34.9,18.0,0.18,Tree cover,1.9,West Bengal,Darjeeling,Lava,Rock,2010,2000–3000 m,30–40°,2500–3000 mm,0–10 m,2010s,5,4,4,1
17086,27.0944,88.655857,2075.0,41.89,2706.0,24.2,37.7,38.1,41.4,34.9,18.0,0.18,Tree cover,16.3,West Bengal,Darjeeling,Lava,Debris,2014,2000–3000 m,40–50°,2500–3000 mm,10–50 m,2010s,5,5,4,2
17088,27.094536,88.10201,1412.0,19.17,2412.0,23.5,38.0,38.5,41.1,34.1,16.2,0.162,Grassland,71.5,West Bengal,Darjeeling,Darjeeling Pulbazar,Debris,1987,1000–1500 m,10–20°,2000–2500 mm,50–100 m,1980s,3,2,3,3
17090,27.094783,88.262975,1105.0,15.22,2834.0,25.9,33.3,40.8,40.2,35.7,16.7,0.167,Tree cover,5.9,West Bengal,Darjeeling,Darjeeling Pulbazar,Debris,2021,1000–1500 m,10–20°,2500–3000 mm,0–10 m,2020s,3,2,4,1
17091,27.094806,88.154346,1286.0,26.49,2487.0,26.2,37.6,36.2,39.5,32.8,15.4,0.154,Tree cover,3.7,West Bengal,Darjeeling,Darjeeling Pulbazar,Debris,2021,1000–1500 m,20–30°,2000–2500 mm,0–10 m,2020s,3,3,3,1
17092,27.094978,88.464271,286.0,37.06,3986.0,28.0,34.9,37.1,41.1,34.7,17.3,0.173,Grassland,19.3,West Bengal,Kalimpong,Kalimpong I,Debris,2021,0–500 m,30–40°,3000–4000 mm,10–50 m,2020s,1,4,5,2
17093,27.095,88.4643,286.0,37.06,3986.0,28.0,34.9,37.1,41.1,34.7,17.3,0.173,Grassland,22.9,West Bengal,Kalimpong,Kalimpong I,Debris,2021,0–500 m,30–40°,3000–4000 mm,10–50 m,2020s,1,4,5,2
17094,27.095056,88.1035,1434.0,35.69,2412.0,24.1,38.0,37.9,41.1,34.1,16.2,0.162,Built-up,2.6,West Bengal,Darjeeling,Darjeeling Pulbazar,Rock,2014,1000–1500 m,30–40°,2000–2500 mm,0–10 m,2010s,3,4,3,1
17096,27.095268,88.102335,1450.0,45.76,2412.0,23.5,38.0,38.5,41.1,34.1,16.2,0.162,Grassland,4.8,West Bengal,Darjeeling,Darjeeling Pulbazar,Rock,2021,1000–1500 m,40–50°,2000–2500 mm,0–10 m,2020s,3,5,3,1
17097,27.095278,93.615694,344.0,20.48,2745.0,26.9,38.1,35.0,40.3,32.1,14.8,0.148,Tree cover,15.9,Arunachal Pradesh,Papum Pare,Itanagar EAC,Unspecified,2008,0–500 m,20–30°,2500–3000 mm,10–50 m,2000s,1,3,4,2
17099,27.095351,88.242819,830.0,20.94,2939.0,26.9,33.7,39.4,40.6,35.0,16.7,0.167,Tree cover,0.8,West Bengal,Darjeeling,Darjeeling Pulbazar,Debris,2021,500–1000 m,20–30°,2500–3000 mm,0–10 m,2020s,2,3,4,1
17110,27.095893,88.600509,1804.0,33.8,3088.0,27.5,36.6,35.9,41.2,34.9,18.2,0.182,Tree cover,16.9,West Bengal,Kalimpong,Lava,Rock,2021,1500–2000 m,30–40°,3000–4000 mm,10–50 m,2020s,4,4,5,2
17114,27.096041,88.601802,1814.0,26.51,3088.0,28.5,38.8,32.7,41.2,34.9,18.2,0.182,Built-up,4.6,West Bengal,Kalimpong,Lava,Rock,2021,1500–2000 m,20–30°,3000–4000 mm,0–10 m,2020s,4,3,5,1
17116,27.096111,88.609094,1863.0,36.39,3059.0,27.0,36.3,36.7,41.2,34.8,17.6,0.176,Built-up,8.8,West Bengal,Kalimpong,Lava,Debris,2021,1500–2000 m,30–40°,3000–4000 mm,0–10 m,2020s,4,4,5,1
17117,27.096212,88.243474,832.0,37.8,2939.0,26.6,34.0,39.5,40.6,35.0,16.7,0.167,Tree cover,5.9,West Bengal,Darjeeling,Darjeeling Pulbazar,Rock,2021,500–1000 m,30–40°,2500–3000 mm,0–10 m,2020s,2,4,4,1
17119,27.096326,88.610015,1881.0,36.74,3059.0,27.0,36.3,36.7,41.2,34.8,17.6,0.176,Tree cover,2.6,West Bengal,Kalimpong,Lava,Debris,2021,1500–2000 m,30–40°,3000–4000 mm,0–10 m,2020s,4,4,5,1
17120,27.096343,88.264122,1028.0,26.58,2834.0,26.9,33.0,40.2,40.2,35.7,16.7,0.167,Tree cover,2.0,West Bengal,Darjeeling,Darjeeling Pulbazar,Debris,2021,1000–1500 m,20–30°,2500–3000 mm,0–10 m,2020s,3,3,4,1
17121,27.096394,88.608846,1871.0,39.04,3059.0,27.0,36.3,36.7,41.2,34.8,17.6,0.176,Tree cover,8.8,West Bengal,Kalimpong,Lava,Rock,2021,1500–2000 m,30–40°,3000–4000 mm,0–10 m,2020s,4,4,5,1
17122,27.096416,88.655477,2065.0,30.23,2706.0,25.3,39.0,35.7,41.4,34.9,18.0,0.18,Tree cover,3.9,West Bengal,Darjeeling,Lava,Rock,2010,2000–3000 m,30–40°,2500–3000 mm,0–10 m,2010s,5,4,4,1
17125,27.096548,88.226764,751.0,37.72,3149.0,24.6,34.0,41.3,40.3,34.0,16.4,0.164,Tree cover,6.4,West Bengal,Darjeeling,Darjeeling Pulbazar,Debris,2021,500–1000 m,30–40°,3000–4000 mm,0–10 m,2020s,2,4,5,1
17129,27.096616,88.264911,1015.0,36.55,2834.0,26.9,33.0,40.2,40.2,35.7,16.7,0.167,Tree cover,2.1,West Bengal,Darjeeling,Darjeeling Pulbazar,Debris,2021,1000–1500 m,30–40°,2500–3000 mm,0–10 m,2020s,3,4,4,1
17130,27.096726,88.612199,1828.0,38.1,3059.0,27.3,36.8,35.8,41.2,34.8,17.6,0.176,Tree cover,64.9,West Bengal,Kalimpong,Lava,Rock,2021,1500–2000 m,30–40°,3000–4000 mm,50–100 m,2020s,4,4,5,3
17133,27.096776,88.609386,1900.0,19.55,3059.0,27.0,36.3,36.7,41.2,34.8,17.6,0.176,Tree cover,66.9,West Bengal,Kalimpong,Lava,Debris,2021,1500–2000 m,10–20°,3000–4000 mm,50–100 m,2020s,4,2,5,3
17134,27.096944,88.094083,1830.0,40.08,2474.0,25.8,39.0,35.2,41.7,35.4,16.3,0.163,Tree cover,6.9,West Bengal,Darjeeling,Darjeeling Pulbazar,Debris,2015,1500–2000 m,40–50°,2000–2500 mm,0–10 m,2010s,4,5,3,1
17135,27.097,88.253139,995.0,16.5,2838.0,26.8,34.3,38.8,40.4,35.1,16.9,0.169,Tree cover,10.1,West Bengal,Darjeeling,Darjeeling Pulbazar,Debris,2015,500–1000 m,10–20°,2500–3000 mm,10–50 m,2010s,2,2,4,2
17137,27.097019,88.230753,603.0,24.29,3149.0,27.1,35.4,37.6,40.3,35.0,17.4,0.174,Tree cover,4.9,West Bengal,Darjeeling,Darjeeling Pulbazar,Rock,2021,500–1000 m,20–30°,3000–4000 mm,0–10 m,2020s,2,3,5,1
17138,27.097049,88.463078,341.0,36.3,3986.0,28.2,35.2,36.6,41.1,34.7,17.3,0.173,Tree cover,19.0,West Bengal,Kalimpong,Kalimpong I,Rock,2021,0–500 m,30–40°,3000–4000 mm,10–50 m,2020s,1,4,5,2
17140,27.097137,88.230654,615.0,27.14,3149.0,27.1,35.4,37.6,40.3,35.0,17.4,0.174,Tree cover,4.2,West Bengal,Darjeeling,Darjeeling Pulbazar,Rock,2021,500–1000 m,20–30°,3000–4000 mm,0–10 m,2020s,2,3,5,1
17141,27.097161,88.606477,1842.0,8.55,3088.0,27.7,37.7,34.6,41.2,34.8,17.6,0.176,Built-up,0.8,West Bengal,Kalimpong,Pedong,Rock,2021,1500–2000 m,0–10°,3000–4000 mm,0–10 m,2020s,4,1,5,1
17142,27.097222,88.605944,1839.0,35.57,3088.0,28.5,39.0,32.4,41.2,34.8,17.6,0.176,Built-up,1.9,West Bengal,Darjeeling,Pedong,Rock,2014,1500–2000 m,30–40°,3000–4000 mm,0–10 m,2010s,4,4,5,1
17143,27.09725,88.3825,295.0,50.97,3780.0,28.8,37.0,34.2,40.5,34.4,18.1,0.181,Bare / sparse vegetation,20.8,Sikkim,Namchi,Namchi,Debris,2022,0–500 m,>50°,3000–4000 mm,10–50 m,2020s,1,6,5,2
17144,27.097265,88.244847,803.0,32.09,2939.0,26.6,34.0,39.5,40.6,35.0,16.7,0.167,Tree cover,4.4,West Bengal,Darjeeling,Darjeeling Pulbazar,Rock,2021,500–1000 m,30–40°,2500–3000 mm,0–10 m,2020s,2,4,4,1
17145,27.097283,88.605268,1832.0,43.56,3088.0,28.5,39.0,32.4,41.2,34.8,17.6,0.176,Tree cover,14.0,West Bengal,Kalimpong,Pedong,Rock,2021,1500–2000 m,40–50°,3000–4000 mm,10–50 m,2020s,4,5,5,2
17146,27.097299,88.618824,1925.0,34.4,3001.0,28.3,37.5,34.3,39.8,33.6,18.4,0.184,Built-up,16.1,West Bengal,Kalimpong,Lava,Rock,2021,1500–2000 m,30–40°,3000–4000 mm,10–50 m,2020s,4,4,5,2
17147,27.097306,88.17325,1442.0,35.08,2556.0,25.1,39.7,35.2,39.1,32.6,16.0,0.16,Tree cover,5.6,West Bengal,Darjeeling,Darjeeling Pulbazar,Rock,2015,1000–1500 m,30–40°,2500–3000 mm,0–10 m,2010s,3,4,4,1
17148,27.097322,88.611381,1887.0,34.29,3059.0,27.0,36.3,36.7,41.2,34.8,17.6,0.176,Tree cover,6.0,West Bengal,Kalimpong,Lava,Debris,2021,1500–2000 m,30–40°,3000–4000 mm,0–10 m,2020s,4,4,5,1
17150,27.097383,88.244778,797.0,34.0,2939.0,26.6,34.0,39.5,40.6,35.0,16.7,0.167,Tree cover,6.7,West Bengal,Darjeeling,Darjeeling Pulbazar,Rock,2021,500–1000 m,30–40°,2500–3000 mm,0–10 m,2020s,2,4,4,1
17151,27.097429,88.61227,1890.0,26.56,3059.0,27.3,36.8,35.8,41.2,34.8,17.6,0.176,Tree cover,3.7,West Bengal,Kalimpong,Lava,Debris,2021,1500–2000 m,20–30°,3000–4000 mm,0–10 m,2020s,4,3,5,1
17152,27.097583,88.681139,1833.0,38.51,3086.0,27.8,36.8,35.4,41.6,35.6,18.2,0.182,Tree cover,1993.3,West Bengal,Darjeeling,Lava,Debris,2014,1500–2000 m,30–40°,3000–4000 mm,>1000 m,2010s,4,4,5,6
17153,27.09768,88.468224,501.0,13.14,4060.0,28.2,35.3,36.5,41.1,34.7,17.3,0.173,Tree cover,329.5,West Bengal,Darjeeling,Kalimpong I,Debris,2007,500–1000 m,10–20°,>4000 mm,100–500 m,2000s,2,2,6,4
17155,27.097767,88.244197,754.0,36.68,2939.0,26.7,33.9,39.4,40.6,35.0,16.7,0.167,Tree cover,8.9,West Bengal,Darjeeling,Darjeeling Pulbazar,Rock,2021,500–1000 m,30–40°,2500–3000 mm,0–10 m,2020s,2,4,4,1
17156,27.09779,88.597278,1803.0,34.3,3133.0,27.4,36.9,35.6,41.2,34.9,18.2,0.182,Tree cover,0.2,West Bengal,Kalimpong,Lava,Rock,2021,1500–2000 m,30–40°,3000–4000 mm,0–10 m,2020s,4,4,5,1
17158,27.097875,88.618237,1912.0,33.45,3001.0,27.9,37.4,34.7,39.8,33.6,18.4,0.184,Tree cover,13.8,West Bengal,Kalimpong,Lava,Debris,2021,1500–2000 m,30–40°,3000–4000 mm,10–50 m,2020s,4,4,5,2
17159,27.097972,88.615293,1906.0,32.22,3059.0,28.1,37.9,34.0,39.8,33.6,18.4,0.184,Tree cover,11.2,West Bengal,Kalimpong,Lava,Rock,2021,1500–2000 m,30–40°,3000–4000 mm,10–50 m,2020s,4,4,5,2
17160,27.098009,88.626992,1894.0,24.54,3024.0,27.6,36.9,35.4,41.0,34.0,18.8,0.188,Tree cover,161.2,West Bengal,Darjeeling,Lava,Rock,2015,1500–2000 m,20–30°,3000–4000 mm,100–500 m,2010s,4,3,5,4
17161,27.098075,88.626884,1894.0,24.54,3024.0,27.6,37.6,34.8,41.0,34.0,18.8,0.188,Tree cover,148.8,West Bengal,Darjeeling,Lava,Rock,2012,1500–2000 m,20–30°,3000–4000 mm,100–500 m,2010s,4,3,5,4
17163,27.098196,88.230363,659.0,28.71,3149.0,25.3,35.5,39.3,40.3,34.0,16.4,0.164,Tree cover,2.4,West Bengal,Darjeeling,Darjeeling Pulbazar,Debris,2021,500–1000 m,20–30°,3000–4000 mm,0–10 m,2020s,2,3,5,1
17165,27.098279,88.604791,1863.0,37.66,3088.0,28.4,38.7,32.9,41.2,34.8,17.6,0.176,Tree cover,21.7,West Bengal,Darjeeling,Pedong,Rock,2013,1500–2000 m,30–40°,3000–4000 mm,10–50 m,2010s,4,4,5,2
17166,27.098336,88.597629,1793.0,27.49,3133.0,27.4,36.9,35.6,41.2,34.9,18.2,0.182,Tree cover,3.0,West Bengal,Kalimpong,Lava,Debris,2021,1500–2000 m,20–30°,3000–4000 mm,0–10 m,2020s,4,3,5,1
17170,27.098543,88.2412,664.0,15.66,3187.0,26.4,34.5,39.1,40.3,35.0,17.4,0.174,Tree cover,3.9,West Bengal,Darjeeling,Darjeeling Pulbazar,Debris,2021,500–1000 m,10–20°,3000–4000 mm,0–10 m,2020s,2,2,5,1
17171,27.098583,88.231861,566.0,33.04,3149.0,26.3,34.8,38.9,40.3,35.0,17.4,0.174,Tree cover,4.8,West Bengal,Darjeeling,Darjeeling Pulbazar,Rock,2014,500–1000 m,30–40°,3000–4000 mm,0–10 m,2010s,2,4,5,1
17172,27.098624,88.231961,566.0,33.04,3149.0,26.3,34.8,38.9,40.3,35.0,17.4,0.174,Tree cover,3.4,West Bengal,Darjeeling,Darjeeling Pulbazar,Debris,2021,500–1000 m,30–40°,3000–4000 mm,0–10 m,2020s,2,4,5,1
17174,27.098803,88.229008,756.0,39.38,3149.0,25.3,35.5,39.3,40.3,34.0,16.4,0.164,Tree cover,4.2,West Bengal,Darjeeling,Darjeeling Pulbazar,Rock,2021,500–1000 m,30–40°,3000–4000 mm,0–10 m,2020s,2,4,5,1
17175,27.098885,88.231056,618.0,24.08,3149.0,25.3,35.5,39.3,40.3,34.0,16.4,0.164,Tree cover,0.2,West Bengal,Darjeeling,Darjeeling Pulbazar,Debris,2021,500–1000 m,20–30°,3000–4000 mm,0–10 m,2020s,2,3,5,1
17177,27.09912,88.547123,1527.0,21.46,3152.0,27.0,37.7,35.3,40.8,34.4,18.3,0.183,Tree cover,2.5,West Bengal,Darjeeling,Lava,Debris,2013,1500–2000 m,20–30°,3000–4000 mm,0–10 m,2010s,4,3,5,1
17178,27.099139,88.246667,668.0,30.39,2939.0,26.9,33.6,39.5,40.6,35.0,16.7,0.167,Tree cover,0.7,West Bengal,Darjeeling,Darjeeling Pulbazar,Debris,2015,500–1000 m,30–40°,2500–3000 mm,0–10 m,2010s,2,4,4,1
17179,27.099199,88.229204,733.0,38.48,3149.0,25.3,35.5,39.3,40.3,34.0,16.4,0.164,Tree cover,5.0,West Bengal,Darjeeling,Darjeeling Pulbazar,Rock,2021,500–1000 m,30–40°,3000–4000 mm,0–10 m,2020s,2,4,5,1
17181,27.099319,88.231999,563.0,28.69,3149.0,26.3,34.8,38.9,40.3,35.0,17.4,0.174,Tree cover,2.2,West Bengal,Darjeeling,Darjeeling Pulbazar,Debris,2021,500–1000 m,20–30°,3000–4000 mm,0–10 m,2020s,2,3,5,1
17183,27.099554,88.597727,1790.0,31.9,3133.0,27.4,36.9,35.6,41.2,34.9,18.2,0.182,Tree cover,4.0,West Bengal,Kalimpong,Lava,Debris,2021,1500–2000 m,30–40°,3000–4000 mm,0–10 m,2020s,4,4,5,1
17184,27.099558,88.105554,1452.0,25.6,2412.0,23.8,37.9,38.3,41.1,34.1,16.2,0.162,Tree cover,1.6,West Bengal,Darjeeling,Darjeeling Pulbazar,Debris,2021,1000–1500 m,20–30°,2000–2500 mm,0–10 m,2020s,3,3,3,1
17186,27.099647,88.237792,533.0,27.8,3187.0,25.9,36.8,37.3,40.3,35.0,17.4,0.174,Tree cover,5.7,West Bengal,Darjeeling,Darjeeling Pulbazar,Debris,2021,500–1000 m,20–30°,3000–4000 mm,0–10 m,2020s,2,3,5,1
17187,27.099652,88.602099,1917.0,37.98,3088.0,27.5,36.9,35.6,41.2,34.9,18.2,0.182,Tree cover,36.0,West Bengal,Darjeeling,Pedong,Debris,2013,1500–2000 m,30–40°,3000–4000 mm,10–50 m,2010s,4,4,5,2
17189,27.099732,88.471434,599.0,23.06,4060.0,28.9,35.9,35.2,41.1,34.7,17.3,0.173,Tree cover,449.9,West Bengal,Darjeeling,Kalimpong I,Debris,1968,500–1000 m,20–30°,>4000 mm,100–500 m,1960s,2,3,6,4
17192,27.099802,88.630262,1937.0,30.57,3024.0,27.6,36.9,35.4,41.0,34.0,18.8,0.188,Tree cover,54.7,West Bengal,Darjeeling,Lava,Rock,2012,1500–2000 m,30–40°,3000–4000 mm,50–100 m,2010s,4,4,5,3
17194,27.099806,88.082361,2392.0,12.03,2472.0,30.4,37.3,32.3,40.5,34.7,15.8,0.158,Tree cover,1071.0,West Bengal,Darjeeling,Darjeeling Pulbazar,Rock,2015,2000–3000 m,10–20°,2000–2500 mm,>1000 m,2010s,5,2,3,6
17195,27.099813,88.471717,609.0,22.9,4060.0,28.9,35.9,35.2,41.1,34.7,17.3,0.173,Tree cover,473.7,West Bengal,Darjeeling,Kalimpong I,Debris,2016,500–1000 m,20–30°,>4000 mm,100–500 m,2010s,2,3,6,4
17196,27.099835,88.240044,613.0,24.59,3187.0,26.4,34.5,39.1,40.3,35.0,17.4,0.174,Tree cover,6.3,West Bengal,Darjeeling,Darjeeling Pulbazar,Debris,2021,500–1000 m,20–30°,3000–4000 mm,0–10 m,2020s,2,3,5,1
17197,27.099861,88.679778,1795.0,36.47,3086.0,27.2,37.3,35.5,41.6,35.6,18.2,0.182,Tree cover,2153.1,West Bengal,Darjeeling,Lava,Rock,2014,1500–2000 m,30–40°,3000–4000 mm,>1000 m,2010s,4,4,5,6
17199,27.100115,88.239986,610.0,18.92,3256.0,26.1,34.8,39.2,40.3,35.0,17.4,0.174,Tree cover,3.5,West Bengal,Darjeeling,Darjeeling Pulbazar,Debris,2021,500–1000 m,10–20°,3000–4000 mm,0–10 m,2020s,2,2,5,1
17202,27.100287,88.239988,603.0,15.27,3256.0,26.1,34.8,39.2,40.3,35.0,17.4,0.174,Tree cover,5.3,West Bengal,Darjeeling,Darjeeling Pulbazar,Debris,2021,500–1000 m,10–20°,3000–4000 mm,0–10 m,2020s,2,2,5,1
17204,27.100463,88.229497,729.0,39.21,2914.0,25.3,34.1,40.7,40.3,34.0,16.4,0.164,Tree cover,20.7,West Bengal,Darjeeling,Darjeeling Pulbazar,Rock,2015,500–1000 m,30–40°,2500–3000 mm,10–50 m,2010s,2,4,4,2
17205,27.100556,88.229389,729.0,39.21,2914.0,25.3,34.1,40.7,40.3,34.0,16.4,0.164,Tree cover,7.1,West Bengal,Darjeeling,Darjeeling Pulbazar,Rock,2016,500–1000 m,30–40°,2500–3000 mm,0–10 m,2010s,2,4,4,1
17206,27.100667,88.319556,639.0,34.08,3609.0,26.0,35.6,38.4,41.7,34.5,17.8,0.178,Tree cover,3.8,West Bengal,Darjeeling,Darjeeling Pulbazar,Rock,2015,500–1000 m,30–40°,3000–4000 mm,0–10 m,2010s,2,4,5,1
17207,27.100784,88.229655,729.0,39.93,2914.0,25.3,34.1,40.7,40.3,34.0,16.4,0.164,Tree cover,4.5,West Bengal,Darjeeling,Darjeeling Pulbazar,Debris,2021,500–1000 m,30–40°,2500–3000 mm,0–10 m,2020s,2,4,4,1
17212,27.101,88.542,1646.0,28.12,3069.0,29.8,37.1,33.2,40.1,33.1,18.2,0.182,Tree cover,33.0,West Bengal,Darjeeling,Lava,Rock,2012,1500–2000 m,20–30°,3000–4000 mm,10–50 m,2010s,4,3,5,2
17213,27.101078,88.239291,564.0,17.77,3256.0,26.1,36.6,37.3,40.3,35.0,17.4,0.174,Tree cover,5.6,West Bengal,Darjeeling,Darjeeling Pulbazar,Debris,2021,500–1000 m,10–20°,3000–4000 mm,0–10 m,2020s,2,2,5,1
17217,27.101111,93.619222,346.0,12.32,2740.0,25.1,39.0,35.9,40.3,32.1,14.8,0.148,Built-up,16.6,Arunachal Pradesh,Papum Pare,Itanagar EAC,Rock,2008,0–500 m,10–20°,2500–3000 mm,10–50 m,2000s,1,2,4,2
17220,27.1012,88.2305,713.0,36.88,2914.0,25.3,35.1,39.6,40.3,34.0,16.4,0.164,Tree cover,3.8,West Bengal,Darjeeling,Darjeeling Pulbazar,Debris,2011,500–1000 m,30–40°,2500–3000 mm,0–10 m,2010s,2,4,4,1
17226,27.102,88.545,1641.0,17.12,3069.0,27.6,36.9,35.5,40.1,33.1,18.2,0.182,Built-up,36.3,West Bengal,Darjeeling,Lava,Debris,2013,1500–2000 m,10–20°,3000–4000 mm,10–50 m,2010s,4,2,5,2
17228,27.102147,88.467572,329.0,40.55,4059.0,27.1,35.4,37.5,41.1,34.7,17.3,0.173,Tree cover,4.9,West Bengal,Kalimpong,Kalimpong I,Rock,2021,0–500 m,40–50°,>4000 mm,0–10 m,2020s,1,5,6,1
17229,27.10215,93.61371,354.0,25.47,2759.0,26.8,37.9,35.2,40.3,32.1,14.8,0.148,Tree cover,137.8,Arunachal Pradesh,Papum Pare,Itanagar EAC,Debris,2021,0–500 m,20–30°,2500–3000 mm,100–500 m,2020s,1,3,4,4
17231,27.102333,88.250417,648.0,37.79,3225.0,29.4,33.7,36.9,40.3,35.4,16.8,0.168,Tree cover,10.4,West Bengal,Darjeeling,Darjeeling Pulbazar,Rock,2015,500–1000 m,30–40°,3000–4000 mm,10–50 m,2010s,2,4,5,2
17232,27.102341,88.146928,1333.0,31.35,2464.0,26.1,37.5,36.4,40.0,35.5,16.2,0.162,Tree cover,0.7,West Bengal,Darjeeling,Darjeeling Pulbazar,Debris,2021,1000–1500 m,30–40°,2000–2500 mm,0–10 m,2020s,3,4,3,1
17246,27.103315,88.598758,1780.0,34.89,3079.0,28.4,38.2,33.4,40.9,34.8,18.2,0.182,Built-up,3.2,West Bengal,Kalimpong,Lava,Rock,2021,1500–2000 m,30–40°,3000–4000 mm,0–10 m,2020s,4,4,5,1
17247,27.103389,88.231028,710.0,33.25,2914.0,25.8,34.2,40.0,39.8,35.0,15.9,0.159,Tree cover,2.1,West Bengal,Darjeeling,Darjeeling Pulbazar,Debris,2015,500–1000 m,30–40°,2500–3000 mm,0–10 m,2010s,2,4,4,1
17248,27.103395,88.230389,726.0,31.35,2914.0,25.8,34.2,40.0,39.8,35.0,15.9,0.159,Grassland,12.7,West Bengal,Darjeeling,Darjeeling Pulbazar,Debris,2021,500–1000 m,30–40°,2500–3000 mm,10–50 m,2020s,2,4,4,2
17250,27.103561,88.233125,712.0,31.91,2914.0,25.1,34.5,40.4,39.8,35.0,15.9,0.159,Tree cover,4.9,West Bengal,Darjeeling,Darjeeling Pulbazar,Rock,2021,500–1000 m,30–40°,2500–3000 mm,0–10 m,2020s,2,4,4,1
17253,27.10375,93.61529,383.0,17.72,2759.0,25.5,39.1,35.4,40.4,31.3,16.3,0.163,Tree cover,112.3,Arunachal Pradesh,Papum Pare,Itanagar EAC,Debris,2021,0–500 m,10–20°,2500–3000 mm,100–500 m,2020s,1,2,4,4
17254,27.103807,88.654767,1948.0,26.59,2815.0,27.1,37.9,35.0,40.3,34.0,18.8,0.188,Tree cover,33.7,West Bengal,Darjeeling,Lava,Debris,2010,1500–2000 m,20–30°,2500–3000 mm,10–50 m,2010s,4,3,4,2
17258,27.103944,88.234833,640.0,36.71,3256.0,25.5,34.5,40.0,41.0,35.2,16.8,0.168,Tree cover,0.3,West Bengal,Darjeeling,Darjeeling Pulbazar,Rock,2016,500–1000 m,30–40°,3000–4000 mm,0–10 m,2010s,2,4,5,1
17261,27.104181,88.233424,715.0,30.97,3256.0,25.1,34.5,40.4,39.8,35.0,15.9,0.159,Tree cover,3.4,West Bengal,Darjeeling,Darjeeling Pulbazar,Debris,2021,500–1000 m,30–40°,3000–4000 mm,0–10 m,2020s,2,4,5,1
17262,27.104226,88.234423,639.0,38.29,3256.0,25.5,34.5,40.0,41.0,35.2,16.8,0.168,Tree cover,8.3,West Bengal,Darjeeling,Darjeeling Pulbazar,Debris,2021,500–1000 m,30–40°,3000–4000 mm,0–10 m,2020s,2,4,5,1
17267,27.104722,88.83475,1272.0,27.59,3753.0,28.3,36.7,35.0,42.3,34.4,18.5,0.185,Tree cover,22.9,West Bengal,Darjeeling,Gorubathan,Rock,2016,1000–1500 m,20–30°,3000–4000 mm,10–50 m,2010s,3,3,5,2
17266,27.104722,88.233111,722.0,40.01,2914.0,25.7,34.3,40.0,39.8,35.0,15.9,0.159,Tree cover,1.3,West Bengal,Darjeeling,Darjeeling Pulbazar,Rock,2015,500–1000 m,40–50°,2500–3000 mm,0–10 m,2010s,2,5,4,1
17269,27.104817,88.128766,1136.0,38.25,2393.0,26.7,34.9,38.5,40.4,32.7,15.5,0.155,Tree cover,7.8,West Bengal,Darjeeling,Darjeeling Pulbazar,Rock,2021,1000–1500 m,30–40°,2000–2500 mm,0–10 m,2020s,3,4,3,1
17271,27.105167,88.123233,1056.0,12.64,2373.0,24.5,35.8,39.8,40.6,34.3,16.5,0.165,Grassland,13.4,West Bengal,Darjeeling,Darjeeling Pulbazar,Rock,1998,1000–1500 m,10–20°,2000–2500 mm,10–50 m,1990s,3,2,3,2
17281,27.105982,88.134296,1160.0,35.68,2468.0,25.6,35.9,38.5,39.8,33.9,15.2,0.152,Tree cover,18.3,West Bengal,Darjeeling,Darjeeling Pulbazar,Debris,2021,1000–1500 m,30–40°,2000–2500 mm,10–50 m,2020s,3,4,3,2
17285,27.106472,93.663889,201.0,10.18,2796.0,24.4,40.3,35.3,39.8,31.1,15.8,0.158,Tree cover,50.2,Arunachal Pradesh,Papum Pare,Naharlagun EAC,Rock,2008,0–500 m,10–20°,2500–3000 mm,50–100 m,2000s,1,2,4,3
17286,27.106532,88.232956,734.0,35.41,2914.0,25.7,34.3,40.0,39.8,35.0,15.9,0.159,Tree cover,4.3,West Bengal,Darjeeling,Darjeeling Pulbazar,Rock,2021,500–1000 m,30–40°,2500–3000 mm,0–10 m,2020s,2,4,4,1
17291,27.106969,88.233546,727.0,37.15,3256.0,25.9,34.9,39.2,39.8,35.0,15.9,0.159,Tree cover,11.7,West Bengal,Darjeeling,Darjeeling Pulbazar,Debris,2021,500–1000 m,30–40°,3000–4000 mm,10–50 m,2020s,2,4,5,2
17292,27.107222,88.233639,743.0,40.56,3256.0,25.9,34.9,39.2,39.8,35.0,15.9,0.159,Tree cover,10.5,West Bengal,Darjeeling,Darjeeling Pulbazar,Rock,2015,500–1000 m,40–50°,3000–4000 mm,10–50 m,2010s,2,5,5,2
17293,27.107333,88.234667,735.0,36.29,3256.0,25.9,34.9,39.2,39.8,35.0,15.9,0.159,Grassland,7.3,West Bengal,Darjeeling,Darjeeling Pulbazar,Rock,2015,500–1000 m,30–40°,3000–4000 mm,0–10 m,2010s,2,4,5,1
17295,27.107374,88.234781,762.0,36.81,3256.0,25.9,34.9,39.2,39.8,35.0,15.9,0.159,Grassland,6.9,West Bengal,Darjeeling,Darjeeling Pulbazar,Rock,2021,500–1000 m,30–40°,3000–4000 mm,0–10 m,2020s,2,4,5,1
17296,27.10738,88.234085,759.0,37.29,3256.0,25.9,34.9,39.2,39.8,35.0,15.9,0.159,Tree cover,4.4,West Bengal,Darjeeling,Darjeeling Pulbazar,Rock,2021,500–1000 m,30–40°,3000–4000 mm,0–10 m,2020s,2,4,5,1
17298,27.107417,88.234861,762.0,36.81,3256.0,25.9,34.9,39.2,39.8,35.0,15.9,0.159,Grassland,6.5,West Bengal,Darjeeling,Darjeeling Pulbazar,Rock,2015,500–1000 m,30–40°,3000–4000 mm,0–10 m,2010s,2,4,5,1
17299,27.107446,88.23581,762.0,23.33,3256.0,25.9,34.9,39.2,41.0,35.2,16.8,0.168,Tree cover,1.4,West Bengal,Darjeeling,Darjeeling Pulbazar,Debris,2021,500–1000 m,20–30°,3000–4000 mm,0–10 m,2020s,2,3,5,1
17300,27.107767,88.140165,1249.0,42.0,2468.0,24.9,35.3,39.8,39.8,33.9,15.2,0.152,Tree cover,7.2,West Bengal,Darjeeling,Darjeeling Pulbazar,Rock,2021,1000–1500 m,40–50°,2000–2500 mm,0–10 m,2020s,3,5,3,1
17304,27.108441,88.298306,425.0,36.4,3497.0,28.1,37.4,34.5,40.5,34.4,17.1,0.171,Tree cover,370.7,West Bengal,Darjeeling,Darjeeling Pulbazar,Debris,2013,0–500 m,30–40°,3000–4000 mm,100–500 m,2010s,1,4,5,4
17306,27.108577,88.47193,487.0,14.41,4046.0,24.9,36.7,38.4,41.0,35.1,16.2,0.162,Grassland,429.9,West Bengal,Darjeeling,Kalimpong I,Debris,2007,0–500 m,10–20°,>4000 mm,100–500 m,2000s,1,2,6,4
17307,27.108694,88.237889,723.0,40.71,3194.0,25.9,34.9,39.2,41.0,35.2,16.8,0.168,Grassland,2.5,West Bengal,Darjeeling,Darjeeling Pulbazar,Rock,2015,500–1000 m,40–50°,3000–4000 mm,0–10 m,2010s,2,5,5,1
17309,27.109334,88.282168,726.0,33.08,3413.0,26.7,34.5,38.8,40.4,34.9,16.9,0.169,Tree cover,29.7,West Bengal,Darjeeling,Darjeeling Pulbazar,Debris,2013,500–1000 m,30–40°,3000–4000 mm,10–50 m,2010s,2,4,5,2
17313,27.110498,88.662793,1500.0,27.28,3156.0,28.5,37.4,34.1,41.0,34.8,18.1,0.181,Tree cover,871.3,West Bengal,Darjeeling,Pedong,Debris,2013,1000–1500 m,20–30°,3000–4000 mm,500–1000 m,2010s,3,3,5,5
17317,27.110877,88.118265,1440.0,34.04,2452.0,25.7,36.1,38.2,40.6,34.3,16.5,0.165,Tree cover,3.2,West Bengal,Darjeeling,Darjeeling Pulbazar,Debris,2021,1000–1500 m,30–40°,2000–2500 mm,0–10 m,2020s,3,4,3,1
17318,27.110928,88.11873,1435.0,29.8,2452.0,25.7,36.1,38.2,40.6,34.3,16.5,0.165,Tree cover,0.9,West Bengal,Darjeeling,Darjeeling Pulbazar,Debris,2021,1000–1500 m,20–30°,2000–2500 mm,0–10 m,2020s,3,3,3,1
17323,27.111722,88.682611,1409.0,28.8,3253.0,26.9,36.2,36.9,41.1,35.0,18.1,0.181,Tree cover,2754.3,West Bengal,Darjeeling,Pedong,Debris,2014,1000–1500 m,20–30°,3000–4000 mm,>1000 m,2010s,3,3,5,6
17322,27.111722,88.204333,907.0,17.13,2622.0,24.5,36.4,39.1,40.4,33.9,15.7,0.157,Tree cover,3.9,West Bengal,Darjeeling,Darjeeling Pulbazar,Debris,2014,500–1000 m,10–20°,2500–3000 mm,0–10 m,2010s,2,2,4,1
17327,27.112,88.131,1248.0,35.65,2415.0,25.9,35.8,38.3,39.2,33.3,14.7,0.147,Tree cover,258.1,West Bengal,Darjeeling,Darjeeling Pulbazar,Debris,1984,1000–1500 m,30–40°,2000–2500 mm,100–500 m,1980s,3,4,3,4
17328,27.112,88.24,693.0,27.18,3194.0,27.1,34.5,38.4,40.5,35.0,16.9,0.169,Tree cover,26.5,West Bengal,Darjeeling,Darjeeling Pulbazar,Rock,1984,500–1000 m,20–30°,3000–4000 mm,10–50 m,1980s,2,3,5,2
17332,27.112312,88.288068,696.0,26.83,3373.0,27.7,36.5,35.8,40.4,34.9,16.8,0.168,Tree cover,0.8,West Bengal,Darjeeling,Darjeeling Pulbazar,Debris,2021,500–1000 m,20–30°,3000–4000 mm,0–10 m,2020s,2,3,5,1
17333,27.112361,88.324556,376.0,39.4,3618.0,27.3,34.7,37.9,40.2,34.9,16.0,0.16,Grassland,0.0,Sikkim,Namchi,Namchi,Debris,2022,0–500 m,30–40°,3000–4000 mm,0–10 m,2020s,1,4,5,1
17336,27.112582,88.570193,1694.0,30.04,3074.0,29.4,35.9,34.7,39.9,33.3,18.3,0.183,Tree cover,4.6,West Bengal,Kalimpong,Lava,Soil,2021,1500–2000 m,30–40°,3000–4000 mm,0–10 m,2020s,4,4,5,1
17338,27.112833,88.313722,359.0,19.44,3588.0,28.3,34.3,37.5,40.6,34.6,16.6,0.166,Tree cover,4.8,West Bengal,Darjeeling,Darjeeling Pulbazar,Debris,2014,0–500 m,10–20°,3000–4000 mm,0–10 m,2010s,1,2,5,1
17340,27.113033,88.473218,466.0,17.74,4046.0,24.5,36.6,38.8,40.7,35.1,17.2,0.172,Tree cover,344.6,West Bengal,Darjeeling,Kalimpong I,Rock,2015,0–500 m,10–20°,>4000 mm,100–500 m,2010s,1,2,6,4
17341,27.113041,88.47321,466.0,17.74,4046.0,24.5,36.6,38.8,40.7,35.1,17.2,0.172,Tree cover,343.7,West Bengal,Darjeeling,Kalimpong I,Debris,2007,0–500 m,10–20°,>4000 mm,100–500 m,2000s,1,2,6,4
17342,27.1132,88.4698,309.0,32.31,4046.0,25.8,36.4,37.8,41.3,35.1,17.1,0.171,Tree cover,9.8,West Bengal,Kalimpong,Kalimpong I,Debris,2021,0–500 m,30–40°,>4000 mm,0–10 m,2020s,1,4,6,1
17343,27.113236,88.469784,309.0,32.31,4046.0,25.8,36.4,37.8,41.3,35.1,17.1,0.171,Tree cover,6.7,West Bengal,Kalimpong,Kalimpong I,Debris,2021,0–500 m,30–40°,>4000 mm,0–10 m,2020s,1,4,6,1
17345,27.1143,88.5897,1815.0,31.99,3059.0,28.5,37.2,34.3,40.3,34.4,18.9,0.189,Tree cover,139.3,West Bengal,Darjeeling,Lava,Debris,2007,1500–2000 m,30–40°,3000–4000 mm,100–500 m,2000s,4,4,5,4
17346,27.11436,88.127551,1551.0,26.46,2415.0,26.4,35.6,38.0,39.9,33.6,15.0,0.15,Tree cover,0.9,West Bengal,Darjeeling,Darjeeling Pulbazar,Debris,2021,1500–2000 m,20–30°,2000–2500 mm,0–10 m,2020s,4,3,3,1
17348,27.114583,88.680833,1442.0,30.77,3253.0,27.5,40.3,32.2,41.2,35.4,18.5,0.185,Tree cover,2663.9,West Bengal,Darjeeling,Pedong,Debris,2015,1000–1500 m,30–40°,3000–4000 mm,>1000 m,2010s,3,4,5,6
17349,27.114598,88.241639,593.0,28.04,3194.0,28.1,34.6,37.3,40.5,35.0,16.9,0.169,Tree cover,93.2,West Bengal,Darjeeling,Darjeeling Pulbazar,Debris,2021,500–1000 m,20–30°,3000–4000 mm,50–100 m,2020s,2,3,5,3
17350,27.115,88.816972,1204.0,23.26,3505.0,29.5,36.3,34.2,41.5,35.4,17.7,0.177,Tree cover,15.7,West Bengal,Darjeeling,Gorubathan,Rock,2016,1000–1500 m,20–30°,3000–4000 mm,10–50 m,2010s,3,3,5,2
17351,27.11508,88.244348,647.0,33.82,3281.0,27.7,35.0,37.3,40.5,35.0,16.9,0.169,Tree cover,4.6,West Bengal,Darjeeling,Darjeeling Pulbazar,Debris,2021,500–1000 m,30–40°,3000–4000 mm,0–10 m,2020s,2,4,5,1
17354,27.115471,88.133482,1198.0,41.58,2463.0,25.9,35.8,38.3,39.2,33.3,14.7,0.147,Tree cover,340.4,West Bengal,Darjeeling,Darjeeling Pulbazar,Debris,1984,1000–1500 m,40–50°,2000–2500 mm,100–500 m,1980s,3,5,3,4
17355,27.115528,88.206583,928.0,31.49,2622.0,25.3,36.7,38.0,40.4,33.9,15.7,0.157,Tree cover,9.7,West Bengal,Darjeeling,Darjeeling Pulbazar,Debris,2016,500–1000 m,30–40°,2500–3000 mm,0–10 m,2010s,2,4,4,1
17365,27.116241,88.245692,625.0,26.67,3281.0,29.1,35.0,35.8,40.5,35.0,16.9,0.169,Tree cover,10.2,West Bengal,Darjeeling,Darjeeling Pulbazar,Debris,2021,500–1000 m,20–30°,3000–4000 mm,10–50 m,2020s,2,3,5,2
17367,27.116699,88.264092,408.0,39.41,3402.0,27.3,35.9,36.9,40.3,35.8,17.1,0.171,Tree cover,91.6,West Bengal,Darjeeling,Darjeeling Pulbazar,Debris,2013,0–500 m,30–40°,3000–4000 mm,50–100 m,2010s,1,4,5,3
17368,27.116707,88.582133,1759.0,29.87,2888.0,28.9,36.4,34.8,40.5,33.9,18.6,0.186,Grassland,56.4,West Bengal,Darjeeling,Lava,Rock,2013,1500–2000 m,20–30°,2500–3000 mm,50–100 m,2010s,4,3,4,3
17369,27.116833,88.121222,1500.0,36.85,2371.0,25.8,36.4,37.9,39.9,33.6,15.0,0.15,Tree cover,279.8,West Bengal,Darjeeling,Darjeeling Pulbazar,Debris,2015,1000–1500 m,30–40°,2000–2500 mm,100–500 m,2010s,3,4,3,4
17370,27.116877,88.109558,1921.0,28.53,2463.0,27.7,37.9,34.5,40.7,34.3,18.2,0.182,Tree cover,8.3,West Bengal,Darjeeling,Darjeeling Pulbazar,Debris,2021,1500–2000 m,20–30°,2000–2500 mm,0–10 m,2020s,4,3,3,1
17371,27.117,88.53,1278.0,38.92,3237.0,26.9,35.7,37.4,40.9,36.2,16.2,0.162,Tree cover,2080.6,West Bengal,Darjeeling,Lava,Rock,2013,1000–1500 m,30–40°,3000–4000 mm,>1000 m,2010s,3,4,5,6
17372,27.117,88.4722,287.0,47.89,4043.0,25.1,37.2,37.8,41.3,35.1,17.1,0.171,Tree cover,1.8,West Bengal,Kalimpong,Kalimpong I,Debris,2021,0–500 m,40–50°,>4000 mm,0–10 m,2020s,1,5,6,1
17375,27.117029,88.472195,287.0,47.89,4043.0,25.1,37.2,37.8,41.3,35.1,17.1,0.171,Tree cover,1.5,West Bengal,Kalimpong,Kalimpong I,Debris,2021,0–500 m,40–50°,>4000 mm,0–10 m,2020s,1,5,6,1
17377,27.117139,88.58175,1780.0,21.68,2888.0,28.9,36.4,34.8,40.5,33.9,18.6,0.186,Built-up,4.5,West Bengal,Darjeeling,Lava,Debris,2014,1500–2000 m,20–30°,2500–3000 mm,0–10 m,2010s,4,3,4,1
17378,27.117163,88.581847,1783.0,17.83,2888.0,28.9,36.4,34.8,40.5,33.9,18.6,0.186,Built-up,2.0,West Bengal,Kalimpong,Lava,Soil,2021,1500–2000 m,10–20°,2500–3000 mm,0–10 m,2020s,4,2,4,1
17380,27.117472,88.529833,1212.0,46.45,3237.0,26.9,35.7,37.4,40.9,36.2,16.2,0.162,Tree cover,2132.3,West Bengal,Darjeeling,Lava,Debris,2016,1000–1500 m,40–50°,3000–4000 mm,>1000 m,2010s,3,5,5,6
17383,27.118,88.221278,636.0,39.06,3256.0,26.7,35.1,38.2,40.5,35.1,17.0,0.17,Tree cover,0.0,West Bengal,Darjeeling,Darjeeling Pulbazar,Rock,2016,500–1000 m,30–40°,3000–4000 mm,0–10 m,2010s,2,4,5,1
17384,27.118444,88.77631,1889.0,42.08,2859.0,22.4,34.6,43.0,41.3,34.5,19.0,0.19,Bare / sparse vegetation,3014.3,West Bengal,Darjeeling,Gorubathan,Debris,2013,1500–2000 m,40–50°,2500–3000 mm,>1000 m,2010s,4,5,4,6
17385,27.118635,88.121912,1406.0,37.65,2371.0,25.6,36.4,38.0,39.9,33.6,15.0,0.15,Tree cover,481.6,West Bengal,Darjeeling,Darjeeling Pulbazar,Rock,1987,1000–1500 m,30–40°,2000–2500 mm,100–500 m,1980s,3,4,3,4
17387,27.11898,88.214652,612.0,45.45,2993.0,25.1,33.8,41.0,40.9,35.7,16.9,0.169,Tree cover,289.6,West Bengal,Darjeeling,Darjeeling Pulbazar,Debris,2014,500–1000 m,40–50°,2500–3000 mm,100–500 m,2010s,2,5,4,4
17390,27.119055,88.490127,529.0,25.13,4088.0,28.9,36.7,34.4,40.6,34.7,16.5,0.165,Tree cover,359.8,West Bengal,Darjeeling,Kalimpong I,Rock,2012,500–1000 m,20–30°,>4000 mm,100–500 m,2010s,2,3,6,4
17391,27.119111,88.187333,1362.0,29.73,2526.0,25.5,36.3,38.2,38.8,33.6,14.7,0.147,Tree cover,4.2,West Bengal,Darjeeling,Darjeeling Pulbazar,Rock,2014,1000–1500 m,20–30°,2500–3000 mm,0–10 m,2010s,3,3,4,1
17392,27.119316,88.119708,1416.0,38.54,2371.0,25.6,36.2,38.2,40.7,34.3,18.2,0.182,Tree cover,457.0,West Bengal,Darjeeling,Darjeeling Pulbazar,Rock,1987,1000–1500 m,30–40°,2000–2500 mm,100–500 m,1980s,3,4,3,4
17394,27.11939,88.248935,557.0,33.69,3373.0,28.5,35.2,36.3,40.5,35.0,16.9,0.169,Tree cover,9.2,West Bengal,Darjeeling,Darjeeling Pulbazar,Debris,2021,500–1000 m,30–40°,3000–4000 mm,0–10 m,2020s,2,4,5,1
17395,27.119556,88.32275,362.0,27.93,3615.0,28.0,34.5,37.5,40.6,34.6,16.6,0.166,Built-up,3.0,Sikkim,Namchi,Jorethang,Debris,2022,0–500 m,20–30°,3000–4000 mm,0–10 m,2020s,1,3,5,1
17399,27.119848,88.250222,543.0,30.38,3388.0,28.0,35.3,36.8,40.5,35.0,16.9,0.169,Tree cover,1.8,West Bengal,Darjeeling,Darjeeling Pulbazar,Debris,2021,500–1000 m,30–40°,3000–4000 mm,0–10 m,2020s,2,4,5,1
17400,27.119986,88.288852,335.0,32.67,3523.0,28.6,35.3,36.1,40.4,34.9,16.8,0.168,Tree cover,0.0,West Bengal,Darjeeling,Darjeeling Pulbazar,Debris,2021,0–500 m,30–40°,3000–4000 mm,0–10 m,2020s,1,4,5,1
17404,27.120109,88.293181,333.0,27.64,3533.0,28.3,35.0,36.7,40.4,33.9,15.6,0.156,Tree cover,10.8,West Bengal,Darjeeling,Darjeeling Pulbazar,Debris,2021,0–500 m,20–30°,3000–4000 mm,10–50 m,2020s,1,3,5,2
17406,27.120481,88.210434,857.0,33.32,2993.0,25.4,35.5,39.1,40.0,35.6,15.9,0.159,Bare / sparse vegetation,18.0,West Bengal,Darjeeling,Darjeeling Pulbazar,Debris,2015,500–1000 m,30–40°,2500–3000 mm,10–50 m,2010s,2,4,4,2
17408,27.120806,88.209778,884.0,25.95,2993.0,24.6,35.4,40.0,40.0,35.6,15.9,0.159,Tree cover,16.8,West Bengal,Darjeeling,Darjeeling Pulbazar,Debris,2015,500–1000 m,20–30°,2500–3000 mm,10–50 m,2010s,2,3,4,2
17409,27.12092,88.499225,445.0,41.15,4107.0,26.1,36.5,37.4,39.9,35.0,16.1,0.161,Tree cover,232.1,West Bengal,Darjeeling,Kalimpong I,Rock,2007,0–500 m,40–50°,>4000 mm,100–500 m,2000s,1,5,6,4
17410,27.120961,88.499189,445.0,41.15,4107.0,26.1,36.5,37.4,39.9,35.0,16.1,0.161,Tree cover,226.4,West Bengal,Darjeeling,Kalimpong I,Debris,2015,0–500 m,40–50°,>4000 mm,100–500 m,2010s,1,5,6,4
17412,27.1211,88.776267,1980.0,47.52,2859.0,22.4,36.2,41.4,40.7,35.8,17.6,0.176,Grassland,2929.1,West Bengal,Darjeeling,Gorubathan,Debris,2011,1500–2000 m,40–50°,2500–3000 mm,>1000 m,2010s,4,5,4,6
17414,27.121404,88.30735,440.0,22.67,3520.0,27.1,35.8,37.2,39.4,34.7,15.8,0.158,Tree cover,4.8,West Bengal,Darjeeling,Darjeeling Pulbazar,Debris,2021,0–500 m,20–30°,3000–4000 mm,0–10 m,2020s,1,3,5,1
17422,27.121766,88.774996,2059.0,53.28,2415.0,26.4,36.2,37.4,40.7,35.8,17.6,0.176,Tree cover,3033.2,West Bengal,Darjeeling,Gorubathan,Debris,2011,2000–3000 m,>50°,2000–2500 mm,>1000 m,2010s,5,6,3,6
17423,27.121768,88.295329,349.0,39.52,3533.0,27.8,34.7,37.5,40.0,35.4,16.4,0.164,Tree cover,2.5,West Bengal,Darjeeling,Darjeeling Pulbazar,Rock,2021,0–500 m,30–40°,3000–4000 mm,0–10 m,2020s,1,4,5,1
17424,27.12183,88.295511,343.0,39.34,3533.0,27.8,34.7,37.5,40.0,35.4,16.4,0.164,Tree cover,7.6,West Bengal,Darjeeling,Darjeeling Pulbazar,Rock,2021,0–500 m,30–40°,3000–4000 mm,0–10 m,2020s,1,4,5,1
17429,27.122093,88.49134,345.0,34.01,4088.0,27.6,36.9,35.4,40.8,35.5,16.3,0.163,Tree cover,84.8,West Bengal,Darjeeling,Kalimpong I,Debris,2011,0–500 m,30–40°,>4000 mm,50–100 m,2010s,1,4,6,3
17430,27.122285,88.501597,496.0,26.48,4150.0,27.0,35.7,37.2,39.9,35.0,16.1,0.161,Tree cover,257.8,West Bengal,Darjeeling,Kalimpong I,Rock,2010,0–500 m,20–30°,>4000 mm,100–500 m,2010s,1,3,6,4
17438,27.122892,88.498147,307.0,32.54,4107.0,27.2,36.3,36.5,39.9,35.0,16.1,0.161,Tree cover,4.1,West Bengal,Kalimpong,Kalimpong I,Debris,2021,0–500 m,30–40°,>4000 mm,0–10 m,2020s,1,4,6,1
17439,27.1229,88.4981,307.0,32.54,4107.0,27.2,36.3,36.5,39.9,35.0,16.1,0.161,Tree cover,8.3,West Bengal,Kalimpong,Kalimpong I,Debris,2021,0–500 m,30–40°,>4000 mm,0–10 m,2020s,1,4,6,1
17443,27.123319,88.296537,348.0,26.32,3533.0,27.8,35.2,37.0,40.0,35.4,16.4,0.164,Tree cover,3.8,West Bengal,Darjeeling,Darjeeling Pulbazar,Debris,2021,0–500 m,20–30°,3000–4000 mm,0–10 m,2020s,1,3,5,1
17445,27.123442,88.244839,452.0,37.08,3373.0,27.9,35.0,37.0,39.8,34.3,15.9,0.159,Tree cover,15.0,Sikkim,South Sikkim,Soreng,Debris,2021,0–500 m,30–40°,3000–4000 mm,10–50 m,2020s,1,4,5,2
17446,27.123445,88.296579,348.0,26.32,3533.0,27.8,35.2,37.0,40.0,35.4,16.4,0.164,Tree cover,0.7,West Bengal,Darjeeling,Darjeeling Pulbazar,Debris,2021,0–500 m,20–30°,3000–4000 mm,0–10 m,2020s,1,3,5,1
17449,27.123668,88.490259,364.0,34.02,4088.0,27.3,36.3,36.3,40.8,35.5,16.3,0.163,Tree cover,69.1,West Bengal,Darjeeling,Namchi,Debris,2007,0–500 m,30–40°,>4000 mm,50–100 m,2000s,1,4,6,3
17452,27.124052,88.10414,1927.0,34.29,2506.0,27.1,39.7,33.2,41.4,32.6,16.8,0.168,Tree cover,1.1,West Bengal,Darjeeling,Darjeeling Pulbazar,Debris,2021,1500–2000 m,30–40°,2500–3000 mm,0–10 m,2020s,4,4,4,1
17453,27.124197,88.298182,360.0,24.67,3533.0,28.0,35.1,36.9,40.0,35.4,16.4,0.164,Tree cover,5.8,West Bengal,Darjeeling,Darjeeling Pulbazar,Debris,2021,0–500 m,20–30°,3000–4000 mm,0–10 m,2020s,1,3,5,1
17462,27.125338,88.301776,372.0,28.47,3561.0,27.9,35.0,37.1,40.0,35.4,16.4,0.164,Tree cover,2.3,West Bengal,Darjeeling,Darjeeling Pulbazar,Debris,2021,0–500 m,20–30°,3000–4000 mm,0–10 m,2020s,1,3,5,1
17464,27.125551,88.300144,372.0,26.65,3561.0,28.4,34.6,37.0,40.0,35.4,16.4,0.164,Tree cover,3.2,West Bengal,Darjeeling,Darjeeling Pulbazar,Debris,2021,0–500 m,20–30°,3000–4000 mm,0–10 m,2020s,1,3,5,1
17471,27.126523,88.281824,381.0,24.52,3500.0,29.4,33.9,36.7,40.5,34.6,16.4,0.164,Tree cover,4.8,West Bengal,Darjeeling,Darjeeling Pulbazar,Debris,2021,0–500 m,20–30°,3000–4000 mm,0–10 m,2020s,1,3,5,1
17473,27.126929,88.279912,383.0,28.01,3500.0,28.4,34.0,37.6,40.5,34.6,16.4,0.164,Tree cover,1.4,West Bengal,Darjeeling,Darjeeling Pulbazar,Debris,2021,0–500 m,20–30°,3000–4000 mm,0–10 m,2020s,1,3,5,1
17478,27.127667,88.272861,344.0,35.83,3460.0,29.0,34.1,36.8,40.3,35.5,16.2,0.162,Tree cover,1.0,West Bengal,Darjeeling,Darjeeling Pulbazar,Rock,2015,0–500 m,30–40°,3000–4000 mm,0–10 m,2010s,1,4,5,1
17479,27.127726,88.589785,1728.0,20.62,2934.0,28.1,37.1,34.8,40.4,35.2,18.8,0.188,Tree cover,69.2,West Bengal,Darjeeling,Pedong,Debris,1982,1500–2000 m,20–30°,2500–3000 mm,50–100 m,1980s,4,3,4,3
17480,27.127747,88.271325,345.0,25.34,3460.0,27.9,35.2,36.9,40.3,35.5,16.2,0.162,Tree cover,0.3,West Bengal,Darjeeling,Soreng,Debris,2021,0–500 m,20–30°,3000–4000 mm,0–10 m,2020s,1,3,5,1
17483,27.127926,88.27054,354.0,36.81,3460.0,27.9,35.2,36.9,40.3,35.5,16.2,0.162,Tree cover,1.7,West Bengal,Darjeeling,Soreng,Rock,2021,0–500 m,30–40°,3000–4000 mm,0–10 m,2020s,1,4,5,1
17484,27.127938,88.269128,372.0,29.55,3460.0,28.9,34.3,36.8,40.3,35.5,16.2,0.162,Tree cover,5.6,West Bengal,Darjeeling,Soreng,Debris,2021,0–500 m,20–30°,3000–4000 mm,0–10 m,2020s,1,3,5,1
17492,27.129206,88.087937,1906.0,29.52,2452.0,26.4,40.9,32.7,41.8,35.6,18.1,0.181,Tree cover,6.8,West Bengal,Darjeeling,Darjeeling Pulbazar,Debris,2021,1500–2000 m,20–30°,2000–2500 mm,0–10 m,2020s,4,3,3,1
17497,27.13051,88.085144,1900.0,46.76,2452.0,26.5,42.2,31.3,41.4,35.7,16.5,0.165,Tree cover,6.1,West Bengal,Darjeeling,Darjeeling Pulbazar,Debris,2021,1500–2000 m,40–50°,2000–2500 mm,0–10 m,2020s,4,5,3,1
17499,27.130938,88.084674,1922.0,37.08,2452.0,26.5,42.2,31.3,41.4,35.7,16.5,0.165,Tree cover,7.1,West Bengal,Darjeeling,Darjeeling Pulbazar,Debris,2021,1500–2000 m,30–40°,2000–2500 mm,0–10 m,2020s,4,4,3,1
17506,27.133431,88.512387,400.0,24.19,4097.0,27.7,34.9,37.4,40.2,34.8,16.7,0.167,Tree cover,153.6,West Bengal,Darjeeling,Lava,Debris,2007,0–500 m,20–30°,>4000 mm,100–500 m,2000s,1,3,6,4
17511,27.134194,88.081778,1910.0,41.63,2454.0,25.6,37.9,36.5,41.4,35.7,16.5,0.165,Tree cover,0.9,West Bengal,Darjeeling,Darjeeling Pulbazar,Debris,2016,1500–2000 m,40–50°,2000–2500 mm,0–10 m,2010s,4,5,3,1
17515,27.134694,93.743472,129.0,0.54,2886.0,25.1,43.0,32.0,40.0,32.0,15.9,0.159,Cropland,114.8,Arunachal Pradesh,Papum Pare,Naharlagun EAC,Debris,2020,0–500 m,0–10°,2500–3000 mm,100–500 m,2020s,1,1,4,4
17516,27.134847,88.54347,553.0,35.32,4054.0,28.3,35.8,35.8,41.3,36.5,15.8,0.158,Tree cover,1356.0,West Bengal,Darjeeling,Lava,Debris,2013,500–1000 m,30–40°,>4000 mm,>1000 m,2010s,2,4,6,6
17517,27.134978,88.540356,578.0,43.07,4221.0,29.9,35.1,35.0,40.9,36.3,15.7,0.157,Tree cover,1523.1,West Bengal,Darjeeling,Lava,Rock,2013,500–1000 m,40–50°,>4000 mm,>1000 m,2010s,2,5,6,6
17519,27.13689,88.276598,358.0,35.65,3485.0,27.6,34.9,37.5,41.2,35.2,17.8,0.178,Tree cover,17.7,Sikkim,Soreng,Soreng,Rock,2022,0–500 m,30–40°,3000–4000 mm,10–50 m,2020s,1,4,5,2
17527,27.14113,88.518832,335.0,51.03,4183.0,28.3,34.4,37.3,40.9,35.5,16.0,0.16,Tree cover,1.6,West Bengal,Kalimpong,Lava,Rock,2021,0–500 m,>50°,>4000 mm,0–10 m,2020s,1,6,6,1
17528,27.141917,88.66425,832.0,12.95,4030.0,28.2,36.9,34.9,41.9,31.8,17.7,0.177,Tree cover,682.3,West Bengal,Darjeeling,Pedong,Debris,2016,500–1000 m,10–20°,>4000 mm,500–1000 m,2010s,2,2,6,5
17529,27.141929,88.563286,1488.0,28.66,3035.0,27.8,37.4,34.8,40.2,34.1,16.7,0.167,Tree cover,16.3,West Bengal,Darjeeling,Lava,Debris,2012,1000–1500 m,20–30°,3000–4000 mm,10–50 m,2010s,3,3,5,2
17534,27.143115,88.536036,497.0,52.56,4214.0,28.6,34.2,37.2,40.1,35.4,15.5,0.155,Grassland,601.2,West Bengal,Darjeeling,Lava,Debris,2013,0–500 m,>50°,>4000 mm,500–1000 m,2010s,1,6,6,5
17543,27.148719,88.281289,389.0,26.38,3470.0,25.7,36.3,38.1,41.4,35.9,17.8,0.178,Built-up,4.6,Sikkim,Soreng,Soreng,Debris,2022,0–500 m,20–30°,3000–4000 mm,0–10 m,2020s,1,3,5,1
17550,27.15125,88.668222,1027.0,20.28,3849.0,29.1,36.6,34.2,40.3,30.8,15.9,0.159,Tree cover,726.5,West Bengal,Darjeeling,Pedong,Rock,2015,1000–1500 m,20–30°,3000–4000 mm,500–1000 m,2010s,3,3,5,5
17555,27.15296,88.567144,1304.0,15.31,3038.0,26.3,38.8,34.9,40.6,34.0,18.7,0.187,Tree cover,165.8,West Bengal,Darjeeling,Lava,Debris,2012,1000–1500 m,10–20°,3000–4000 mm,100–500 m,2010s,3,2,5,4
17562,27.153861,88.569803,1268.0,34.95,3038.0,24.8,37.4,37.8,40.6,34.0,18.7,0.187,Tree cover,42.9,West Bengal,Darjeeling,Lava,Debris,2016,1000–1500 m,30–40°,3000–4000 mm,10–50 m,2010s,3,4,5,2
17567,27.154778,88.673917,929.0,28.46,3849.0,28.4,38.4,33.2,40.3,30.8,15.9,0.159,Tree cover,740.9,West Bengal,Darjeeling,Pedong,Rock,2014,500–1000 m,20–30°,3000–4000 mm,500–1000 m,2010s,2,3,5,5
17573,27.156553,88.534076,330.0,37.58,4211.0,27.3,35.4,37.3,41.5,36.6,15.6,0.156,Tree cover,1.0,West Bengal,Kalimpong,Lava,Debris,2021,0–500 m,30–40°,>4000 mm,0–10 m,2020s,1,4,6,1
17591,27.158141,88.635771,679.0,26.77,4162.0,30.0,36.9,33.2,40.4,37.0,15.5,0.155,Built-up,7.4,West Bengal,Darjeeling,Pedong,Debris,2006,500–1000 m,20–30°,>4000 mm,0–10 m,2000s,2,3,6,1
17599,27.158667,88.670389,940.0,27.53,3666.0,27.8,36.6,35.6,41.1,36.5,17.4,0.174,Tree cover,520.4,West Bengal,Darjeeling,Pedong,Debris,2014,500–1000 m,20–30°,3000–4000 mm,500–1000 m,2010s,2,3,5,5
17616,27.159778,88.633778,813.0,40.67,4334.0,27.8,36.5,35.7,41.4,37.0,17.2,0.172,Tree cover,0.9,West Bengal,Darjeeling,Pedong,Rock,2010,500–1000 m,40–50°,>4000 mm,0–10 m,2010s,2,5,6,1
17618,27.159889,88.636,670.0,17.7,4334.0,30.5,36.0,33.4,41.4,37.0,17.2,0.172,Built-up,3.4,West Bengal,Darjeeling,Pedong,Rock,2010,500–1000 m,10–20°,>4000 mm,0–10 m,2010s,2,2,6,1
17630,27.161083,88.635806,658.0,19.29,4334.0,31.0,36.2,32.8,41.4,37.0,17.2,0.172,Built-up,3.1,West Bengal,Darjeeling,Pedong,Rock,1991,500–1000 m,10–20°,>4000 mm,0–10 m,1990s,2,2,6,1
17636,27.16192,88.634733,690.0,22.0,4334.0,28.5,36.1,35.3,41.4,37.0,17.2,0.172,Tree cover,139.7,West Bengal,Darjeeling,Pedong,Rock,1968,500–1000 m,20–30°,>4000 mm,100–500 m,1960s,2,3,6,4
17639,27.162306,88.690917,1472.0,31.2,3104.0,28.3,37.2,34.5,41.3,34.2,19.3,0.193,Tree cover,419.8,West Bengal,Darjeeling,Pedong,Debris,2016,1000–1500 m,30–40°,3000–4000 mm,100–500 m,2010s,3,4,5,4
17658,27.165049,88.633306,753.0,21.71,3821.0,28.1,36.6,35.3,41.4,37.0,17.2,0.172,Tree cover,156.1,West Bengal,Darjeeling,Pedong,Debris,1982,500–1000 m,20–30°,3000–4000 mm,100–500 m,1980s,2,3,5,4
17659,27.16514,88.627184,934.0,38.23,3821.0,31.0,35.9,33.2,41.4,36.8,16.9,0.169,Tree cover,66.0,West Bengal,Darjeeling,Pedong,Debris,2009,500–1000 m,30–40°,3000–4000 mm,50–100 m,2000s,2,4,5,3
17668,27.166428,88.623747,1000.0,29.94,3151.0,29.1,37.7,33.2,41.4,36.8,16.9,0.169,Tree cover,29.9,West Bengal,Darjeeling,Pedong,Debris,2006,500–1000 m,20–30°,3000–4000 mm,10–50 m,2000s,2,3,5,2
17669,27.166472,88.623472,1014.0,30.53,3151.0,29.1,37.7,33.2,41.4,36.8,16.9,0.169,Built-up,3.4,West Bengal,Darjeeling,Pedong,Rock,1971,1000–1500 m,30–40°,3000–4000 mm,0–10 m,1970s,3,4,5,1
17682,27.169939,88.514819,473.0,27.57,4093.0,30.1,35.4,34.4,40.5,35.5,16.1,0.161,Tree cover,1.6,Sikkim,South Sikkim,Namchi,Debris,2021,0–500 m,20–30°,>4000 mm,0–10 m,2020s,1,3,6,1
17683,27.170111,88.602528,1062.0,43.08,3609.0,27.3,37.4,35.3,41.7,33.4,17.6,0.176,Tree cover,691.4,West Bengal,Darjeeling,Pedong,Rock,2016,1000–1500 m,40–50°,3000–4000 mm,500–1000 m,2010s,3,5,5,5
17684,27.170542,88.383581,1547.0,38.13,2801.0,27.0,34.7,38.3,41.0,33.9,19.6,0.196,Tree cover,6.5,Sikkim,South Sikkim,Namchi,Debris,2021,1500–2000 m,30–40°,2500–3000 mm,0–10 m,2020s,4,4,4,1
17696,27.1733,88.5647,664.0,32.61,3840.0,28.0,36.1,36.0,41.5,37.2,16.7,0.167,Tree cover,240.6,West Bengal,Darjeeling,Lava,Debris,2007,500–1000 m,30–40°,3000–4000 mm,100–500 m,2000s,2,4,5,4
17699,27.174007,88.563688,705.0,22.39,3840.0,28.0,36.1,36.0,41.5,37.2,16.7,0.167,Tree cover,174.1,West Bengal,Darjeeling,Lava,Rock,2013,500–1000 m,20–30°,3000–4000 mm,100–500 m,2010s,2,3,5,4
17702,27.175,88.56,842.0,39.74,3840.0,29.3,34.9,35.7,40.4,36.3,16.0,0.16,Tree cover,93.1,West Bengal,Darjeeling,Lava,Rock,2012,500–1000 m,30–40°,3000–4000 mm,50–100 m,2010s,2,4,5,3
17708,27.176978,88.528472,330.0,44.24,4172.0,27.6,35.9,36.4,41.3,36.4,15.6,0.156,Tree cover,10.0,Sikkim,East Sikkim,Rangpo,Debris,2019,0–500 m,40–50°,>4000 mm,0–10 m,2010s,1,5,6,1
17711,27.177667,88.521194,330.0,41.85,4146.0,26.0,37.2,36.8,41.0,36.7,15.3,0.153,Built-up,4.1,Sikkim,East Sikkim,Namchi,Debris,2019,0–500 m,40–50°,>4000 mm,0–10 m,2010s,1,5,6,1
17734,27.181194,88.533333,394.0,42.51,4172.0,26.2,36.1,37.8,41.3,36.4,15.6,0.156,Tree cover,0.2,Sikkim,Pakyong,Rangpo,Debris,2022,0–500 m,40–50°,>4000 mm,0–10 m,2020s,1,5,6,1
17737,27.182,88.539278,387.0,37.75,4172.0,25.2,37.5,37.3,40.9,36.6,17.5,0.175,Tree cover,3.6,Sikkim,Pakyong,Rangpo,Rock,2022,0–500 m,30–40°,>4000 mm,0–10 m,2020s,1,4,6,1
17741,27.184361,88.576,512.0,27.93,4297.0,27.8,36.7,35.5,41.5,36.2,16.2,0.162,Tree cover,678.5,West Bengal,Darjeeling,Pedong,Rock,2016,500–1000 m,20–30°,>4000 mm,500–1000 m,2010s,2,3,6,5
17742,27.184639,88.570278,401.0,27.98,4273.0,28.1,37.0,34.9,41.5,36.2,16.2,0.162,Tree cover,447.2,West Bengal,Darjeeling,Lava,Rock,2015,0–500 m,20–30°,>4000 mm,100–500 m,2010s,1,3,6,4
17744,27.1855,88.546389,369.0,39.04,4211.0,27.2,36.7,36.1,41.6,36.2,17.0,0.17,Tree cover,4.5,Sikkim,Pakyong,Rangpo,Debris,2022,0–500 m,30–40°,>4000 mm,0–10 m,2020s,1,4,6,1
17751,27.188458,88.568606,469.0,29.39,4273.0,27.4,36.7,35.9,41.3,36.5,15.9,0.159,Tree cover,2.8,Sikkim,Pakyong,Rangpo,Debris,2015,0–500 m,20–30°,>4000 mm,0–10 m,2010s,1,3,6,1
17758,27.189972,88.594444,448.0,24.68,4328.0,29.1,37.1,33.8,40.8,37.1,17.8,0.178,Tree cover,4.0,Sikkim,Pakyong,Rangpo,Rock,2015,0–500 m,20–30°,>4000 mm,0–10 m,2010s,1,3,6,1
17765,27.190611,88.584611,443.0,52.18,4322.0,26.6,36.2,37.2,40.8,36.2,17.4,0.174,Tree cover,12.2,Sikkim,Pakyong,Rangpo,Rock,2022,0–500 m,>50°,>4000 mm,10–50 m,2020s,1,6,6,2
17772,27.192306,88.591744,477.0,44.36,4135.0,27.8,37.1,35.1,42.2,36.4,19.1,0.191,Tree cover,0.9,Sikkim,Pakyong,Rangpo,Rock,2022,0–500 m,40–50°,>4000 mm,0–10 m,2020s,1,5,6,1
17782,27.195589,88.628028,590.0,41.59,4377.0,29.2,36.7,34.1,40.2,36.1,17.4,0.174,Tree cover,28.0,Sikkim,East Sikkim,Pakyong,Debris,2021,500–1000 m,40–50°,>4000 mm,10–50 m,2020s,2,5,6,2
17787,27.197025,88.608444,538.0,34.26,4365.0,29.6,36.3,34.1,41.2,35.1,18.4,0.184,Tree cover,11.0,Sikkim,Pakyong,Pakyong,Rock,2022,500–1000 m,30–40°,>4000 mm,10–50 m,2020s,2,4,6,2
17796,27.199506,88.326961,515.0,42.2,3568.0,27.0,34.9,38.1,40.4,35.4,16.2,0.162,Tree cover,37.7,Sikkim,Geyzing,Mangalbarey,Debris,2022,500–1000 m,40–50°,3000–4000 mm,10–50 m,2020s,2,5,5,2
17802,27.20175,88.608528,674.0,31.17,4253.0,29.1,35.9,35.0,40.7,35.7,16.9,0.169,Tree cover,2.9,Sikkim,Pakyong,Pakyong,Debris,2022,500–1000 m,30–40°,>4000 mm,0–10 m,2020s,2,4,6,1
17807,27.202722,88.487028,390.0,47.83,4041.0,26.1,36.5,37.4,41.9,36.5,17.1,0.171,Tree cover,6.8,Sikkim,East Sikkim,Namchi,Rock,2019,0–500 m,40–50°,>4000 mm,0–10 m,2010s,1,5,6,1
17817,27.205833,88.607528,790.0,29.9,3840.0,27.6,35.9,36.6,41.4,34.6,19.3,0.193,Built-up,5.1,Sikkim,Pakyong,Pakyong,Rock,2020,500–1000 m,20–30°,3000–4000 mm,0–10 m,2020s,2,3,5,1
17823,27.206833,88.489306,353.0,25.8,4041.0,24.7,37.3,38.0,41.9,36.5,17.1,0.171,Tree cover,14.8,Sikkim,East Sikkim,Namchi,Debris,2022,0–500 m,20–30°,>4000 mm,10–50 m,2020s,1,3,6,2
17827,27.207056,88.489528,353.0,25.8,4041.0,24.7,37.3,38.0,41.9,36.5,17.1,0.171,Tree cover,3.6,Sikkim,East Sikkim,Namchi,Debris,2019,0–500 m,20–30°,>4000 mm,0–10 m,2010s,1,3,6,1
17832,27.207659,93.615842,582.0,28.72,2700.0,28.3,37.6,34.1,41.1,33.6,16.1,0.161,Tree cover,4.5,Arunachal Pradesh,Papum Pare,Toru Circle,Debris,2017,500–1000 m,20–30°,2500–3000 mm,0–10 m,2010s,2,3,4,1
17853,27.216417,88.603639,1064.0,24.81,3577.0,26.5,35.8,37.7,41.3,35.5,18.0,0.18,Built-up,5.2,Sikkim,Pakyong,Pakyong,Rock,2005,1000–1500 m,20–30°,3000–4000 mm,0–10 m,2000s,3,3,5,1
17869,27.219861,88.596861,1171.0,23.7,3039.0,27.3,34.8,37.9,41.4,36.2,18.3,0.183,Tree cover,21.5,Sikkim,Pakyong,Pakyong,Debris,2018,1000–1500 m,20–30°,3000–4000 mm,10–50 m,2010s,3,3,5,2
17882,27.221228,88.735475,1273.0,32.76,3137.0,28.9,35.3,35.9,41.8,35.5,19.5,0.195,Tree cover,12.6,Sikkim,East Sikkim,Rongli,Debris,2021,1000–1500 m,30–40°,3000–4000 mm,10–50 m,2020s,3,4,5,2
17911,27.234444,88.490833,381.0,43.07,4008.0,28.6,36.6,34.8,40.6,36.1,15.9,0.159,Tree cover,9.7,Sikkim,East Sikkim,Namchi,Rock,2021,0–500 m,40–50°,>4000 mm,0–10 m,2020s,1,5,6,1
17921,27.236,88.757222,1662.0,10.22,2561.0,28.3,39.0,32.7,41.5,34.5,17.5,0.175,Tree cover,0.2,Sikkim,East Sikkim,Rongli,Debris,2021,1500–2000 m,10–20°,2500–3000 mm,0–10 m,2020s,4,2,4,1
17934,27.238515,88.488124,400.0,36.11,4008.0,26.4,38.3,35.4,40.3,34.2,16.4,0.164,Tree cover,0.6,Sikkim,East Sikkim,Namchi,Debris,2022,0–500 m,30–40°,>4000 mm,0–10 m,2020s,1,4,6,1
17938,27.23995,93.806589,269.0,31.03,2949.0,26.0,41.2,32.7,40.6,32.4,15.8,0.158,Tree cover,67.0,Arunachal Pradesh,Lower Subansiri,Toru Circle,Debris,2016,0–500 m,30–40°,2500–3000 mm,50–100 m,2010s,1,4,4,3
17959,27.242972,88.470556,507.0,33.21,3952.0,27.1,37.0,35.9,39.8,35.3,15.7,0.157,Tree cover,7.7,Sikkim,East Sikkim,Namchi,Debris,2022,500–1000 m,30–40°,3000–4000 mm,0–10 m,2020s,2,4,5,1
17969,27.246131,93.804711,275.0,25.81,2948.0,27.8,41.0,31.3,40.4,32.4,14.8,0.148,Built-up,109.3,Arunachal Pradesh,Lower Subansiri,Toru Circle,Debris,2016,0–500 m,20–30°,2500–3000 mm,100–500 m,2010s,1,3,4,4
17974,27.247222,88.606667,1288.0,25.81,2948.0,28.6,37.0,34.4,40.4,32.4,16.4,0.164,Built-up,12.7,Sikkim,East Sikkim,Pakyong,Debris,2021,1000–1500 m,20–30°,2500–3000 mm,10–50 m,2020s,3,3,4,2
17975,27.247778,88.5975,1263.0,18.01,2894.0,25.6,39.0,35.4,40.8,36.1,18.2,0.182,Built-up,0.3,Sikkim,East Sikkim,Pakyong,Debris,2021,1000–1500 m,10–20°,2500–3000 mm,0–10 m,2020s,3,2,4,1
17980,27.248833,88.601917,1161.0,17.21,2948.0,29.2,37.0,33.9,40.8,36.1,18.2,0.182,Tree cover,3.9,Sikkim,Pakyong,Pakyong,Debris,2022,1000–1500 m,10–20°,2500–3000 mm,0–10 m,2020s,3,2,4,1
17981,27.249192,88.602194,1141.0,25.35,2948.0,29.2,37.0,33.9,40.8,36.1,18.2,0.182,Tree cover,44.1,Sikkim,Pakyong,Pakyong,Debris,2022,1000–1500 m,20–30°,2500–3000 mm,10–50 m,2020s,3,3,4,2
17986,27.250614,88.462803,540.0,45.3,3821.0,29.3,35.7,35.0,39.8,35.9,16.1,0.161,Built-up,5.4,Sikkim,East Sikkim,Namchi,Debris,2021,500–1000 m,40–50°,3000–4000 mm,0–10 m,2020s,2,5,5,1
17987,27.250667,88.531444,499.0,29.58,3925.0,30.4,37.2,32.4,41.1,34.8,18.3,0.183,Tree cover,1.5,Sikkim,East Sikkim,Rabdang,Rock,2022,0–500 m,20–30°,3000–4000 mm,0–10 m,2020s,1,3,5,1
17990,27.251361,88.461333,554.0,30.28,3821.0,28.2,36.0,35.7,40.1,35.3,15.3,0.153,Tree cover,3.7,Sikkim,East District,Namchi,Debris,2018,500–1000 m,30–40°,3000–4000 mm,0–10 m,2010s,2,4,5,1
17998,27.25225,88.608111,1139.0,40.39,3300.0,29.3,36.6,34.1,40.4,32.4,16.4,0.164,Tree cover,16.1,Sikkim,East Sikkim,Pakyong,Rock,2021,1000–1500 m,40–50°,3000–4000 mm,10–50 m,2020s,3,5,5,2
17999,27.252528,88.527778,688.0,39.05,3925.0,29.6,37.0,33.4,41.1,34.8,18.3,0.183,Tree cover,7.9,Sikkim,East Sikkim,Rabdang,Debris,2021,500–1000 m,30–40°,3000–4000 mm,0–10 m,2020s,2,4,5,1
18001,27.253333,88.531944,554.0,38.03,3925.0,30.0,37.1,32.9,41.1,34.8,18.3,0.183,Tree cover,96.0,Sikkim,East Sikkim,Rabdang,Rock,2020,500–1000 m,30–40°,3000–4000 mm,50–100 m,2020s,2,4,5,3
18003,27.2535,88.541417,602.0,25.94,3880.0,30.6,36.2,33.2,39.9,35.6,16.3,0.163,Tree cover,10.3,Sikkim,Gangtok,Rabdang,Debris,2022,500–1000 m,20–30°,3000–4000 mm,10–50 m,2020s,2,3,5,2
18006,27.2536,88.6043,1071.0,17.06,3300.0,27.1,37.4,35.6,40.8,36.1,18.2,0.182,Built-up,11.4,Sikkim,Pakyong,Pakyong,Debris,2022,1000–1500 m,10–20°,3000–4000 mm,10–50 m,2020s,3,2,5,2
18021,27.256583,88.545917,653.0,29.03,3994.0,29.7,36.8,33.5,40.0,35.1,16.6,0.166,Tree cover,10.9,Sikkim,East District,Rabdang,Debris,2019,500–1000 m,20–30°,3000–4000 mm,10–50 m,2010s,2,3,5,2
18038,27.258583,88.461667,582.0,31.83,3285.0,28.0,37.3,34.6,40.1,33.6,16.8,0.168,Tree cover,9.3,Sikkim,East Sikkim,Rabdang,Debris,2021,500–1000 m,30–40°,3000–4000 mm,0–10 m,2020s,2,4,5,1
18063,27.263528,88.190472,1047.0,33.46,2355.0,23.1,35.9,41.1,39.3,34.0,15.6,0.156,Tree cover,20.5,Sikkim,"Gyalshing District, Sikkim",Dentam,Debris,2022,1000–1500 m,30–40°,2000–2500 mm,10–50 m,2020s,3,4,3,2
18076,27.269556,88.152361,1427.0,31.62,2301.0,25.9,35.3,38.8,41.3,34.8,17.0,0.17,Bare / sparse vegetation,7.3,Sikkim,West Sikkim,Dentam,Debris,2020,1000–1500 m,30–40°,2000–2500 mm,0–10 m,2020s,3,4,3,1
18095,27.273528,88.577833,937.0,35.3,3739.0,26.8,36.2,37.0,41.2,36.2,19.2,0.192,Tree cover,6.9,Sikkim,East District,Gangtok,Debris,2019,500–1000 m,30–40°,3000–4000 mm,0–10 m,2010s,2,4,5,1
18100,27.274694,88.176889,1694.0,34.08,2308.0,27.2,44.0,28.8,41.0,34.4,17.2,0.172,Tree cover,22.5,Sikkim,West Sikkim,Gyalshing,Debris,2020,1500–2000 m,30–40°,2000–2500 mm,10–50 m,2020s,4,4,3,2
18108,27.277214,88.572444,977.0,35.47,2928.0,26.5,35.3,38.2,40.6,34.9,18.3,0.183,Tree cover,21.3,Sikkim,East District,Gangtok,Debris,2017,500–1000 m,30–40°,2500–3000 mm,10–50 m,2010s,2,4,4,2
18111,27.278722,88.184583,1751.0,40.79,2371.0,27.4,37.1,35.5,41.2,34.7,17.5,0.175,Tree cover,1.4,Sikkim,West Sikkim,Gyalshing,Debris,2020,1500–2000 m,40–50°,2000–2500 mm,0–10 m,2020s,4,5,3,1
18121,27.281194,88.589528,989.0,34.37,3436.0,28.3,36.6,35.1,41.6,36.6,18.3,0.183,Tree cover,7.6,Sikkim,East Sikkim,Gangtok,Debris,2022,500–1000 m,30–40°,3000–4000 mm,0–10 m,2020s,2,4,5,1
18140,27.285778,88.5535,1669.0,50.91,2621.0,26.9,34.0,39.1,41.3,34.3,18.5,0.185,Tree cover,4.9,Sikkim,East Sikkim,Gangtok,Debris,2021,1500–2000 m,>50°,2500–3000 mm,0–10 m,2020s,4,6,4,1
18149,27.28847,88.30139,1134.0,35.41,2506.0,27.1,35.2,37.7,40.2,36.2,18.1,0.181,Tree cover,28.1,Sikkim,Namchi,Ravong,Debris,2022,1000–1500 m,30–40°,2500–3000 mm,10–50 m,2020s,3,4,4,2
18165,27.294886,93.803328,657.0,38.63,2740.0,30.0,38.1,31.9,40.9,33.5,17.2,0.172,Grassland,14.7,Arunachal Pradesh,Lower Subansiri,Toru Circle,Debris,2016,500–1000 m,30–40°,2500–3000 mm,10–50 m,2010s,2,4,4,2
18202,27.307072,93.806008,716.0,4.97,2614.0,25.9,38.1,36.0,41.4,34.7,18.5,0.185,Bare / sparse vegetation,38.7,Arunachal Pradesh,Lower Subansiri,Toru Circle,Debris,2016,500–1000 m,0–10°,2500–3000 mm,10–50 m,2010s,2,1,4,2
18206,27.312722,88.459444,684.0,36.24,3469.0,28.4,34.8,36.9,41.3,34.4,16.2,0.162,Tree cover,5.8,Sikkim,East District,Rabdang,Debris,2018,500–1000 m,30–40°,3000–4000 mm,0–10 m,2010s,2,4,5,1
18225,27.317694,88.469833,733.0,36.9,3746.0,24.2,36.1,39.7,40.6,35.1,15.8,0.158,Tree cover,37.4,Sikkim,East District,Rabdang,Rock,2018,500–1000 m,30–40°,3000–4000 mm,10–50 m,2010s,2,4,5,2
18233,27.325009,88.470444,501.0,32.83,3535.0,29.5,34.1,36.4,40.6,34.7,18.3,0.183,Tree cover,5.5,Sikkim,"South district, Sikkim",Yangang,Debris,2021,500–1000 m,30–40°,3000–4000 mm,0–10 m,2020s,2,4,5,1
18244,27.328889,88.607778,1440.0,36.85,2793.0,26.3,36.1,37.6,40.8,33.4,17.1,0.171,Tree cover,21.3,Sikkim,East Sikkim,Gangtok,Rock,2021,1000–1500 m,30–40°,2500–3000 mm,10–50 m,2020s,3,4,4,2
18259,27.339267,93.802581,760.0,33.58,2509.0,29.2,35.7,35.1,40.3,31.5,16.1,0.161,Tree cover,2.7,Arunachal Pradesh,Lower Subansiri,Yazali Circle,Debris,2016,500–1000 m,30–40°,2500–3000 mm,0–10 m,2010s,2,4,4,1
18270,27.342222,88.607222,1576.0,23.52,2678.0,27.2,36.7,36.1,40.7,34.1,16.9,0.169,Built-up,46.5,Sikkim,East Sikkim,Gangtok,Debris,2021,1500–2000 m,20–30°,2500–3000 mm,10–50 m,2020s,4,3,4,2
18282,27.353333,88.616667,1721.0,25.52,2378.0,26.4,40.0,33.6,41.2,34.8,18.1,0.181,Built-up,21.5,Sikkim,East Sikkim,Gangtok,Debris,2021,1500–2000 m,20–30°,2000–2500 mm,10–50 m,2020s,4,3,3,2
18283,27.356944,88.618333,1719.0,26.41,2378.0,26.6,42.0,31.4,41.9,33.8,16.5,0.165,Built-up,19.0,Sikkim,East Sikkim,Gangtok,Soil,2021,1500–2000 m,20–30°,2000–2500 mm,10–50 m,2020s,4,3,3,2
18285,27.358056,88.621111,1742.0,25.27,2378.0,26.5,42.0,31.5,41.4,33.0,16.4,0.164,Tree cover,2.9,Sikkim,East Sikkim,Gangtok,Debris,2021,1500–2000 m,20–30°,2000–2500 mm,0–10 m,2020s,4,3,3,1
18288,27.358611,88.620278,1689.0,25.77,2465.0,26.4,42.0,31.6,41.4,33.0,16.4,0.164,Tree cover,15.7,Sikkim,East Sikkim,Gangtok,Debris,2021,1500–2000 m,20–30°,2000–2500 mm,10–50 m,2020s,4,3,3,2
18295,27.363889,88.620833,1709.0,28.47,2465.0,23.8,39.9,36.4,41.0,34.8,16.9,0.169,Tree cover,22.7,Sikkim,East Sikkim,Kabi,Debris,2021,1500–2000 m,20–30°,2000–2500 mm,10–50 m,2020s,4,3,3,2
18300,27.365556,88.652194,2320.0,29.94,1935.0,27.7,36.5,35.8,40.3,33.7,17.7,0.177,Grassland,12.8,Sikkim,,Gangtok,Debris,2013,2000–3000 m,20–30°,1500–2000 mm,10–50 m,2010s,5,3,2,2
18314,27.369934,88.485928,814.0,37.09,3273.0,29.0,34.0,37.1,41.0,34.9,15.5,0.155,Tree cover,6.9,Sikkim,"East district, Sikkim",Rabdang,Debris,2021,500–1000 m,30–40°,3000–4000 mm,0–10 m,2020s,2,4,5,1
18318,27.370556,88.616111,1903.0,13.47,2366.0,24.5,41.4,34.1,41.5,35.3,18.1,0.181,Built-up,13.4,Sikkim,East Sikkim,Gangtok,Debris,2021,1500–2000 m,10–20°,2000–2500 mm,10–50 m,2020s,4,2,3,2
18325,27.372111,88.616719,1879.0,25.22,2282.0,26.8,38.7,34.5,41.1,35.2,17.8,0.178,Tree cover,2.2,Sikkim,East Sikkim,Rabdang,Debris,2022,1500–2000 m,20–30°,2000–2500 mm,0–10 m,2020s,4,3,3,1
18326,27.372167,88.616639,1879.0,25.22,2366.0,26.8,38.7,34.5,41.1,35.2,17.8,0.178,Tree cover,3.0,Sikkim,East Sikkim,Rabdang,Debris,2021,1500–2000 m,20–30°,2000–2500 mm,0–10 m,2020s,4,3,3,1
18330,27.372722,88.675889,2581.0,27.81,1437.0,31.2,37.2,31.6,39.6,32.4,18.9,0.189,Tree cover,70.2,Sikkim,,Kabi,Debris,2011,2000–3000 m,20–30°,<1500 mm,50–100 m,2010s,5,3,1,3
18362,27.381556,88.638833,1709.0,21.81,2312.0,26.5,40.1,33.4,40.8,34.0,16.3,0.163,Tree cover,13.1,Sikkim,East Sikkim,Kabi,Debris,2021,1500–2000 m,20–30°,2000–2500 mm,10–50 m,2020s,4,3,3,2
18373,27.393056,88.635278,1574.0,36.02,2383.0,26.2,40.3,33.5,41.9,33.1,18.6,0.186,Grassland,30.4,Sikkim,North District,Kabi,Rock,2018,1500–2000 m,30–40°,2000–2500 mm,10–50 m,2010s,4,4,3,2
18377,27.393367,88.522369,1047.0,37.11,3346.0,29.4,33.3,37.3,41.0,35.7,16.0,0.16,Tree cover,4.3,Sikkim,"Gangtok District, Sikkim",Rabdang,Debris,2023,1000–1500 m,30–40°,3000–4000 mm,0–10 m,2020s,3,4,5,1
18380,27.394722,88.623611,1588.0,17.27,2487.0,26.5,37.5,36.0,41.7,34.5,17.5,0.175,Tree cover,27.4,Sikkim,North Sikkim,Kabi,Debris,2021,1500–2000 m,10–20°,2000–2500 mm,10–50 m,2020s,4,2,3,2
18462,27.478889,88.528611,885.0,31.31,3254.0,28.1,34.7,37.3,40.4,35.6,17.9,0.179,Tree cover,31.6,Sikkim,North Sikkim,Kabi,Rock,2021,500–1000 m,30–40°,3000–4000 mm,10–50 m,2020s,2,4,5,2
18476,27.514739,88.577589,1430.0,23.38,2339.0,27.7,39.5,32.8,40.9,34.4,18.0,0.18,Tree cover,2.5,Sikkim,North Sikkim,Mangan,Rock,2022,1000–1500 m,20–30°,2000–2500 mm,0–10 m,2020s,3,3,3,1
18479,27.5152,88.56456,1392.0,29.44,2341.0,29.1,36.5,34.4,41.3,35.9,18.1,0.181,Tree cover,4.2,Sikkim,North Sikkim,Mangan,Debris,2014,1000–1500 m,20–30°,2000–2500 mm,0–10 m,2010s,3,3,3,1
18503,27.535333,88.497972,911.0,42.67,2828.0,27.4,34.8,37.8,40.4,33.9,16.5,0.165,Tree cover,21.7,Sikkim,North Sikkim,Dzongu,Rock,2006,500–1000 m,40–50°,2500–3000 mm,10–50 m,2000s,2,5,4,2
18528,27.549758,88.575308,1889.0,34.01,2192.0,22.3,40.2,37.5,41.8,33.8,18.2,0.182,Tree cover,29.7,Sikkim,North Sikkim,Chungthang,Rock,2022,1500–2000 m,30–40°,2000–2500 mm,10–50 m,2020s,4,4,3,2
18535,27.553142,88.621797,1747.0,33.16,2018.0,21.3,43.3,35.4,41.1,35.0,17.6,0.176,Tree cover,12.8,Sikkim,North Sikkim,Chungthang,Debris,2022,1500–2000 m,30–40°,2000–2500 mm,10–50 m,2020s,4,4,3,2
18545,27.557044,88.579322,1923.0,25.08,2000.0,21.8,40.0,38.2,41.6,34.5,18.0,0.18,Tree cover,34.7,Sikkim,North Sikkim,Chungthang,Debris,2021,1500–2000 m,20–30°,1500–2000 mm,10–50 m,2020s,4,3,2,2
18546,27.561083,91.911528,1924.0,11.49,1130.0,33.6,31.9,34.5,39.9,32.7,20.2,0.202,Grassland,40.1,Arunachal Pradesh,Tawang,Lhou Circle,Debris,2016,1500–2000 m,10–20°,<1500 mm,10–50 m,2010s,4,2,1,2
18559,27.58006,91.97728,2280.0,22.9,1140.0,28.9,34.3,36.9,39.6,33.5,18.9,0.189,Tree cover,57.5,Arunachal Pradesh,Tawang,Jang ADC,Rock,2013,2000–3000 m,20–30°,<1500 mm,50–100 m,2010s,5,3,1,3
18565,27.587417,91.886944,2596.0,4.04,1118.0,31.6,29.3,39.2,40.7,34.7,19.3,0.193,Grassland,27.9,Arunachal Pradesh,Tawang,Lhou Circle,Debris,2016,2000–3000 m,0–10°,<1500 mm,10–50 m,2010s,5,1,1,2
18567,27.587611,91.894167,2380.0,19.29,1152.0,33.1,28.0,38.9,40.7,34.7,19.3,0.193,Grassland,240.9,Arunachal Pradesh,Tawang,Lhou Circle,Debris,2016,2000–3000 m,10–20°,<1500 mm,100–500 m,2010s,5,2,1,4
18568,27.589,91.873194,2814.0,5.08,1024.0,29.0,33.5,37.5,39.8,32.4,18.7,0.187,Grassland,2.8,Arunachal Pradesh,Tawang,Kitpi Circle,Soil,2016,2000–3000 m,0–10°,<1500 mm,0–10 m,2010s,5,1,1,1
18569,27.58925,91.795667,2599.0,31.77,1119.0,25.3,43.4,31.3,40.0,33.0,17.3,0.173,Tree cover,1051.2,Arunachal Pradesh,Tawang,Tawang HQ,Rock,2016,2000–3000 m,30–40°,<1500 mm,>1000 m,2010s,5,4,1,6
18573,27.590639,91.876806,2884.0,10.65,1039.0,29.9,33.9,36.3,41.0,34.6,20.2,0.202,Bare / sparse vegetation,28.5,Arunachal Pradesh,Tawang,Kitpi Circle,Soil,2016,2000–3000 m,10–20°,<1500 mm,10–50 m,2010s,5,2,1,2
18575,27.591389,91.9025,2535.0,22.1,1122.0,33.9,28.2,37.9,40.2,34.4,20.3,0.203,Tree cover,177.2,Arunachal Pradesh,Tawang,Lhou Circle,Rock,2016,2000–3000 m,20–30°,<1500 mm,100–500 m,2010s,5,3,1,4
18580,27.592639,91.867528,2914.0,18.45,946.0,28.1,35.0,36.9,39.8,32.4,18.7,0.187,Built-up,7.2,Arunachal Pradesh,Tawang,Kitpi Circle,Unspecified,2016,2000–3000 m,10–20°,<1500 mm,0–10 m,2010s,5,2,1,1
18582,27.593139,91.873889,2939.0,10.37,946.0,29.0,34.8,36.2,39.8,32.4,18.7,0.187,Built-up,25.8,Arunachal Pradesh,Tawang,Kitpi Circle,Unspecified,2016,2000–3000 m,10–20°,<1500 mm,10–50 m,2010s,5,2,1,2
18586,27.595167,91.895444,2428.0,39.88,1130.0,30.7,30.6,38.6,40.7,34.7,19.3,0.193,Built-up,1.7,Arunachal Pradesh,Tawang,Lhou Circle,Debris,2016,2000–3000 m,30–40°,<1500 mm,0–10 m,2010s,5,4,1,1
18588,27.596639,91.878972,2898.0,14.5,992.0,31.1,28.0,40.9,40.2,32.9,18.8,0.188,Grassland,18.5,Arunachal Pradesh,Tawang,Kitpi Circle,Debris,2016,2000–3000 m,10–20°,<1500 mm,10–50 m,2010s,5,2,1,2
18591,27.599806,91.876111,2937.0,9.2,992.0,29.5,37.6,32.9,40.2,32.9,18.8,0.188,Grassland,12.0,Arunachal Pradesh,Tawang,Kitpi Circle,Debris,2016,2000–3000 m,0–10°,<1500 mm,10–50 m,2010s,5,1,1,2
18596,27.619361,88.661314,1862.0,43.22,1830.0,19.1,44.7,36.2,41.2,34.7,17.9,0.179,Tree cover,47.3,Sikkim,North Sikkim,Chungthang,Rock,2021,1500–2000 m,40–50°,1500–2000 mm,10–50 m,2020s,4,5,2,2
18605,27.634028,88.704361,2211.0,46.98,1143.0,21.3,46.6,32.2,37.5,33.8,16.4,0.164,Grassland,23.6,Sikkim,North Sikkim,Chungthang,Debris,2018,2000–3000 m,40–50°,<1500 mm,10–50 m,2010s,5,5,1,2
18629,27.690111,93.632556,1019.0,20.79,2317.0,28.0,36.5,35.4,40.9,34.0,17.2,0.172,Tree cover,234.8,Arunachal Pradesh,Kra Daadi,Palin Circle,Debris,2017,1000–1500 m,20–30°,2000–2500 mm,100–500 m,2010s,3,3,3,4
18631,27.699203,88.566597,2445.0,37.68,1082.0,22.3,42.1,35.6,40.0,35.1,18.3,0.183,Tree cover,62.3,Sikkim,North Sikkim,Chungthang,Debris,2021,2000–3000 m,30–40°,<1500 mm,50–100 m,2020s,5,4,1,3
18742,27.90467,96.35917,988.0,37.74,2635.0,28.7,40.2,31.1,41.4,31.7,17.8,0.178,Tree cover,300.0,Arunachal Pradesh,Lohit,Tezu HQ,Rock,2013,500–1000 m,30–40°,2500–3000 mm,100–500 m,2010s,2,4,4,4
18745,27.90664,96.35964,1051.0,34.19,2635.0,28.0,40.3,31.7,41.4,31.7,17.8,0.178,Tree cover,362.3,Arunachal Pradesh,Lohit,Tezu HQ,Rock,2013,1000–1500 m,30–40°,2500–3000 mm,100–500 m,2010s,3,4,4,4
18747,27.90814,96.36028,1072.0,38.18,2635.0,28.0,40.3,31.7,41.4,31.7,17.8,0.178,Tree cover,374.1,Arunachal Pradesh,Lohit,Tezu HQ,Rock,2013,1000–1500 m,30–40°,2500–3000 mm,100–500 m,2010s,3,4,4,4
18750,27.91164,96.34269,1271.0,35.54,2598.0,31.7,34.5,33.8,41.8,32.8,20.4,0.204,Tree cover,319.3,Arunachal Pradesh,Lohit,Tezu HQ,Rock,2013,1000–1500 m,30–40°,2500–3000 mm,100–500 m,2010s,3,4,4,4
18755,27.91647,96.33161,1199.0,30.56,2698.0,28.7,38.2,33.1,41.4,32.8,20.6,0.206,Tree cover,5.5,Arunachal Pradesh,Lohit,Tezu HQ,Rock,2013,1000–1500 m,30–40°,2500–3000 mm,0–10 m,2010s,3,4,4,1
18756,27.91669,96.33833,1264.0,21.92,2460.0,28.6,38.6,32.7,41.4,32.8,20.6,0.206,Tree cover,123.8,Arunachal Pradesh,Lohit,Tezu HQ,Rock,2013,1000–1500 m,20–30°,2000–2500 mm,100–500 m,2010s,3,3,3,4
18757,27.91886,96.33156,1314.0,29.62,2591.0,28.8,37.2,34.0,40.8,31.5,16.5,0.165,Tree cover,33.1,Arunachal Pradesh,Lohit,Tezu HQ,Rock,2014,1000–1500 m,20–30°,2500–3000 mm,10–50 m,2010s,3,3,4,2
18762,27.93967,96.38097,1566.0,31.53,2389.0,31.7,36.9,31.4,41.9,32.0,18.0,0.18,Tree cover,261.4,Arunachal Pradesh,Lohit,Tezu HQ,Debris,2014,1500–2000 m,30–40°,2000–2500 mm,100–500 m,2010s,4,4,3,4
18770,27.95603,96.40267,635.0,40.05,2823.0,27.3,43.5,29.1,39.5,31.5,16.8,0.168,Tree cover,236.9,Arunachal Pradesh,Lohit,Tezu HQ,Debris,2014,500–1000 m,40–50°,2500–3000 mm,100–500 m,2010s,2,5,4,4
18771,27.95672,96.39697,891.0,17.62,2731.0,25.9,44.2,29.9,39.5,31.5,16.8,0.168,Tree cover,31.1,Arunachal Pradesh,Lohit,Tezu HQ,Debris,2014,500–1000 m,10–20°,2500–3000 mm,10–50 m,2010s,2,2,4,2
18774,27.96325,96.40097,518.0,31.65,2844.0,27.3,45.0,27.7,39.5,31.5,16.8,0.168,Tree cover,70.7,Arunachal Pradesh,Lohit,Tezu HQ,Debris,2014,500–1000 m,30–40°,2500–3000 mm,50–100 m,2010s,2,4,4,3
18777,27.96756,96.40214,412.0,23.92,2847.0,29.1,43.1,27.9,39.7,31.2,16.3,0.163,Tree cover,132.4,Arunachal Pradesh,Lohit,Tezu HQ,Rock,2013,0–500 m,20–30°,2500–3000 mm,100–500 m,2010s,1,3,4,4
18786,28.00611,96.42872,437.0,18.49,2821.0,30.5,41.0,28.5,40.7,31.2,16.6,0.166,Tree cover,106.8,Arunachal Pradesh,Anjaw,Hayuliang ADC,Debris,2014,0–500 m,10–20°,2500–3000 mm,100–500 m,2010s,1,2,4,4
18792,28.01992,96.443,433.0,1.68,2824.0,29.8,39.6,30.6,40.8,32.5,17.2,0.172,Grassland,250.6,Arunachal Pradesh,Anjaw,Hayuliang ADC,Rock,2014,0–500 m,0–10°,2500–3000 mm,100–500 m,2010s,1,1,4,4
18805,28.05939,96.48397,494.0,11.89,2795.0,29.6,40.8,29.7,41.3,31.5,17.4,0.174,Bare / sparse vegetation,141.8,Arunachal Pradesh,Anjaw,Hayuliang ADC,Debris,2014,0–500 m,10–20°,2500–3000 mm,100–500 m,2010s,1,2,4,4
18809,28.06006,96.44636,657.0,39.4,2739.0,25.4,45.3,29.3,40.0,32.0,17.3,0.173,Tree cover,89.8,Arunachal Pradesh,Anjaw,Hayuliang ADC,Debris,2013,500–1000 m,30–40°,2500–3000 mm,50–100 m,2010s,2,4,4,3
18856,28.11142,96.54528,1010.0,53.92,2610.0,28.8,44.7,26.6,40.7,32.9,16.8,0.168,Tree cover,361.2,Arunachal Pradesh,Anjaw,Hayuliang ADC,Rock,2012,1000–1500 m,>50°,2500–3000 mm,100–500 m,2010s,3,6,4,4
18861,28.11594,96.54689,844.0,41.02,2610.0,28.5,45.3,26.2,40.7,32.9,16.8,0.168,Tree cover,150.2,Arunachal Pradesh,Anjaw,Hayuliang ADC,Rock,2012,500–1000 m,40–50°,2500–3000 mm,100–500 m,2010s,2,5,4,4
18885,28.14531,96.54897,1014.0,38.8,2622.0,26.8,44.9,28.3,41.0,32.7,16.8,0.168,Tree cover,335.9,Arunachal Pradesh,Anjaw,Metengliang Circle,Rock,2013,1000–1500 m,30–40°,2500–3000 mm,100–500 m,2010s,3,4,4,4
18924,28.18439,96.53453,1200.0,40.09,2275.0,28.0,44.9,27.2,40.9,32.2,16.9,0.169,Tree cover,364.5,Arunachal Pradesh,Anjaw,Metengliang Circle,Debris,2013,1000–1500 m,40–50°,2000–2500 mm,100–500 m,2010s,3,5,3,4
18934,28.19597,96.53733,1191.0,23.78,2423.0,27.1,42.9,30.1,41.3,32.8,17.8,0.178,Tree cover,368.7,Arunachal Pradesh,Anjaw,Metengliang Circle,Debris,2013,1000–1500 m,20–30°,2000–2500 mm,100–500 m,2010s,3,3,3,4
18946,28.20867,96.53222,1347.0,21.51,2403.0,21.8,46.9,31.2,42.1,34.5,16.8,0.168,Tree cover,93.0,Arunachal Pradesh,Anjaw,Metengliang Circle,Debris,2013,1000–1500 m,20–30°,2000–2500 mm,50–100 m,2010s,3,3,3,3
18953,28.21483,96.53911,1601.0,31.79,2190.0,18.0,48.9,33.1,42.1,34.5,16.8,0.168,Tree cover,168.6,Arunachal Pradesh,Anjaw,Metengliang Circle,Debris,2013,1500–2000 m,30–40°,2000–2500 mm,100–500 m,2010s,4,4,3,4
18966,28.22328,96.55303,1502.0,38.86,2106.0,18.1,48.6,33.2,41.8,34.2,16.4,0.164,Tree cover,87.1,Arunachal Pradesh,Anjaw,Metengliang Circle,Rock,2013,1500–2000 m,30–40°,2000–2500 mm,50–100 m,2010s,4,4,3,3
18967,28.22381,96.53644,1445.0,48.4,2154.0,25.5,46.2,28.4,41.3,33.3,17.7,0.177,Tree cover,192.1,Arunachal Pradesh,Anjaw,Metengliang Circle,Rock,2013,1000–1500 m,40–50°,2000–2500 mm,100–500 m,2010s,3,5,3,4
18969,28.22408,96.55872,1627.0,48.82,1958.0,18.0,49.0,33.0,41.8,34.2,16.4,0.164,Tree cover,300.2,Arunachal Pradesh,Anjaw,Metengliang Circle,Rock,2013,1500–2000 m,40–50°,1500–2000 mm,100–500 m,2010s,4,5,2,4
18975,28.22797,96.54606,1609.0,29.42,2131.0,23.1,46.5,30.4,40.2,34.1,17.7,0.177,Tree cover,81.2,Arunachal Pradesh,Anjaw,Metengliang Circle,Debris,2013,1500–2000 m,20–30°,2000–2500 mm,50–100 m,2010s,4,3,3,3
19016,28.25203,96.54264,1895.0,25.09,1855.0,20.2,43.0,36.8,41.3,34.1,17.5,0.175,Tree cover,313.2,Arunachal Pradesh,Anjaw,Chaglagam Circle,Debris,2013,1500–2000 m,20–30°,1500–2000 mm,100–500 m,2010s,4,3,2,4
19045,28.2625,96.5465,1678.0,40.43,2114.0,22.5,43.2,34.3,41.7,33.5,18.1,0.181,Tree cover,219.7,Arunachal Pradesh,Anjaw,Chaglagam Circle,Rock,2012,1500–2000 m,40–50°,2000–2500 mm,100–500 m,2010s,4,5,3,4
19072,28.26814,96.55728,1603.0,53.66,2333.0,19.0,47.4,33.7,41.7,33.5,18.1,0.181,Tree cover,187.7,Arunachal Pradesh,Anjaw,Chaglagam Circle,Rock,2013,1500–2000 m,>50°,2000–2500 mm,100–500 m,2010s,4,6,3,4
19080,28.27378,96.57031,1663.0,48.7,2173.0,17.9,46.0,36.1,43.1,33.6,17.8,0.178,Tree cover,294.1,Arunachal Pradesh,Anjaw,Chaglagam Circle,Debris,2012,1500–2000 m,40–50°,2000–2500 mm,100–500 m,2010s,4,5,3,4
19090,28.28778,96.57928,1709.0,43.37,2050.0,17.8,48.0,34.2,42.4,33.1,17.6,0.176,Tree cover,270.1,Arunachal Pradesh,Anjaw,Chaglagam Circle,Rock,2013,1500–2000 m,40–50°,2000–2500 mm,100–500 m,2010s,4,5,3,4
19298,29.135275,80.090843,673.0,36.87,1938.0,23.6,36.4,40.0,38.3,33.6,13.0,0.13,Tree cover,21.2,Uttarakhand,Champawat,Poornagiri,Debris,2014,500–1000 m,30–40°,1500–2000 mm,10–50 m,2010s,2,4,2,2
19299,29.139732,80.073974,579.0,34.17,1962.0,24.1,36.7,39.2,37.8,34.0,13.5,0.135,Bare / sparse vegetation,545.2,Uttarakhand,Champawat,Poornagiri,Rock,2012,500–1000 m,30–40°,1500–2000 mm,500–1000 m,2010s,2,4,2,5
19300,29.142636,79.958384,607.0,39.9,2010.0,23.2,37.2,39.6,37.9,34.3,14.9,0.149,Grassland,7296.7,Uttarakhand,Champawat,Poornagiri,Rock,2014,500–1000 m,30–40°,2000–2500 mm,>1000 m,2010s,2,4,3,6
19301,29.144012,80.174222,386.0,36.2,1881.0,23.2,36.9,39.9,37.5,33.5,14.9,0.149,Tree cover,398.4,Uttarakhand,Champawat,Poornagiri,Debris,2011,0–500 m,30–40°,1500–2000 mm,100–500 m,2010s,1,4,2,4
19302,29.145411,80.180642,635.0,35.41,1890.0,23.3,37.7,39.0,37.2,33.2,12.9,0.129,Grassland,403.7,Uttarakhand,Champawat,Poornagiri,Debris,2006,500–1000 m,30–40°,1500–2000 mm,100–500 m,2000s,2,4,2,4
19303,29.14557,79.986097,531.0,36.65,1997.0,22.2,35.1,42.8,38.3,33.9,14.8,0.148,Grassland,6894.2,Uttarakhand,Champawat,Poornagiri,Rock,2015,500–1000 m,30–40°,1500–2000 mm,>1000 m,2010s,2,4,2,6
19304,29.147085,79.941277,613.0,37.41,2026.0,23.4,35.5,41.1,38.0,34.3,14.9,0.149,Bare / sparse vegetation,6983.6,Uttarakhand,Champawat,Poornagiri,Debris,2016,500–1000 m,30–40°,2000–2500 mm,>1000 m,2010s,2,4,3,6
19305,29.147481,79.997854,572.0,36.07,1995.0,22.3,34.9,42.8,38.4,33.7,14.1,0.141,Tree cover,6708.2,Uttarakhand,Champawat,Poornagiri,Rock,2015,500–1000 m,30–40°,1500–2000 mm,>1000 m,2010s,2,4,2,6
19306,29.147738,79.954939,584.0,34.9,2016.0,23.2,35.7,41.1,37.9,34.3,14.9,0.149,Tree cover,6733.0,Uttarakhand,Champawat,Poornagiri,Debris,2014,500–1000 m,30–40°,2000–2500 mm,>1000 m,2010s,2,4,3,6
19307,29.148941,79.935497,633.0,31.41,2026.0,24.4,35.0,40.6,38.0,34.3,14.9,0.149,Grassland,6935.5,Uttarakhand,Champawat,Poornagiri,Debris,2016,500–1000 m,30–40°,2000–2500 mm,>1000 m,2010s,2,4,3,6
19308,29.14906,79.943888,639.0,19.79,2021.0,24.1,36.2,39.6,38.0,34.3,14.9,0.149,Tree cover,6714.5,Uttarakhand,Champawat,Poornagiri,Debris,2016,500–1000 m,10–20°,2000–2500 mm,>1000 m,2010s,2,2,3,6
19309,29.149158,79.946961,612.0,22.7,2021.0,24.1,36.0,39.9,38.1,32.6,14.8,0.148,Grassland,6650.9,Uttarakhand,Champawat,Poornagiri,Debris,2016,500–1000 m,20–30°,2000–2500 mm,>1000 m,2010s,2,3,3,6
19310,29.150005,79.996229,666.0,24.8,1994.0,23.2,36.2,40.7,38.3,33.9,14.8,0.148,Tree cover,7020.6,Uttarakhand,Champawat,Poornagiri,Rock,2015,500–1000 m,20–30°,1500–2000 mm,>1000 m,2010s,2,3,2,6
19311,29.150029,79.942866,668.0,18.16,2025.0,24.1,36.2,39.6,38.0,34.3,14.9,0.149,Tree cover,6629.6,Uttarakhand,Champawat,Poornagiri,Rock,2016,500–1000 m,10–20°,2000–2500 mm,>1000 m,2010s,2,2,3,6
19312,29.150225,79.935322,662.0,28.43,2024.0,24.4,35.0,40.6,38.0,34.3,14.9,0.149,Tree cover,6805.1,Uttarakhand,Champawat,Poornagiri,Debris,2016,500–1000 m,20–30°,2000–2500 mm,>1000 m,2010s,2,3,3,6
19313,29.150924,79.996805,656.0,26.87,1994.0,23.2,35.5,41.3,38.3,33.7,13.8,0.138,Tree cover,7104.6,Uttarakhand,Champawat,Poornagiri,Rock,2015,500–1000 m,20–30°,1500–2000 mm,>1000 m,2010s,2,3,2,6
19314,29.15121,79.975785,651.0,21.75,2000.0,23.2,35.2,41.6,37.9,33.7,13.4,0.134,Tree cover,6583.0,Uttarakhand,Champawat,Poornagiri,Rock,2016,500–1000 m,20–30°,1500–2000 mm,>1000 m,2010s,2,3,2,6
19315,29.153884,79.974804,681.0,29.85,1997.0,23.3,36.2,40.5,37.9,33.7,13.4,0.134,Tree cover,6270.5,Uttarakhand,Champawat,Poornagiri,Rock,2014,500–1000 m,20–30°,1500–2000 mm,>1000 m,2010s,2,3,2,6
19317,29.154557,80.090751,1138.0,16.97,1840.0,23.8,34.3,41.8,38.1,34.3,12.6,0.126,Tree cover,16.6,Uttarakhand,Champawat,Poornagiri,Rock,2016,1000–1500 m,10–20°,1500–2000 mm,10–50 m,2010s,3,2,2,2
19318,29.157626,80.009454,883.0,40.87,1963.0,22.5,36.2,41.3,38.3,33.7,13.8,0.138,Tree cover,6329.8,Uttarakhand,Champawat,Poornagiri,Rock,2016,500–1000 m,40–50°,1500–2000 mm,>1000 m,2010s,2,5,2,6
19319,29.157774,79.880607,657.0,14.73,2051.0,24.8,34.9,40.3,37.8,33.5,15.0,0.15,Tree cover,6013.5,Uttarakhand,Champawat,Poornagiri,Debris,2016,500–1000 m,10–20°,2000–2500 mm,>1000 m,2010s,2,2,3,6
19320,29.15916,79.884315,711.0,31.86,2047.0,24.7,35.1,40.3,37.8,33.5,15.0,0.15,Grassland,5864.6,Uttarakhand,Champawat,Poornagiri,Debris,2016,500–1000 m,30–40°,2000–2500 mm,>1000 m,2010s,2,4,3,6
19321,29.160488,79.8837,659.0,26.09,2047.0,24.4,35.0,40.5,37.8,34.6,14.7,0.147,Grassland,5714.3,Uttarakhand,Champawat,Poornagiri,Debris,2016,500–1000 m,20–30°,2000–2500 mm,>1000 m,2010s,2,3,3,6
19323,29.163593,80.092587,1137.0,33.65,1713.0,22.9,36.9,40.2,38.7,33.8,13.9,0.139,Tree cover,13.0,Uttarakhand,Champawat,Poornagiri,Rock,2017,1000–1500 m,30–40°,1500–2000 mm,10–50 m,2010s,3,4,2,2
19325,29.170745,80.073226,1207.0,29.91,1655.0,23.4,33.5,43.1,38.6,34.0,13.7,0.137,Grassland,1267.6,Uttarakhand,Champawat,Poornagiri,Rock,2012,1000–1500 m,20–30°,1500–2000 mm,>1000 m,2010s,3,3,2,6
19326,29.171161,80.078641,1178.0,37.23,1703.0,23.5,36.0,40.5,38.2,33.5,13.6,0.136,Tree cover,753.2,Uttarakhand,Champawat,Poornagiri,Rock,2012,1000–1500 m,30–40°,1500–2000 mm,500–1000 m,2010s,3,4,2,5
19327,29.172566,80.076101,1205.0,37.13,1703.0,23.4,33.5,43.1,38.6,34.0,13.7,0.137,Grassland,952.7,Uttarakhand,Champawat,Poornagiri,Rock,2012,1000–1500 m,30–40°,1500–2000 mm,500–1000 m,2010s,3,4,2,5
19328,29.173097,79.823553,951.0,41.47,1948.0,23.7,33.7,42.6,38.8,35.0,14.8,0.148,Tree cover,1571.3,Uttarakhand,Champawat,Dhari,Rock,2016,500–1000 m,40–50°,1500–2000 mm,>1000 m,2010s,2,5,2,6
19329,29.175471,80.086015,1109.0,44.17,1803.0,23.8,36.5,39.7,38.2,33.5,13.6,0.136,Grassland,48.3,Uttarakhand,Champawat,Poornagiri,Rock,2011,1000–1500 m,40–50°,1500–2000 mm,10–50 m,2010s,3,5,2,2
19330,29.176065,80.132172,894.0,13.71,1854.0,25.3,32.7,42.0,37.9,33.9,13.8,0.138,Bare / sparse vegetation,3658.8,Uttarakhand,Champawat,Poornagiri,Rock,2014,500–1000 m,10–20°,1500–2000 mm,>1000 m,2010s,2,2,2,6
19333,29.179958,79.910223,834.0,37.57,1987.0,21.9,34.5,43.7,39.0,34.5,15.5,0.155,Bare / sparse vegetation,4084.5,Uttarakhand,Champawat,Poornagiri,Rock,2016,500–1000 m,30–40°,1500–2000 mm,>1000 m,2010s,2,4,2,6
19334,29.181197,80.03289,1120.0,35.83,1631.0,21.9,31.9,46.2,38.2,33.8,14.3,0.143,Bare / sparse vegetation,3109.0,Uttarakhand,Champawat,Poornagiri,Rock,2012,1000–1500 m,30–40°,1500–2000 mm,>1000 m,2010s,3,4,2,6
19335,29.182044,80.021544,1187.0,38.14,1651.0,22.7,33.4,43.9,38.4,34.2,14.9,0.149,Bare / sparse vegetation,3370.4,Uttarakhand,Champawat,Poornagiri,Rock,2012,1000–1500 m,30–40°,1500–2000 mm,>1000 m,2010s,3,4,2,6
19340,29.188801,80.108286,798.0,44.98,1864.0,23.5,35.9,40.7,37.6,33.7,13.5,0.135,Bare / sparse vegetation,1228.4,Uttarakhand,Champawat,Poornagiri,Rock,2011,500–1000 m,40–50°,1500–2000 mm,>1000 m,2010s,2,5,2,6
19341,29.189279,80.107582,893.0,38.78,1864.0,23.1,36.0,40.9,37.5,34.0,14.5,0.145,Grassland,1147.4,Uttarakhand,Champawat,Poornagiri,Rock,2011,500–1000 m,30–40°,1500–2000 mm,>1000 m,2010s,2,4,2,6
19342,29.189677,80.109494,811.0,45.66,1916.0,23.5,35.9,40.7,37.6,33.7,13.5,0.135,Grassland,1316.7,Uttarakhand,Champawat,Poornagiri,Rock,2011,500–1000 m,40–50°,1500–2000 mm,>1000 m,2010s,2,5,2,6
19343,29.190611,80.11058,794.0,34.4,1916.0,23.5,35.9,40.7,37.6,33.7,13.5,0.135,Grassland,1403.4,Uttarakhand,Champawat,Poornagiri,Rock,2011,500–1000 m,30–40°,1500–2000 mm,>1000 m,2010s,2,4,2,6
19344,29.191942,80.12315,676.0,38.5,1940.0,24.8,36.2,39.0,37.1,34.4,13.1,0.131,Bare / sparse vegetation,2599.1,Uttarakhand,Champawat,Poornagiri,Debris,2017,500–1000 m,30–40°,1500–2000 mm,>1000 m,2010s,2,4,2,6
19345,29.197505,80.092152,646.0,47.88,1958.0,20.8,35.0,44.2,38.6,34.1,14.1,0.141,Bare / sparse vegetation,36.3,Uttarakhand,Champawat,Poornagiri,Rock,2011,500–1000 m,40–50°,1500–2000 mm,10–50 m,2010s,2,5,2,2
19346,29.197562,80.092079,663.0,46.91,1958.0,20.8,35.0,44.2,38.6,34.1,14.1,0.141,Bare / sparse vegetation,45.7,Uttarakhand,Champawat,Poornagiri,Rock,2012,500–1000 m,40–50°,1500–2000 mm,10–50 m,2010s,2,5,2,2
19347,29.200404,80.080382,674.0,41.52,1856.0,21.8,35.0,43.2,39.4,35.5,15.4,0.154,Grassland,29.3,Uttarakhand,Champawat,Champawat,Rock,2017,500–1000 m,40–50°,1500–2000 mm,10–50 m,2010s,2,5,2,2
19348,29.204726,79.810527,1031.0,41.36,1915.0,24.2,34.9,40.9,40.7,34.4,15.6,0.156,Tree cover,1130.8,Uttarakhand,Nainital,Dhari,Rock,2013,1000–1500 m,40–50°,1500–2000 mm,>1000 m,2010s,3,5,2,6
19349,29.206762,79.804529,1005.0,35.13,1929.0,21.9,33.9,44.1,40.5,34.2,16.6,0.166,Grassland,533.5,Uttarakhand,Champawat,Dhari,Rock,2014,1000–1500 m,30–40°,1500–2000 mm,500–1000 m,2010s,3,4,2,5
19350,29.207895,79.80212,1014.0,31.47,1929.0,22.1,34.0,43.9,40.5,34.2,16.6,0.166,Grassland,288.7,Uttarakhand,Champawat,Dhari,Rock,2014,1000–1500 m,30–40°,1500–2000 mm,100–500 m,2010s,3,4,2,4
19351,29.208238,79.800921,1062.0,47.91,1929.0,22.1,34.0,43.9,40.5,34.2,16.6,0.166,Grassland,211.2,Uttarakhand,Champawat,Dhari,Rock,2014,1000–1500 m,40–50°,1500–2000 mm,100–500 m,2010s,3,5,2,4
19352,29.208498,80.052922,737.0,34.77,1945.0,23.3,34.3,42.4,38.4,34.7,15.3,0.153,Grassland,36.3,Uttarakhand,Champawat,Champawat,Rock,2017,500–1000 m,30–40°,1500–2000 mm,10–50 m,2010s,2,4,2,2
19353,29.210552,79.798514,1210.0,40.78,1835.0,21.0,33.4,45.6,40.9,34.7,16.4,0.164,Grassland,4.9,Uttarakhand,Nainital,Dhari,Rock,2016,1000–1500 m,40–50°,1500–2000 mm,0–10 m,2010s,3,5,2,1
19355,29.217713,80.05959,830.0,28.1,1863.0,23.3,33.9,42.8,37.7,34.1,15.0,0.15,Tree cover,388.6,Uttarakhand,Champawat,Champawat,Rock,2015,500–1000 m,20–30°,1500–2000 mm,100–500 m,2010s,2,3,2,4
19357,29.225598,80.18887,771.0,42.53,1797.0,23.6,35.6,40.8,37.7,33.7,13.6,0.136,Grassland,3931.2,Uttarakhand,Champawat,Manch,Rock,2012,500–1000 m,40–50°,1500–2000 mm,>1000 m,2010s,2,5,2,6
19359,29.228342,79.628017,1002.0,36.82,1933.0,24.7,32.7,42.6,39.8,34.3,16.3,0.163,Bare / sparse vegetation,591.4,Uttarakhand,Nainital,Haldwani,Rock,2011,1000–1500 m,30–40°,1500–2000 mm,500–1000 m,2010s,3,4,2,5
19360,29.229502,79.826764,1307.0,44.9,1805.0,23.5,32.8,43.7,38.8,35.6,17.3,0.173,Grassland,7.3,Uttarakhand,Champawat,Dhari,Rock,2013,1000–1500 m,40–50°,1500–2000 mm,0–10 m,2010s,3,5,2,1
19363,29.234988,79.933264,1138.0,36.83,1810.0,22.9,35.5,41.6,39.1,34.0,13.6,0.136,Grassland,3.7,Uttarakhand,Champawat,Pati,Rock,2017,1000–1500 m,30–40°,1500–2000 mm,0–10 m,2010s,3,4,2,1
19364,29.235478,79.929918,1150.0,37.01,1810.0,22.4,32.3,45.3,39.1,34.0,13.6,0.136,Tree cover,24.9,Uttarakhand,Champawat,Pati,Rock,2017,1000–1500 m,30–40°,1500–2000 mm,10–50 m,2010s,3,4,2,2
19365,29.235606,79.676596,784.0,32.68,2079.0,22.8,33.2,44.0,38.8,34.6,16.0,0.16,Grassland,141.5,Uttarakhand,Nainital,Dhari,Rock,2013,500–1000 m,30–40°,2000–2500 mm,100–500 m,2010s,2,4,3,4
19366,29.236158,79.888237,1434.0,44.9,1680.0,25.3,30.0,44.7,40.1,34.1,16.0,0.16,Bare / sparse vegetation,11.1,Uttarakhand,Champawat,Dhari,Rock,2013,1000–1500 m,40–50°,1500–2000 mm,10–50 m,2010s,3,5,2,2
19367,29.236404,79.88644,1414.0,39.08,1680.0,23.8,32.3,43.9,40.1,34.1,16.0,0.16,Bare / sparse vegetation,3.7,Uttarakhand,Champawat,Dhari,Rock,2013,1000–1500 m,30–40°,1500–2000 mm,0–10 m,2010s,3,4,2,1
19368,29.236755,80.037273,1034.0,39.18,1813.0,22.9,33.2,43.8,38.5,33.7,14.5,0.145,Grassland,1014.7,Uttarakhand,Champawat,Champawat,Rock,2014,1000–1500 m,30–40°,1500–2000 mm,>1000 m,2010s,3,4,2,6
19369,29.237414,80.034834,1184.0,41.16,1813.0,22.2,31.4,46.5,38.5,33.7,14.5,0.145,Tree cover,929.6,Uttarakhand,Champawat,Champawat,Rock,2014,1000–1500 m,40–50°,1500–2000 mm,500–1000 m,2010s,3,5,2,5
19370,29.237766,79.92914,1136.0,15.47,1810.0,24.1,31.8,44.2,39.1,34.0,13.6,0.136,Tree cover,13.0,Uttarakhand,Champawat,Pati,Rock,2017,1000–1500 m,10–20°,1500–2000 mm,10–50 m,2010s,3,2,2,2
19371,29.239901,79.89569,1435.0,32.49,1703.0,23.8,32.7,43.5,40.1,34.1,16.0,0.16,Grassland,10.7,Uttarakhand,Champawat,Dhari,Rock,2013,1000–1500 m,30–40°,1500–2000 mm,10–50 m,2010s,3,4,2,2
19372,29.240672,79.931008,1108.0,47.53,1810.0,24.6,34.9,40.5,38.9,34.8,14.7,0.147,Grassland,271.3,Uttarakhand,Champawat,Pati,Rock,2013,1000–1500 m,40–50°,1500–2000 mm,100–500 m,2010s,3,5,2,4
19373,29.240832,79.995016,1231.0,35.36,1725.0,23.4,31.3,45.3,39.8,34.6,16.5,0.165,Tree cover,26.5,Uttarakhand,Champawat,Champawat,Debris,2014,1000–1500 m,30–40°,1500–2000 mm,10–50 m,2010s,3,4,2,2
19374,29.242521,79.628113,1070.0,47.39,2025.0,25.3,34.0,40.7,38.5,34.8,16.4,0.164,Tree cover,519.5,Uttarakhand,Nainital,Nainital,Rock,2011,1000–1500 m,40–50°,2000–2500 mm,500–1000 m,2010s,3,5,3,5
19375,29.243319,79.6314,912.0,33.82,2025.0,25.8,33.7,40.5,39.4,35.5,15.8,0.158,Tree cover,674.8,Uttarakhand,Nainital,Nainital,Rock,2011,500–1000 m,30–40°,2000–2500 mm,500–1000 m,2010s,2,4,3,5
19376,29.244021,80.015769,1402.0,45.52,1580.0,23.8,32.3,43.9,40.3,34.1,16.9,0.169,Tree cover,14.3,Uttarakhand,Champawat,Champawat,Rock,2014,1000–1500 m,40–50°,1500–2000 mm,10–50 m,2010s,3,5,2,2
19377,29.244291,79.632298,910.0,28.88,2025.0,25.8,33.7,40.5,39.4,35.5,15.8,0.158,Grassland,783.9,Uttarakhand,Nainital,Nainital,Rock,2011,500–1000 m,20–30°,2000–2500 mm,500–1000 m,2010s,2,3,3,5
19379,29.24543,80.010754,1413.0,35.16,1580.0,23.5,32.3,44.2,39.4,34.0,16.5,0.165,Grassland,2.8,Uttarakhand,Champawat,Champawat,Rock,2014,1000–1500 m,30–40°,1500–2000 mm,0–10 m,2010s,3,4,2,1
19380,29.245557,79.851988,1211.0,36.81,1780.0,23.3,32.7,44.0,40.0,34.9,16.0,0.16,Grassland,11.5,Uttarakhand,Champawat,Dhari,Rock,2013,1000–1500 m,30–40°,1500–2000 mm,10–50 m,2010s,3,4,2,2
19382,29.249521,79.844396,1174.0,26.54,1877.0,23.7,32.7,43.6,39.8,34.1,17.2,0.172,Built-up,8.0,Uttarakhand,Nainital,Dhari,Rock,2017,1000–1500 m,20–30°,1500–2000 mm,0–10 m,2010s,3,3,2,1
19385,29.252444,80.087361,1657.0,35.37,1533.0,26.7,33.2,40.0,38.7,34.3,15.5,0.155,Tree cover,9.7,Uttarakhand,Champawat,Champawat,Rock,2006,1500–2000 m,30–40°,1500–2000 mm,0–10 m,2000s,4,4,2,1
19386,29.25275,80.08825,1646.0,37.04,1533.0,26.4,34.2,39.3,39.1,34.6,15.9,0.159,Tree cover,1.2,Uttarakhand,Champawat,Champawat,Rock,2006,1500–2000 m,30–40°,1500–2000 mm,0–10 m,2000s,4,4,2,1
19388,29.25339,80.085697,1688.0,40.82,1533.0,26.7,33.2,40.0,38.7,34.3,15.5,0.155,Tree cover,15.4,Uttarakhand,Champawat,Champawat,Rock,2006,1500–2000 m,40–50°,1500–2000 mm,10–50 m,2000s,4,5,2,2
19389,29.253827,79.934349,1128.0,42.61,1751.0,25.7,32.3,42.0,39.9,34.8,15.4,0.154,Tree cover,701.1,Uttarakhand,Champawat,Pati,Rock,2010,1000–1500 m,40–50°,1500–2000 mm,500–1000 m,2010s,3,5,2,5
19390,29.255361,80.100788,1629.0,24.75,1522.0,26.7,32.8,40.5,38.8,34.6,15.6,0.156,Tree cover,514.2,Uttarakhand,Champawat,Champawat,Rock,2010,1500–2000 m,20–30°,1500–2000 mm,500–1000 m,2010s,4,3,2,5
19391,29.255832,79.92872,962.0,44.51,1898.0,24.8,32.6,42.5,38.9,34.4,15.3,0.153,Grassland,112.9,Uttarakhand,Champawat,Pati,Rock,2011,500–1000 m,40–50°,1500–2000 mm,100–500 m,2010s,2,5,2,4
19393,29.256967,80.131041,1094.0,39.2,1819.0,24.4,35.4,40.1,38.7,34.7,14.2,0.142,Tree cover,936.1,Uttarakhand,Champawat,Champawat,Debris,2012,1000–1500 m,30–40°,1500–2000 mm,500–1000 m,2010s,3,4,2,5
19395,29.257511,79.935134,1372.0,39.85,1751.0,25.9,31.3,42.8,38.9,34.4,15.3,0.153,Tree cover,753.5,Uttarakhand,Champawat,Pati,Rock,2011,1000–1500 m,30–40°,1500–2000 mm,500–1000 m,2010s,3,4,2,5
19396,29.258194,80.096333,1551.0,35.6,1541.0,24.3,30.5,45.2,39.3,34.8,15.6,0.156,Tree cover,1.5,Uttarakhand,Champawat,Champawat,Rock,2006,1500–2000 m,30–40°,1500–2000 mm,0–10 m,2000s,4,4,2,1
19397,29.258639,80.091278,1489.0,26.28,1586.0,24.4,30.5,45.1,39.3,34.8,15.6,0.156,Built-up,6.6,Uttarakhand,Champawat,Champawat,Rock,2010,1000–1500 m,20–30°,1500–2000 mm,0–10 m,2010s,3,3,2,1
19398,29.259111,80.07125,1292.0,26.93,1705.0,23.1,34.0,42.9,38.5,34.4,14.7,0.147,Built-up,5.2,Uttarakhand,Champawat,Champawat,Rock,2014,1000–1500 m,20–30°,1500–2000 mm,0–10 m,2010s,3,3,2,1
19399,29.260056,80.078417,1361.0,24.24,1610.0,23.0,30.3,46.7,38.5,34.4,14.7,0.147,Bare / sparse vegetation,1.5,Uttarakhand,Champawat,Champawat,Rock,2016,1000–1500 m,20–30°,1500–2000 mm,0–10 m,2010s,3,3,2,1
19400,29.261111,80.075056,1315.0,29.64,1610.0,23.0,32.7,44.3,38.5,34.4,14.7,0.147,Grassland,3.3,Uttarakhand,Champawat,Champawat,Rock,2014,1000–1500 m,20–30°,1500–2000 mm,0–10 m,2010s,3,3,2,1
19402,29.26172,80.098061,1421.0,33.64,1542.0,24.6,30.5,44.9,39.3,34.8,15.6,0.156,Grassland,62.0,Uttarakhand,Champawat,Champawat,Rock,2006,1000–1500 m,30–40°,1500–2000 mm,50–100 m,2000s,3,4,2,3
19403,29.262101,80.059173,1076.0,37.84,1782.0,23.6,35.0,41.4,38.1,34.3,13.4,0.134,Grassland,708.8,Uttarakhand,Champawat,Champawat,Rock,2005,1000–1500 m,30–40°,1500–2000 mm,500–1000 m,2000s,3,4,2,5
19404,29.262581,80.101237,1349.0,39.03,1567.0,24.3,30.8,44.8,39.3,34.8,15.6,0.156,Tree cover,301.3,Uttarakhand,Champawat,Champawat,Rock,2010,1000–1500 m,30–40°,1500–2000 mm,100–500 m,2010s,3,4,2,4
19405,29.26295,80.097383,1440.0,31.18,1542.0,24.3,29.9,45.8,39.3,34.8,15.6,0.156,Bare / sparse vegetation,68.5,Uttarakhand,Champawat,Champawat,Rock,2010,1000–1500 m,30–40°,1500–2000 mm,50–100 m,2010s,3,4,2,3
19407,29.263132,80.105027,1259.0,35.85,1567.0,24.3,29.9,45.9,39.4,34.6,15.9,0.159,Tree cover,394.4,Uttarakhand,Champawat,Champawat,Rock,2010,1000–1500 m,30–40°,1500–2000 mm,100–500 m,2010s,3,4,2,4
19408,29.26317,80.108749,1187.0,39.74,1662.0,23.9,29.9,46.2,39.4,34.6,15.9,0.159,Tree cover,532.6,Uttarakhand,Champawat,Champawat,Rock,2010,1000–1500 m,30–40°,1500–2000 mm,500–1000 m,2010s,3,4,2,5
19409,29.263583,80.206306,1730.0,26.7,1494.0,27.2,35.1,37.7,38.9,34.2,15.2,0.152,Tree cover,6.2,Uttarakhand,Champawat,Manch,Rock,2016,1500–2000 m,20–30°,<1500 mm,0–10 m,2010s,4,3,1,1
19411,29.26534,80.095331,1372.0,36.06,1542.0,24.0,30.0,46.0,39.3,34.8,15.6,0.156,Tree cover,268.0,Uttarakhand,Champawat,Champawat,Rock,2016,1000–1500 m,30–40°,1500–2000 mm,100–500 m,2010s,3,4,2,4
19412,29.265444,80.136444,1290.0,18.13,1631.0,23.5,30.2,46.2,38.8,34.8,14.8,0.148,Grassland,6.3,Uttarakhand,Champawat,Champawat,Rock,2012,1000–1500 m,10–20°,1500–2000 mm,0–10 m,2010s,3,2,2,1
19414,29.266528,80.215917,1688.0,27.87,1500.0,27.1,35.1,37.9,38.9,34.2,15.2,0.152,Tree cover,8.1,Uttarakhand,Champawat,Manch,Debris,2016,1500–2000 m,20–30°,<1500 mm,0–10 m,2010s,4,3,1,1
19415,29.266611,80.135778,1290.0,30.27,1631.0,23.5,30.2,46.2,38.8,34.8,14.8,0.148,Built-up,0.4,Uttarakhand,Champawat,Champawat,Rock,2014,1000–1500 m,30–40°,1500–2000 mm,0–10 m,2010s,3,4,2,1
19416,29.266667,80.117333,1335.0,29.43,1654.0,22.6,32.7,44.7,39.2,34.8,14.8,0.148,Grassland,3.9,Uttarakhand,Champawat,Champawat,Rock,2012,1000–1500 m,20–30°,1500–2000 mm,0–10 m,2010s,3,3,2,1
19417,29.267028,80.11425,1379.0,40.7,1526.0,22.6,32.1,45.3,39.4,34.6,15.9,0.159,Built-up,0.6,Uttarakhand,Champawat,Champawat,Rock,2012,1000–1500 m,40–50°,1500–2000 mm,0–10 m,2010s,3,5,2,1
19418,29.267326,80.069587,1039.0,37.46,1687.0,23.2,35.3,41.5,39.4,33.9,15.3,0.153,Tree cover,668.1,Uttarakhand,Champawat,Champawat,Rock,2010,1000–1500 m,30–40°,1500–2000 mm,500–1000 m,2010s,3,4,2,5
19420,29.267753,80.075889,1042.0,35.1,1687.0,22.7,33.7,43.6,39.3,34.6,14.9,0.149,Tree cover,662.0,Uttarakhand,Champawat,Champawat,Rock,2010,1000–1500 m,30–40°,1500–2000 mm,500–1000 m,2010s,3,4,2,5
19421,29.268309,80.067564,1145.0,40.27,1687.0,23.1,34.8,42.1,39.4,33.9,15.3,0.153,Tree cover,850.1,Uttarakhand,Champawat,Champawat,Rock,2010,1000–1500 m,40–50°,1500–2000 mm,500–1000 m,2010s,3,5,2,5
19424,29.269307,80.070335,1201.0,37.01,1687.0,23.2,35.3,41.5,39.4,33.9,15.3,0.153,Tree cover,863.4,Uttarakhand,Champawat,Champawat,Rock,2014,1000–1500 m,30–40°,1500–2000 mm,500–1000 m,2010s,3,4,2,5
19425,29.269333,80.108639,1414.0,42.36,1526.0,24.6,31.1,44.3,40.2,35.4,17.4,0.174,Grassland,16.8,Uttarakhand,Champawat,Champawat,Rock,2011,1000–1500 m,40–50°,1500–2000 mm,10–50 m,2010s,3,5,2,2
19426,29.269717,80.114558,1454.0,36.41,1526.0,23.7,33.3,43.0,40.2,35.4,17.4,0.174,Tree cover,133.4,Uttarakhand,Champawat,Champawat,Rock,2016,1000–1500 m,30–40°,1500–2000 mm,100–500 m,2010s,3,4,2,4
19427,29.269972,80.1315,1237.0,28.08,1636.0,22.7,31.6,45.8,39.8,34.3,15.1,0.151,Built-up,3.4,Uttarakhand,Champawat,Champawat,Debris,2014,1000–1500 m,20–30°,1500–2000 mm,0–10 m,2010s,3,3,2,1
19431,29.270432,80.154032,1279.0,29.81,1620.0,24.0,30.1,45.9,39.4,35.0,15.4,0.154,Tree cover,1540.4,Uttarakhand,Champawat,Champawat,Rock,2016,1000–1500 m,20–30°,1500–2000 mm,>1000 m,2010s,3,3,2,6
19433,29.271579,80.124965,1086.0,24.87,1654.0,22.6,33.2,44.2,39.6,34.8,16.3,0.163,Tree cover,313.0,Uttarakhand,Champawat,Champawat,Rock,2014,1000–1500 m,20–30°,1500–2000 mm,100–500 m,2010s,3,3,2,4
19436,29.273278,80.099389,1609.0,45.11,1545.0,23.7,31.7,44.7,40.0,35.6,15.6,0.156,Built-up,0.1,Uttarakhand,Pithoragarh,Champawat,Rock,2005,1500–2000 m,40–50°,1500–2000 mm,0–10 m,2000s,4,5,2,1
19442,29.276694,80.120194,1220.0,39.62,1582.0,22.9,32.4,44.7,39.5,34.0,16.8,0.168,Built-up,0.5,Uttarakhand,Champawat,Champawat,Rock,2012,1000–1500 m,30–40°,1500–2000 mm,0–10 m,2010s,3,4,2,1
19443,29.277049,80.123019,1218.0,44.47,1582.0,23.3,32.7,44.0,39.5,34.0,16.8,0.168,Built-up,10.4,Uttarakhand,Champawat,Champawat,Rock,2012,1000–1500 m,40–50°,1500–2000 mm,10–50 m,2010s,3,5,2,2
19444,29.277631,80.120772,1217.0,39.78,1582.0,22.9,32.4,44.7,39.5,34.0,16.8,0.168,Grassland,4.8,Uttarakhand,Champawat,Champawat,Debris,2012,1000–1500 m,30–40°,1500–2000 mm,0–10 m,2010s,3,4,2,1
19445,29.278167,80.033472,1129.0,35.78,1767.0,23.6,35.6,40.8,38.7,34.2,14.0,0.14,Tree cover,11.5,Uttarakhand,Champawat,Champawat,Debris,2016,1000–1500 m,30–40°,1500–2000 mm,10–50 m,2010s,3,4,2,2
19446,29.278389,80.123306,1224.0,20.94,1582.0,22.4,32.7,45.0,39.5,34.0,16.8,0.168,Grassland,18.5,Uttarakhand,Champawat,Champawat,Debris,2012,1000–1500 m,20–30°,1500–2000 mm,10–50 m,2010s,3,3,2,2
19447,29.279241,80.123204,1261.0,28.15,1582.0,23.0,32.5,44.5,39.5,34.0,16.8,0.168,Tree cover,77.4,Uttarakhand,Champawat,Champawat,Rock,2012,1000–1500 m,20–30°,1500–2000 mm,50–100 m,2010s,3,3,2,3
19449,29.279844,80.06398,1420.0,48.12,1594.0,22.7,32.6,44.7,39.5,34.4,15.8,0.158,Grassland,1331.6,Uttarakhand,Champawat,Champawat,Rock,2005,1000–1500 m,40–50°,1500–2000 mm,>1000 m,2000s,3,5,2,6
19451,29.28195,80.083865,1417.0,39.44,1530.0,23.0,33.1,43.9,40.2,34.2,16.1,0.161,Tree cover,376.6,Uttarakhand,Champawat,Champawat,Rock,2012,1000–1500 m,30–40°,1500–2000 mm,100–500 m,2010s,3,4,2,4
19454,29.283548,80.239665,1157.0,36.73,1599.0,24.7,33.1,42.2,38.1,34.8,14.1,0.141,Grassland,195.9,Uttarakhand,Champawat,Manch,Rock,2002,1000–1500 m,30–40°,1500–2000 mm,100–500 m,2000s,3,4,2,4
19457,29.285194,79.893694,1284.0,31.94,1740.0,23.2,33.7,43.1,39.4,33.0,14.5,0.145,Grassland,6.4,Uttarakhand,Champawat,Pati,Debris,2011,1000–1500 m,30–40°,1500–2000 mm,0–10 m,2010s,3,4,2,1
19459,29.285917,79.8915,1270.0,30.71,1827.0,24.0,33.1,42.9,39.4,33.0,14.5,0.145,Tree cover,4.5,Uttarakhand,Champawat,Pati,Rock,2016,1000–1500 m,30–40°,1500–2000 mm,0–10 m,2010s,3,4,2,1
19460,29.286722,80.186861,1743.0,35.03,1502.0,25.6,36.4,38.0,39.6,34.2,16.1,0.161,Tree cover,14.6,Uttarakhand,Champawat,Manch,Debris,2014,1500–2000 m,30–40°,1500–2000 mm,10–50 m,2010s,4,4,2,2
19461,29.287111,79.91075,1503.0,27.72,1652.0,23.1,34.0,42.9,40.1,34.5,15.5,0.155,Tree cover,7.6,Uttarakhand,Champawat,Pati,Debris,2011,1500–2000 m,20–30°,1500–2000 mm,0–10 m,2010s,4,3,2,1
19463,29.287556,79.910806,1516.0,26.11,1652.0,23.1,34.1,42.8,40.1,34.5,15.5,0.155,Tree cover,10.9,Uttarakhand,Champawat,Pati,Rock,2011,1500–2000 m,20–30°,1500–2000 mm,10–50 m,2010s,4,3,2,2
19465,29.288778,79.897028,1202.0,25.47,1740.0,22.1,35.5,42.4,39.4,33.0,14.5,0.145,Tree cover,0.6,Uttarakhand,Champawat,Pati,Rock,2016,1000–1500 m,20–30°,1500–2000 mm,0–10 m,2010s,3,3,2,1
19468,29.291528,80.183281,1754.0,44.27,1496.0,27.2,35.6,37.2,40.4,34.2,15.8,0.158,Tree cover,30.5,Uttarakhand,Champawat,Champawat,Debris,2014,1500–2000 m,40–50°,<1500 mm,10–50 m,2010s,4,5,1,2
19469,29.292222,79.914417,1557.0,33.61,1640.0,24.6,33.6,41.8,40.1,34.5,15.5,0.155,Tree cover,3.4,Uttarakhand,Champawat,Pati,Rock,2011,1500–2000 m,30–40°,1500–2000 mm,0–10 m,2010s,4,4,2,1
19476,29.294278,80.030639,1369.0,34.56,1593.0,22.2,31.5,46.2,39.2,33.2,15.7,0.157,Built-up,3.9,Uttarakhand,Champawat,Champawat,Rock,2012,1000–1500 m,30–40°,1500–2000 mm,0–10 m,2010s,3,4,2,1
19477,29.294833,80.034556,1388.0,35.24,1656.0,21.6,33.2,45.2,39.2,33.2,15.7,0.157,Tree cover,1.2,Uttarakhand,Champawat,Champawat,Rock,2012,1000–1500 m,30–40°,1500–2000 mm,0–10 m,2010s,3,4,2,1
19479,29.295167,80.03325,1408.0,31.59,1593.0,22.1,32.2,45.7,39.2,33.2,15.7,0.157,Built-up,4.4,Uttarakhand,Champawat,Champawat,Rock,2012,1000–1500 m,30–40°,1500–2000 mm,0–10 m,2010s,3,4,2,1
19480,29.295918,79.97016,1762.0,21.56,1610.0,25.4,31.5,43.1,40.5,33.9,17.2,0.172,Tree cover,29.6,Uttarakhand,Champawat,Champawat,Debris,2011,1500–2000 m,20–30°,1500–2000 mm,10–50 m,2010s,4,3,2,2
19482,29.297028,79.954139,1830.0,32.23,1656.0,28.0,32.3,39.7,40.3,33.8,16.4,0.164,Tree cover,6.4,Uttarakhand,Champawat,Champawat,Rock,2014,1500–2000 m,30–40°,1500–2000 mm,0–10 m,2010s,4,4,2,1
19483,29.297167,79.947389,1794.0,33.62,1639.0,27.1,31.5,41.4,40.3,33.8,16.4,0.164,Tree cover,2.7,Uttarakhand,Champawat,Pati,Rock,2013,1500–2000 m,30–40°,1500–2000 mm,0–10 m,2010s,4,4,2,1
19487,29.298889,79.956972,1801.0,27.96,1656.0,27.1,32.0,40.9,39.6,33.5,16.9,0.169,Tree cover,8.8,Uttarakhand,Champawat,Champawat,Rock,2014,1500–2000 m,20–30°,1500–2000 mm,0–10 m,2010s,4,3,2,1
19488,29.299322,79.91367,1580.0,23.49,1640.0,23.1,33.6,43.3,40.3,34.4,15.0,0.15,Cropland,355.3,Uttarakhand,Champawat,Pati,Rock,2016,1500–2000 m,20–30°,1500–2000 mm,100–500 m,2010s,4,3,2,4
19489,29.299976,79.888292,1200.0,45.21,1854.0,23.7,34.1,42.2,39.6,33.7,15.4,0.154,Tree cover,495.5,Uttarakhand,Champawat,Pati,Rock,2013,1000–1500 m,40–50°,1500–2000 mm,100–500 m,2010s,3,5,2,4
19496,29.301889,80.080028,1714.0,40.19,1584.0,26.8,33.2,40.0,39.9,33.9,15.8,0.158,Built-up,0.4,Uttarakhand,Champawat,Champawat,Rock,2010,1500–2000 m,40–50°,1500–2000 mm,0–10 m,2010s,4,5,2,1
19497,29.302194,80.076639,1732.0,28.92,1584.0,24.0,33.1,42.9,39.9,33.9,15.8,0.158,Tree cover,0.7,Uttarakhand,Champawat,Champawat,Rock,2010,1500–2000 m,20–30°,1500–2000 mm,0–10 m,2010s,4,3,2,1
19501,29.305361,80.165389,2099.0,34.42,1612.0,26.1,33.9,39.9,39.0,34.8,16.5,0.165,Tree cover,8.7,Uttarakhand,Champawat,Champawat,Debris,2005,2000–3000 m,30–40°,1500–2000 mm,0–10 m,2000s,5,4,2,1
19503,29.307972,79.795056,1563.0,43.61,1733.0,22.8,32.8,44.4,40.2,34.3,15.8,0.158,Grassland,0.7,Uttarakhand,Nainital,Dhari,Rock,2011,1500–2000 m,40–50°,1500–2000 mm,0–10 m,2010s,4,5,2,1
19510,29.313359,79.969917,2012.0,34.99,1655.0,28.0,33.5,38.5,38.8,35.2,17.5,0.175,Tree cover,639.3,Uttarakhand,Champawat,Champawat,Rock,2013,2000–3000 m,30–40°,1500–2000 mm,500–1000 m,2010s,5,4,2,5
19512,29.314,79.962306,1900.0,32.1,1655.0,26.8,33.3,39.9,39.6,34.6,17.1,0.171,Tree cover,8.2,Uttarakhand,Champawat,Champawat,Rock,2013,1500–2000 m,30–40°,1500–2000 mm,0–10 m,2010s,4,4,2,1
19514,29.315472,79.787917,1562.0,17.92,1720.0,25.6,33.3,41.1,40.3,34.6,16.0,0.16,Tree cover,9.0,Uttarakhand,Nainital,Dhari,Debris,2016,1500–2000 m,10–20°,1500–2000 mm,0–10 m,2010s,4,2,2,1
19515,29.316222,79.789056,1569.0,38.15,1720.0,26.7,33.3,40.0,38.5,34.6,16.4,0.164,Tree cover,15.3,Uttarakhand,Nainital,Dhari,Rock,2016,1500–2000 m,30–40°,1500–2000 mm,10–50 m,2010s,4,4,2,2
19520,29.318203,80.030876,1694.0,41.4,1576.0,22.5,33.0,44.5,40.7,34.1,16.3,0.163,Tree cover,10.2,Uttarakhand,Champawat,Champawat,Rock,2010,1500–2000 m,40–50°,1500–2000 mm,10–50 m,2010s,4,5,2,2
19525,29.319111,79.962139,1932.0,38.18,1673.0,26.2,32.0,41.8,39.6,34.6,17.1,0.171,Built-up,9.5,Uttarakhand,Champawat,Champawat,Rock,2013,1500–2000 m,30–40°,1500–2000 mm,0–10 m,2010s,4,4,2,1
19530,29.320778,79.960278,1918.0,33.23,1673.0,26.8,30.9,42.3,39.6,34.6,17.1,0.171,Grassland,2.9,Uttarakhand,Champawat,Champawat,Rock,2014,1500–2000 m,30–40°,1500–2000 mm,0–10 m,2010s,4,4,2,1
19532,29.321278,79.778944,1552.0,40.21,1727.0,26.4,33.3,40.3,40.3,34.3,15.9,0.159,Tree cover,2.0,Uttarakhand,Nainital,Dhari,Debris,2013,1500–2000 m,40–50°,1500–2000 mm,0–10 m,2010s,4,5,2,1
19534,29.323184,80.059396,1836.0,28.12,1588.0,25.6,33.3,41.0,39.4,34.8,17.0,0.17,Tree cover,2.1,Uttarakhand,Champawat,Champawat,Debris,2014,1500–2000 m,20–30°,1500–2000 mm,0–10 m,2010s,4,3,2,1
19535,29.323333,80.058417,1829.0,27.66,1588.0,26.5,33.7,39.8,39.4,34.8,17.0,0.17,Tree cover,11.7,Uttarakhand,Champawat,Champawat,Debris,2014,1500–2000 m,20–30°,1500–2000 mm,10–50 m,2010s,4,3,2,2
19538,29.325194,80.056417,1832.0,13.42,1618.0,26.8,33.2,40.0,39.4,34.8,17.0,0.17,Tree cover,2.8,Uttarakhand,Champawat,Champawat,Rock,2014,1500–2000 m,10–20°,1500–2000 mm,0–10 m,2010s,4,2,2,1
19543,29.3295,80.159639,1830.0,26.74,1539.0,26.5,33.3,40.2,38.6,35.6,17.6,0.176,Tree cover,26.9,Uttarakhand,Champawat,Champawat,Rock,2016,1500–2000 m,20–30°,1500–2000 mm,10–50 m,2010s,4,3,2,2
19569,29.342333,80.215917,1673.0,38.1,1500.0,23.6,33.7,42.7,38.5,34.8,15.0,0.15,Tree cover,5.4,Uttarakhand,Champawat,Pulla Gumdesh,Rock,2016,1500–2000 m,30–40°,<1500 mm,0–10 m,2010s,4,4,1,1
19580,29.347972,79.774306,1583.0,29.43,1733.0,25.7,34.9,39.3,38.7,35.3,16.8,0.168,Tree cover,27.3,Uttarakhand,Nainital,Okhalkanda,Debris,2013,1500–2000 m,20–30°,1500–2000 mm,10–50 m,2010s,4,3,2,2
19582,29.348889,80.247639,1396.0,35.15,1498.0,24.1,31.0,44.9,37.0,34.1,13.8,0.138,Tree cover,1.0,Uttarakhand,Champawat,Pulla Gumdesh,Debris,2014,1000–1500 m,30–40°,<1500 mm,0–10 m,2010s,3,4,1,1
19587,29.351133,80.266067,747.0,42.94,1776.0,22.9,36.8,40.3,37.3,31.8,14.6,0.146,Grassland,298.4,Uttarakhand,Champawat,Pulla Gumdesh,Debris,2009,500–1000 m,40–50°,1500–2000 mm,100–500 m,2000s,2,5,2,4
19589,29.352778,79.862528,1622.0,34.94,1680.0,25.1,32.6,42.3,40.3,34.1,16.1,0.161,Tree cover,1.1,Uttarakhand,Champawat,Dhari,Rock,2011,1500–2000 m,30–40°,1500–2000 mm,0–10 m,2010s,4,4,2,1
19591,29.353139,79.76675,1649.0,41.69,1766.0,27.4,32.7,39.9,38.1,33.8,17.3,0.173,Tree cover,21.6,Uttarakhand,Nainital,Okhalkanda,Rock,2011,1500–2000 m,40–50°,1500–2000 mm,10–50 m,2010s,4,5,2,2
19592,29.353417,80.119417,1577.0,16.2,1522.0,25.8,32.7,41.6,39.5,34.3,16.5,0.165,Tree cover,16.0,Uttarakhand,Champawat,Champawat,Rock,2016,1500–2000 m,10–20°,1500–2000 mm,10–50 m,2010s,4,2,2,2
19608,29.369833,79.750028,1783.0,43.89,1776.0,23.9,30.6,45.6,40.2,35.1,17.0,0.17,Tree cover,12.0,Uttarakhand,Nainital,Dhari,Rock,2011,1500–2000 m,40–50°,1500–2000 mm,10–50 m,2010s,4,5,2,2
19629,29.379611,79.973361,1732.0,27.78,1628.0,26.2,31.7,42.0,39.2,36.1,17.9,0.179,Tree cover,2.2,Uttarakhand,Champawat,Pati,Rock,2013,1500–2000 m,20–30°,1500–2000 mm,0–10 m,2010s,4,3,2,1
19642,29.387396,80.248537,1072.0,47.68,1656.0,22.4,36.1,41.5,37.3,32.9,15.3,0.153,Tree cover,14.0,Uttarakhand,Champawat,Pulla Gumdesh,Rock,2016,1000–1500 m,40–50°,1500–2000 mm,10–50 m,2010s,3,5,2,2
19656,29.4015,79.849583,1775.0,43.19,1704.0,27.5,32.6,39.9,40.0,34.7,16.3,0.163,Tree cover,18.2,Uttarakhand,Champawat,Pati,Rock,2011,1500–2000 m,40–50°,1500–2000 mm,10–50 m,2010s,4,5,2,2
19658,29.402083,79.954333,1734.0,30.21,1648.0,25.5,31.2,43.3,39.6,34.7,16.6,0.166,Tree cover,10.2,Uttarakhand,Champawat,Pati,Rock,2013,1500–2000 m,30–40°,1500–2000 mm,10–50 m,2010s,4,4,2,2
19660,29.403278,79.955889,1735.0,34.03,1648.0,26.1,29.9,44.0,39.4,33.7,16.0,0.16,Tree cover,1.7,Uttarakhand,Champawat,Pati,Rock,2013,1500–2000 m,30–40°,1500–2000 mm,0–10 m,2010s,4,4,2,1
19661,29.403558,79.971503,1405.0,38.51,1637.0,23.7,30.9,45.4,39.6,34.8,16.2,0.162,Tree cover,672.2,Uttarakhand,Champawat,Pati,Rock,2002,1000–1500 m,30–40°,1500–2000 mm,500–1000 m,2000s,3,4,2,5
19665,29.404083,79.850389,1751.0,38.15,1731.0,27.2,32.8,40.0,39.7,34.1,16.2,0.162,Tree cover,6.2,Uttarakhand,Champawat,Pati,Rock,2011,1500–2000 m,30–40°,1500–2000 mm,0–10 m,2010s,4,4,2,1
19666,29.404139,80.017472,1702.0,43.4,1593.0,24.6,31.9,43.4,39.7,34.2,16.3,0.163,Grassland,14.4,Uttarakhand,Champawat,Lohaghat,Debris,2006,1500–2000 m,40–50°,1500–2000 mm,10–50 m,2000s,4,5,2,2
19670,29.406278,80.107278,1862.0,32.66,1593.0,24.5,32.8,42.8,38.9,34.9,17.3,0.173,Built-up,3.8,Uttarakhand,Champawat,Lohaghat,Rock,2012,1500–2000 m,30–40°,1500–2000 mm,0–10 m,2010s,4,4,2,1
19671,29.407222,80.16725,1456.0,25.74,1524.0,24.4,34.7,40.9,38.9,34.4,15.9,0.159,Grassland,9.4,Uttarakhand,Champawat,Pulla Gumdesh,Rock,2005,1000–1500 m,20–30°,1500–2000 mm,0–10 m,2000s,3,3,2,1
19673,29.408667,79.923472,1577.0,37.49,1679.0,23.2,32.7,44.1,39.9,34.7,15.6,0.156,Tree cover,5.8,Uttarakhand,Champawat,Pati,Rock,2002,1500–2000 m,30–40°,1500–2000 mm,0–10 m,2000s,4,4,2,1
19674,29.40875,80.203917,1549.0,30.0,1518.0,22.9,33.6,43.5,38.9,33.9,15.8,0.158,Grassland,4.0,Uttarakhand,Champawat,Pulla Gumdesh,Rock,2014,1500–2000 m,20–30°,1500–2000 mm,0–10 m,2010s,4,3,2,1
19676,29.409944,79.906806,1684.0,29.94,1687.0,24.1,30.8,45.0,38.5,36.2,17.6,0.176,Tree cover,25.4,Uttarakhand,Champawat,Pati,Rock,2013,1500–2000 m,20–30°,1500–2000 mm,10–50 m,2010s,4,3,2,2
19683,29.4175,80.196694,1229.0,44.3,1608.0,21.2,30.0,48.8,38.8,34.2,14.9,0.149,Grassland,1.1,Uttarakhand,Champawat,Pulla Gumdesh,Rock,2005,1000–1500 m,40–50°,1500–2000 mm,0–10 m,2000s,3,5,2,1
19701,29.431918,79.857583,1345.0,29.86,1708.0,23.1,32.3,44.6,39.8,34.2,15.2,0.152,Tree cover,24.2,Uttarakhand,Champawat,Pati,Rock,2016,1000–1500 m,20–30°,1500–2000 mm,10–50 m,2010s,3,3,2,2
19703,29.432874,79.973087,1017.0,31.74,1748.0,22.4,33.0,44.7,38.8,34.3,14.7,0.147,Tree cover,504.6,Uttarakhand,Champawat,Pati,Rock,2013,1000–1500 m,30–40°,1500–2000 mm,500–1000 m,2010s,3,4,2,5
19705,29.433745,79.861747,1225.0,20.32,1761.0,21.6,33.1,45.3,39.8,34.2,15.2,0.152,Tree cover,335.8,Uttarakhand,Champawat,Pati,Rock,2011,1000–1500 m,20–30°,1500–2000 mm,100–500 m,2010s,3,3,2,4
19711,29.435583,80.023861,1125.0,26.06,1733.0,23.7,34.2,42.1,39.6,34.1,16.2,0.162,Built-up,1.7,Uttarakhand,Champawat,Barakot,Debris,2012,1000–1500 m,20–30°,1500–2000 mm,0–10 m,2010s,3,3,2,1
19713,29.436333,79.880639,1450.0,26.42,1694.0,22.2,34.5,43.4,39.8,35.2,15.1,0.151,Tree cover,5.4,Uttarakhand,Champawat,Pati,Debris,2011,1000–1500 m,20–30°,1500–2000 mm,0–10 m,2010s,3,3,2,1
19717,29.436861,80.046417,1447.0,33.58,1594.0,21.6,32.6,45.8,40.0,34.2,16.4,0.164,Tree cover,0.2,Uttarakhand,Champawat,Barakot,Debris,2006,1000–1500 m,30–40°,1500–2000 mm,0–10 m,2000s,3,4,2,1
19719,29.437167,80.043694,1415.0,37.22,1594.0,21.4,32.7,45.9,40.2,34.2,16.7,0.167,Tree cover,9.1,Uttarakhand,Champawat,Barakot,Rock,2006,1000–1500 m,30–40°,1500–2000 mm,0–10 m,2000s,3,4,2,1
19720,29.4375,80.016528,1108.0,30.22,1827.0,22.6,33.0,44.4,39.3,33.2,15.4,0.154,Tree cover,3.0,Uttarakhand,Champawat,Barakot,Rock,2016,1000–1500 m,30–40°,1500–2000 mm,0–10 m,2010s,3,4,2,1
19721,29.43825,80.141278,1668.0,29.66,1558.0,22.2,31.9,45.9,39.1,33.7,14.7,0.147,Tree cover,9.0,Uttarakhand,Champawat,Barakot,Debris,2014,1500–2000 m,20–30°,1500–2000 mm,0–10 m,2010s,4,3,2,1
19722,29.438444,80.022806,1123.0,27.33,1733.0,21.1,33.0,45.9,39.0,33.0,15.1,0.151,Built-up,3.9,Uttarakhand,Champawat,Barakot,Rock,2006,1000–1500 m,20–30°,1500–2000 mm,0–10 m,2000s,3,3,2,1
19724,29.440417,80.228639,693.0,42.31,1771.0,21.2,37.7,41.1,36.9,32.8,14.1,0.141,Tree cover,5.7,Uttarakhand,Champawat,Pulla Gumdesh,Rock,2014,500–1000 m,40–50°,1500–2000 mm,0–10 m,2010s,2,5,2,1
19729,29.440778,80.068111,1659.0,36.14,1618.0,23.5,33.1,43.4,39.8,34.0,16.2,0.162,Tree cover,9.8,Uttarakhand,Champawat,Barakot,Rock,2015,1500–2000 m,30–40°,1500–2000 mm,0–10 m,2010s,4,4,2,1
19732,29.441944,80.064028,1519.0,29.46,1585.0,22.9,33.4,43.7,40.1,34.2,16.1,0.161,Tree cover,12.2,Uttarakhand,Champawat,Barakot,Rock,2016,1500–2000 m,20–30°,1500–2000 mm,10–50 m,2010s,4,3,2,2
19733,29.441972,79.864222,1113.0,31.7,1818.0,22.1,34.7,43.3,39.6,34.7,16.4,0.164,Built-up,2.5,Uttarakhand,Champawat,Pati,Rock,2013,1000–1500 m,30–40°,1500–2000 mm,0–10 m,2010s,3,4,2,1
19735,29.444306,80.051639,1463.0,40.94,1600.0,22.8,33.4,43.7,39.8,34.8,16.0,0.16,Tree cover,2.6,Uttarakhand,Champawat,Barakot,Rock,2012,1000–1500 m,40–50°,1500–2000 mm,0–10 m,2010s,3,5,2,1
19736,29.444437,79.989443,900.0,17.5,1822.0,23.1,33.2,43.7,38.6,32.7,14.9,0.149,Tree cover,617.4,Uttarakhand,Champawat,Pati,Debris,2002,500–1000 m,10–20°,1500–2000 mm,500–1000 m,2000s,2,2,2,5
19737,29.444722,79.942861,1419.0,41.44,1668.0,22.7,34.5,42.9,39.3,33.6,16.5,0.165,Grassland,6.1,Uttarakhand,Champawat,Pati,Rock,2011,1000–1500 m,40–50°,1500–2000 mm,0–10 m,2010s,3,5,2,1
19738,29.44525,80.083111,1516.0,38.96,1578.0,24.4,30.6,45.0,38.9,34.2,16.1,0.161,Built-up,1.4,Uttarakhand,Champawat,Barakot,Rock,2016,1500–2000 m,30–40°,1500–2000 mm,0–10 m,2010s,4,4,2,1
19739,29.445458,79.970473,900.0,24.66,1880.0,24.2,34.8,41.0,38.9,33.8,15.5,0.155,Tree cover,410.1,Uttarakhand,Champawat,Pati,Debris,2016,500–1000 m,20–30°,1500–2000 mm,100–500 m,2010s,2,3,2,4
19740,29.445583,79.952972,1175.0,24.49,1750.0,23.3,34.0,42.7,39.3,33.5,16.2,0.162,Grassland,8.5,Uttarakhand,Champawat,Pati,Rock,2014,1000–1500 m,20–30°,1500–2000 mm,0–10 m,2010s,3,3,2,1
19741,29.4475,80.02525,1305.0,35.31,1612.0,22.9,37.7,39.4,39.0,34.0,14.5,0.145,Built-up,8.0,Uttarakhand,Champawat,Barakot,Rock,2015,1000–1500 m,30–40°,1500–2000 mm,0–10 m,2010s,3,4,2,1
19746,29.449468,79.968647,853.0,42.62,1880.0,23.3,33.9,42.8,38.7,32.6,15.3,0.153,Grassland,377.8,Uttarakhand,Champawat,Pati,Debris,2011,500–1000 m,40–50°,1500–2000 mm,100–500 m,2010s,2,5,2,4
19747,29.450917,79.962694,1091.0,39.01,1760.0,23.9,35.0,41.1,38.7,32.3,15.1,0.151,Grassland,0.6,Uttarakhand,Champawat,Pati,Debris,2016,1000–1500 m,30–40°,1500–2000 mm,0–10 m,2010s,3,4,2,1
19748,29.451306,80.051056,1314.0,28.47,1596.0,21.3,32.3,46.5,38.9,32.9,14.8,0.148,Tree cover,2.9,Uttarakhand,Champawat,Barakot,Debris,2015,1000–1500 m,20–30°,1500–2000 mm,0–10 m,2010s,3,3,2,1
19750,29.4524,80.003607,858.0,33.0,1881.0,23.2,34.6,42.3,38.7,33.1,14.4,0.144,Tree cover,613.2,Uttarakhand,Champawat,Barakot,Rock,2011,500–1000 m,30–40°,1500–2000 mm,500–1000 m,2010s,2,4,2,5
19752,29.452596,79.964519,1131.0,28.35,1760.0,23.5,34.6,41.9,38.7,32.3,15.1,0.151,Grassland,57.5,Uttarakhand,Champawat,Pati,Debris,2016,1000–1500 m,20–30°,1500–2000 mm,50–100 m,2010s,3,3,2,3
19753,29.452611,80.059646,1636.0,39.92,1600.0,23.4,33.3,43.3,39.5,34.5,15.7,0.157,Tree cover,12.1,Uttarakhand,Champawat,Barakot,Rock,2011,1500–2000 m,30–40°,1500–2000 mm,10–50 m,2010s,4,4,2,2
19757,29.453047,80.062032,1619.0,33.87,1600.0,23.4,33.3,43.3,39.5,34.5,15.7,0.157,Tree cover,2.7,Uttarakhand,Champawat,Barakot,Rock,2011,1500–2000 m,30–40°,1500–2000 mm,0–10 m,2010s,4,4,2,1
19759,29.453649,80.0921,1382.0,38.58,1582.0,21.3,31.4,47.3,39.1,33.5,15.5,0.155,Tree cover,92.1,Uttarakhand,Champawat,Barakot,Rock,2002,1000–1500 m,30–40°,1500–2000 mm,50–100 m,2000s,3,4,2,3
19760,29.453823,79.979557,879.0,38.79,1864.0,23.0,34.2,42.8,38.7,32.6,15.3,0.153,Tree cover,388.0,Uttarakhand,Champawat,Pati,Rock,2002,500–1000 m,30–40°,1500–2000 mm,100–500 m,2000s,2,4,2,4
19764,29.454463,80.009497,968.0,41.41,1857.0,23.4,34.8,41.7,38.7,33.1,14.4,0.144,Tree cover,850.6,Uttarakhand,Champawat,Barakot,Rock,2016,500–1000 m,40–50°,1500–2000 mm,500–1000 m,2010s,2,5,2,5
19768,29.455151,79.964503,1077.0,42.0,1760.0,23.2,34.3,42.5,38.7,32.3,15.1,0.151,Grassland,11.2,Uttarakhand,Champawat,Pati,Debris,2016,1000–1500 m,40–50°,1500–2000 mm,10–50 m,2010s,3,5,2,2
19769,29.455314,80.046745,1272.0,33.57,1671.0,21.3,32.3,46.4,38.9,32.9,14.8,0.148,Tree cover,9.4,Uttarakhand,Champawat,Barakot,Debris,2011,1000–1500 m,30–40°,1500–2000 mm,0–10 m,2010s,3,4,2,1
19770,29.455599,79.965148,1052.0,40.86,1760.0,23.2,34.3,42.5,38.7,32.3,15.1,0.151,Grassland,11.3,Uttarakhand,Champawat,Pati,Debris,2016,1000–1500 m,40–50°,1500–2000 mm,10–50 m,2010s,3,5,2,2
19771,29.455639,80.048306,1377.0,38.93,1671.0,21.0,32.4,46.5,38.9,32.9,14.8,0.148,Tree cover,5.2,Uttarakhand,Champawat,Barakot,Rock,2011,1000–1500 m,30–40°,1500–2000 mm,0–10 m,2010s,3,4,2,1
19772,29.455654,80.225193,744.0,42.94,1874.0,21.1,37.0,41.9,37.5,32.9,13.0,0.13,Grassland,725.7,Uttarakhand,Pithoragarh,Pithoragarh,Rock,2005,500–1000 m,40–50°,1500–2000 mm,500–1000 m,2000s,2,5,2,5
19773,29.455774,80.071751,1475.0,35.78,1586.0,22.9,33.0,44.1,39.5,34.1,15.6,0.156,Grassland,82.3,Uttarakhand,Champawat,Barakot,Debris,2014,1000–1500 m,30–40°,1500–2000 mm,50–100 m,2010s,3,4,2,3
19775,29.456264,79.791906,1871.0,26.22,1790.0,25.6,31.3,43.1,38.9,35.9,17.8,0.178,Tree cover,406.7,Uttarakhand,Almora,Jainti,Debris,2005,1500–2000 m,20–30°,1500–2000 mm,100–500 m,2000s,4,3,2,4
19779,29.457486,79.86446,992.0,40.98,1816.0,21.5,35.0,43.5,39.9,33.2,15.6,0.156,Tree cover,674.4,Uttarakhand,Almora,Jainti,Rock,2011,500–1000 m,40–50°,1500–2000 mm,500–1000 m,2010s,2,5,2,5
19780,29.457658,80.017073,929.0,37.63,1815.0,22.4,33.9,43.7,39.8,33.7,16.2,0.162,Tree cover,416.9,Uttarakhand,Champawat,Barakot,Rock,2002,500–1000 m,30–40°,1500–2000 mm,100–500 m,2000s,2,4,2,4
19781,29.457833,80.043194,1237.0,36.1,1671.0,23.0,33.1,43.9,38.7,34.3,14.6,0.146,Built-up,3.3,Uttarakhand,Champawat,Barakot,Rock,2011,1000–1500 m,30–40°,1500–2000 mm,0–10 m,2010s,3,4,2,1
19783,29.458114,80.096184,1263.0,33.47,1582.0,22.2,30.3,47.5,38.5,33.3,15.0,0.15,Tree cover,387.9,Uttarakhand,Champawat,Barakot,Rock,2014,1000–1500 m,30–40°,1500–2000 mm,100–500 m,2010s,3,4,2,4
19786,29.459219,80.024606,945.0,30.76,1751.0,23.0,33.1,43.9,39.7,34.0,16.0,0.16,Tree cover,540.6,Uttarakhand,Champawat,Barakot,Rock,2002,500–1000 m,30–40°,1500–2000 mm,500–1000 m,2000s,2,4,2,5
19787,29.459313,79.866635,981.0,48.19,1802.0,22.2,34.6,43.2,39.9,33.2,15.6,0.156,Tree cover,693.5,Uttarakhand,Almora,Jainti,Rock,2011,500–1000 m,40–50°,1500–2000 mm,500–1000 m,2010s,2,5,2,5
19788,29.459568,80.029622,943.0,32.77,1754.0,23.1,34.1,42.8,39.7,34.0,16.0,0.16,Tree cover,367.0,Uttarakhand,Champawat,Barakot,Rock,2002,500–1000 m,30–40°,1500–2000 mm,100–500 m,2000s,2,4,2,4
19789,29.459791,80.026952,950.0,20.71,1754.0,23.0,33.1,43.9,39.7,34.0,16.0,0.16,Tree cover,500.7,Uttarakhand,Champawat,Barakot,Rock,2002,500–1000 m,20–30°,1500–2000 mm,500–1000 m,2000s,2,3,2,5
19791,29.460453,80.031986,1053.0,32.98,1754.0,22.4,33.7,43.9,39.7,34.0,16.0,0.16,Tree cover,240.5,Uttarakhand,Champawat,Barakot,Rock,2002,1000–1500 m,30–40°,1500–2000 mm,100–500 m,2000s,3,4,2,4
19792,29.460469,80.03078,1065.0,35.12,1754.0,22.4,33.7,43.9,39.7,34.0,16.0,0.16,Tree cover,236.4,Uttarakhand,Champawat,Barakot,Rock,2002,1000–1500 m,30–40°,1500–2000 mm,100–500 m,2000s,3,4,2,4
19793,29.460944,80.092688,1173.0,28.77,1626.0,23.5,32.0,44.5,39.1,33.4,15.1,0.151,Tree cover,389.3,Uttarakhand,Champawat,Barakot,Rock,2012,1000–1500 m,20–30°,1500–2000 mm,100–500 m,2010s,3,3,2,4
19797,29.461473,79.971673,796.0,42.6,1908.0,23.5,35.1,41.4,38.2,34.5,15.0,0.15,Grassland,636.9,Uttarakhand,Champawat,Pati,Rock,2011,500–1000 m,40–50°,1500–2000 mm,500–1000 m,2010s,2,5,2,5
19800,29.462478,79.879207,1077.0,11.92,1793.0,22.4,34.1,43.5,39.7,34.2,15.7,0.157,Cropland,9.8,Uttarakhand,Champawat,Pati,Rock,2016,1000–1500 m,10–20°,1500–2000 mm,0–10 m,2010s,3,2,2,1
19802,29.462823,80.175116,685.0,35.59,1888.0,20.9,35.4,43.7,36.8,32.7,13.7,0.137,Tree cover,1836.5,Uttarakhand,Champawat,Barakot,Rock,2005,500–1000 m,30–40°,1500–2000 mm,>1000 m,2000s,2,4,2,6
19804,29.463333,80.017611,1164.0,42.42,1751.0,22.6,33.7,43.7,39.8,33.7,16.2,0.162,Built-up,8.9,Uttarakhand,Champawat,Barakot,Rock,2006,1000–1500 m,40–50°,1500–2000 mm,0–10 m,2000s,3,5,2,1
19808,29.465039,79.914154,955.0,23.52,1844.0,24.3,34.4,41.4,38.9,32.9,15.6,0.156,Tree cover,263.5,Uttarakhand,Champawat,Pati,Rock,2016,500–1000 m,20–30°,1500–2000 mm,100–500 m,2010s,2,3,2,4
19809,29.465687,79.970247,733.0,33.38,1908.0,21.6,35.2,43.2,38.0,33.7,14.9,0.149,Grassland,828.0,Uttarakhand,Champawat,Pati,Rock,2011,500–1000 m,30–40°,1500–2000 mm,500–1000 m,2010s,2,4,2,5
19814,29.466972,79.994861,1136.0,31.46,1781.0,23.1,34.4,42.5,38.4,33.6,14.8,0.148,Grassland,9.1,Uttarakhand,Champawat,Barakot,Rock,2006,1000–1500 m,30–40°,1500–2000 mm,0–10 m,2000s,3,4,2,1
19815,29.468026,79.973511,876.0,37.65,1911.0,21.6,35.8,42.6,38.0,33.7,14.9,0.149,Tree cover,581.8,Uttarakhand,Champawat,Pati,Rock,2002,500–1000 m,30–40°,1500–2000 mm,500–1000 m,2000s,2,4,2,5
19816,29.468111,80.00775,1169.0,33.13,1733.0,20.6,33.3,46.1,38.5,32.8,15.1,0.151,Built-up,1.0,Uttarakhand,Champawat,Barakot,Rock,2011,1000–1500 m,30–40°,1500–2000 mm,0–10 m,2010s,3,4,2,1
19819,29.470467,79.898318,1296.0,34.75,1756.0,23.1,35.2,41.7,39.5,33.9,15.9,0.159,Grassland,330.0,Uttarakhand,Champawat,Pati,Debris,2016,1000–1500 m,30–40°,1500–2000 mm,100–500 m,2010s,3,4,2,4
19822,29.472139,79.917863,859.0,40.88,1886.0,23.3,35.2,41.5,38.9,32.9,15.6,0.156,Grassland,854.3,Uttarakhand,Champawat,Pati,Rock,2002,500–1000 m,40–50°,1500–2000 mm,500–1000 m,2000s,2,5,2,5
19823,29.472222,79.882667,1150.0,36.44,1836.0,22.0,33.8,44.2,39.3,33.7,16.2,0.162,Built-up,4.0,Uttarakhand,Champawat,Pati,Rock,2011,1000–1500 m,30–40°,1500–2000 mm,0–10 m,2010s,3,4,2,1
19824,29.473,79.883361,1132.0,30.31,1756.0,22.0,33.8,44.2,39.3,33.7,16.2,0.162,Grassland,7.8,Uttarakhand,Champawat,Pati,Rock,2011,1000–1500 m,30–40°,1500–2000 mm,0–10 m,2010s,3,4,2,1
19826,29.475,79.1102,644.0,44.16,1830.0,23.3,35.3,41.4,38.9,30.4,16.1,0.161,Tree cover,2982.0,Uttarakhand,Nainital,Ramnagar,Rock,2011,500–1000 m,40–50°,1500–2000 mm,>1000 m,2010s,2,5,2,6
19827,29.475895,80.146605,594.0,48.77,1898.0,21.8,36.5,41.7,37.3,34.4,13.4,0.134,Grassland,864.8,Uttarakhand,Champawat,Barakot,Rock,2012,500–1000 m,40–50°,1500–2000 mm,500–1000 m,2010s,2,5,2,5
19828,29.475896,79.899179,1103.0,31.43,1836.0,22.4,34.9,42.7,39.9,34.1,16.5,0.165,Built-up,0.9,Uttarakhand,Champawat,Pati,Debris,2016,1000–1500 m,30–40°,1500–2000 mm,0–10 m,2010s,3,4,2,1
19829,29.476878,80.004872,984.0,36.82,1841.0,22.6,34.6,42.8,38.6,33.5,15.7,0.157,Tree cover,345.1,Uttarakhand,Champawat,Barakot,Rock,2011,500–1000 m,30–40°,1500–2000 mm,100–500 m,2010s,2,4,2,4
19831,29.477222,80.209528,1067.0,16.42,1600.0,22.9,29.8,47.4,39.3,34.3,15.9,0.159,Grassland,3.1,Uttarakhand,Pithoragarh,Pithoragarh,Rock,2005,1000–1500 m,10–20°,1500–2000 mm,0–10 m,2000s,3,2,2,1
19834,29.479028,79.983278,685.0,33.0,1909.0,22.7,34.6,42.7,38.5,32.9,15.0,0.15,Built-up,3.6,Uttarakhand,Champawat,Barakot,Rock,2011,500–1000 m,30–40°,1500–2000 mm,0–10 m,2010s,2,4,2,1
19837,29.480917,79.984417,671.0,14.67,1899.0,22.6,34.5,43.0,38.5,32.9,15.0,0.15,Grassland,8.0,Uttarakhand,Champawat,Barakot,Rock,2011,500–1000 m,10–20°,1500–2000 mm,0–10 m,2010s,2,2,2,1
19839,29.481724,79.968877,907.0,38.9,1917.0,21.7,34.9,43.5,39.0,32.5,15.6,0.156,Grassland,111.2,Uttarakhand,Almora,Dhyari,Rock,2013,500–1000 m,30–40°,1500–2000 mm,100–500 m,2010s,2,4,2,4
19840,29.483224,80.002729,712.0,38.28,1841.0,22.4,35.7,41.9,38.6,33.0,15.0,0.15,Tree cover,40.3,Uttarakhand,Champawat,Barakot,Rock,2002,500–1000 m,30–40°,1500–2000 mm,10–50 m,2000s,2,4,2,2
19841,29.484069,80.125076,803.0,39.11,1909.0,23.0,35.8,41.2,37.3,32.0,13.8,0.138,Tree cover,687.6,Uttarakhand,Champawat,Barakot,Rock,2006,500–1000 m,30–40°,1500–2000 mm,500–1000 m,2000s,2,4,2,5
19842,29.484713,79.972357,764.0,31.3,1880.0,23.0,36.3,40.7,39.1,33.3,14.9,0.149,Grassland,238.1,Uttarakhand,Almora,Dhyari,Rock,2002,500–1000 m,30–40°,1500–2000 mm,100–500 m,2000s,2,4,2,4
19843,29.48481,79.991369,729.0,32.23,1915.0,23.7,35.2,41.1,38.3,32.8,14.3,0.143,Grassland,93.0,Uttarakhand,Champawat,Barakot,Rock,2002,500–1000 m,30–40°,1500–2000 mm,50–100 m,2000s,2,4,2,3
19844,29.484841,79.886383,892.0,29.8,1842.0,23.0,33.3,43.8,39.4,32.9,15.9,0.159,Grassland,253.4,Uttarakhand,Champawat,Jainti,Rock,2005,500–1000 m,20–30°,1500–2000 mm,100–500 m,2000s,2,3,2,4
19846,29.485528,79.985472,645.0,25.16,1915.0,23.4,35.3,41.3,39.1,32.7,14.4,0.144,Grassland,3.0,Uttarakhand,Champawat,Dhyari,Rock,2011,500–1000 m,20–30°,1500–2000 mm,0–10 m,2010s,2,3,2,1
19847,29.485694,79.975583,663.0,38.21,1915.0,23.1,36.5,40.3,39.1,32.7,14.4,0.144,Built-up,7.4,Uttarakhand,Champawat,Dhyari,Rock,2011,500–1000 m,30–40°,1500–2000 mm,0–10 m,2010s,2,4,2,1
19848,29.486191,79.789682,1268.0,26.8,1753.0,21.3,33.4,45.3,40.4,35.6,15.7,0.157,Grassland,945.1,Uttarakhand,Almora,Lamgada,Rock,2005,1000–1500 m,20–30°,1500–2000 mm,500–1000 m,2000s,3,3,2,5
19849,29.4865,79.0892,785.0,39.72,1830.0,23.7,34.2,42.0,38.8,35.0,16.5,0.165,Tree cover,2876.9,Uttarakhand,Nainital,Ramnagar,Rock,2011,500–1000 m,30–40°,1500–2000 mm,>1000 m,2010s,2,4,2,6
19850,29.486943,79.995147,634.0,39.98,1924.0,23.2,35.6,41.1,38.3,32.8,14.3,0.143,Tree cover,242.7,Uttarakhand,Champawat,Barakot,Rock,2002,500–1000 m,30–40°,1500–2000 mm,100–500 m,2000s,2,4,2,4
19851,29.486944,79.923045,998.0,32.37,1854.0,23.3,32.9,43.8,39.3,33.1,15.6,0.156,Tree cover,19.4,Uttarakhand,Champawat,Dhyari,Rock,2016,500–1000 m,30–40°,1500–2000 mm,10–50 m,2010s,2,4,2,2
19853,29.4871,79.0883,787.0,39.27,1830.0,23.8,34.7,41.5,38.8,34.9,16.5,0.165,Tree cover,2884.3,Uttarakhand,Nainital,Ramnagar,Rock,2011,500–1000 m,30–40°,1500–2000 mm,>1000 m,2010s,2,4,2,6
19854,29.487104,79.916204,815.0,28.83,1888.0,24.2,33.5,42.3,39.3,33.1,15.6,0.156,Tree cover,424.1,Uttarakhand,Champawat,Bhanoli,Rock,2002,500–1000 m,20–30°,1500–2000 mm,100–500 m,2000s,2,3,2,4
19856,29.487306,79.985861,650.0,31.11,1915.0,22.9,35.5,41.6,39.1,32.7,14.4,0.144,Built-up,2.4,Uttarakhand,Champawat,Dhyari,Debris,2002,500–1000 m,30–40°,1500–2000 mm,0–10 m,2000s,2,4,2,1
19857,29.487457,80.120093,773.0,41.55,1897.0,21.9,35.6,42.5,37.4,33.0,14.4,0.144,Tree cover,456.0,Uttarakhand,Champawat,Barakot,Rock,2011,500–1000 m,40–50°,1500–2000 mm,100–500 m,2010s,2,5,2,4
19860,29.48947,79.914678,839.0,25.83,1888.0,24.9,33.6,41.6,39.3,33.7,15.6,0.156,Tree cover,209.8,Uttarakhand,Almora,Bhanoli,Rock,2011,500–1000 m,20–30°,1500–2000 mm,100–500 m,2010s,2,3,2,4
19861,29.489627,79.923371,1029.0,26.78,1854.0,22.6,33.0,44.4,39.3,33.1,15.6,0.156,Grassland,93.0,Uttarakhand,Almora,Dhyari,Rock,2011,1000–1500 m,20–30°,1500–2000 mm,50–100 m,2010s,3,3,2,3
19862,29.489714,79.911899,880.0,39.16,1888.0,22.9,34.3,42.8,39.3,33.7,15.6,0.156,Tree cover,145.3,Uttarakhand,Champawat,Bhanoli,Rock,2005,500–1000 m,30–40°,1500–2000 mm,100–500 m,2000s,2,4,2,4
19864,29.490328,79.979559,779.0,29.34,1915.0,23.1,36.4,40.5,39.1,32.7,14.4,0.144,Grassland,405.5,Uttarakhand,Almora,Dhyari,Rock,2011,500–1000 m,20–30°,1500–2000 mm,100–500 m,2010s,2,3,2,4
19865,29.490373,79.981771,800.0,26.91,1915.0,23.3,36.0,40.6,39.1,32.7,14.4,0.144,Tree cover,414.7,Uttarakhand,Almora,Dhyari,Rock,2011,500–1000 m,20–30°,1500–2000 mm,100–500 m,2010s,2,3,2,4
19866,29.490624,80.132585,560.0,37.27,1909.0,22.5,35.4,42.1,37.6,32.1,13.2,0.132,Built-up,5.2,Uttarakhand,Pithoragarh,Pithoragarh,Debris,2011,500–1000 m,30–40°,1500–2000 mm,0–10 m,2010s,2,4,2,1
19867,29.491278,79.976678,874.0,34.02,1915.0,23.3,36.5,40.2,39.1,33.3,14.9,0.149,Grassland,240.3,Uttarakhand,Almora,Dhyari,Rock,2011,500–1000 m,30–40°,1500–2000 mm,100–500 m,2010s,2,4,2,4
19868,29.491556,80.130528,553.0,34.17,1909.0,22.3,36.1,41.6,37.3,32.0,13.8,0.138,Built-up,5.4,Uttarakhand,Pithoragarh,Pithoragarh,Rock,2014,500–1000 m,30–40°,1500–2000 mm,0–10 m,2010s,2,4,2,1
19870,29.493381,80.152911,758.0,40.36,1818.0,24.5,30.4,45.1,38.6,33.7,14.8,0.148,Tree cover,34.9,Uttarakhand,Pithoragarh,Pithoragarh,Rock,2009,500–1000 m,40–50°,1500–2000 mm,10–50 m,2000s,2,5,2,2
19871,29.493782,79.899406,959.0,24.39,1822.0,24.0,33.5,42.5,39.8,33.5,16.5,0.165,Tree cover,9.1,Uttarakhand,Almora,Bhanoli,Rock,2016,500–1000 m,20–30°,1500–2000 mm,0–10 m,2010s,2,3,2,1
19876,29.49553,80.139212,918.0,36.9,1854.0,23.7,35.6,40.7,38.0,34.1,14.2,0.142,Grassland,197.2,Uttarakhand,Pithoragarh,Pithoragarh,Rock,2012,500–1000 m,30–40°,1500–2000 mm,100–500 m,2010s,2,4,2,4
19878,29.495737,80.112035,629.0,41.73,1903.0,23.0,35.0,42.0,37.8,32.4,13.7,0.137,Grassland,176.9,Uttarakhand,Champawat,Barakot,Rock,2012,500–1000 m,40–50°,1500–2000 mm,100–500 m,2010s,2,5,2,4
19879,29.495945,80.000591,655.0,47.16,1910.0,23.1,35.6,41.3,38.0,32.9,14.4,0.144,Grassland,293.9,Uttarakhand,Almora,Dhyari,Rock,2006,500–1000 m,40–50°,1500–2000 mm,100–500 m,2000s,2,5,2,4
19881,29.496397,80.145302,962.0,37.43,1828.0,23.7,35.9,40.4,38.0,34.1,14.2,0.142,Tree cover,33.1,Uttarakhand,Pithoragarh,Pithoragarh,Debris,2009,500–1000 m,30–40°,1500–2000 mm,10–50 m,2000s,2,4,2,2
19882,29.496931,80.012234,720.0,32.62,1918.0,23.0,35.2,41.8,39.0,33.3,15.0,0.15,Grassland,834.6,Uttarakhand,Almora,Dhyari,Rock,2012,500–1000 m,30–40°,1500–2000 mm,500–1000 m,2010s,2,4,2,5
19883,29.49699,80.00083,722.0,46.09,1910.0,23.1,35.5,41.4,38.0,32.9,14.4,0.144,Tree cover,373.2,Uttarakhand,Almora,Dhyari,Rock,2014,500–1000 m,40–50°,1500–2000 mm,100–500 m,2010s,2,5,2,4
19885,29.497892,79.998586,634.0,19.91,1914.0,23.2,36.1,40.7,38.0,32.9,14.4,0.144,Grassland,246.2,Uttarakhand,Almora,Dhyari,Rock,2012,500–1000 m,10–20°,1500–2000 mm,100–500 m,2010s,2,2,2,4
19887,29.498295,79.142698,467.0,31.95,1768.0,24.4,33.8,41.9,37.8,33.7,14.6,0.146,Tree cover,449.9,Uttarakhand,Nainital,Nainital,Rock,2013,0–500 m,30–40°,1500–2000 mm,100–500 m,2010s,1,4,2,4
19889,29.498674,80.124267,616.0,50.58,1906.0,22.6,35.8,41.6,37.8,33.4,13.9,0.139,Tree cover,76.5,Uttarakhand,Champawat,Barakot,Rock,2006,500–1000 m,>50°,1500–2000 mm,50–100 m,2000s,2,6,2,3
19890,29.498759,80.104137,695.0,40.84,1890.0,23.3,35.4,41.3,37.8,32.2,14.6,0.146,Grassland,166.8,Uttarakhand,Champawat,Barakot,Rock,2014,500–1000 m,40–50°,1500–2000 mm,100–500 m,2010s,2,5,2,4
19891,29.49879,79.887989,962.0,31.12,1853.0,23.0,33.6,43.4,39.5,34.8,16.2,0.162,Grassland,46.1,Uttarakhand,Almora,Bhanoli,Rock,2011,500–1000 m,30–40°,1500–2000 mm,10–50 m,2010s,2,4,2,2
19892,29.498861,79.991472,753.0,39.44,1853.0,22.7,36.3,41.1,38.2,32.9,14.3,0.143,Built-up,1.1,Uttarakhand,Almora,Dhyari,Rock,2005,500–1000 m,30–40°,1500–2000 mm,0–10 m,2000s,2,4,2,1
19893,29.49942,80.101188,752.0,28.35,1890.0,26.2,33.3,40.5,37.8,32.2,14.6,0.146,Grassland,115.1,Uttarakhand,Champawat,Barakot,Rock,2014,500–1000 m,20–30°,1500–2000 mm,100–500 m,2010s,2,3,2,4
19894,29.499696,80.099342,842.0,39.5,1766.0,26.8,33.6,39.6,37.8,32.2,14.6,0.146,Grassland,19.3,Uttarakhand,Champawat,Barakot,Rock,2014,500–1000 m,30–40°,1500–2000 mm,10–50 m,2010s,2,4,2,2
19898,29.500501,79.482274,1019.0,47.21,1873.0,25.2,33.0,41.7,39.0,33.0,16.8,0.168,Tree cover,101.9,Uttarakhand,Almora,Ranikhet,Debris,2013,1000–1500 m,40–50°,1500–2000 mm,100–500 m,2010s,3,5,2,4
19902,29.502053,79.420426,1479.0,42.92,1821.0,22.6,33.1,44.4,39.8,35.1,17.8,0.178,Tree cover,992.2,Uttarakhand,Nainital,Kosya Kutauli,Rock,2014,1000–1500 m,40–50°,1500–2000 mm,500–1000 m,2010s,3,5,2,5
19903,29.50211,79.481801,906.0,39.57,1873.0,25.5,32.4,42.1,39.5,33.6,16.7,0.167,Tree cover,18.5,Uttarakhand,Almora,Ranikhet,Debris,2013,500–1000 m,30–40°,1500–2000 mm,10–50 m,2010s,2,4,2,2
19908,29.504573,79.203445,955.0,31.34,1845.0,25.4,34.7,39.9,38.9,31.2,16.1,0.161,Tree cover,977.3,Uttarakhand,Nainital,Nainital,Rock,2014,500–1000 m,30–40°,1500–2000 mm,500–1000 m,2010s,2,4,2,5
19909,29.50538,79.444287,876.0,34.2,1878.0,24.1,33.6,42.4,39.6,33.7,16.9,0.169,Tree cover,290.0,Uttarakhand,Nainital,Kosya Kutauli,Rock,2017,500–1000 m,30–40°,1500–2000 mm,100–500 m,2010s,2,4,2,4
19911,29.505747,80.292536,1651.0,42.9,1547.0,23.0,30.5,46.5,37.8,34.7,14.9,0.149,Tree cover,13.7,Uttarakhand,Pithoragarh,Pithoragarh,Rock,2014,1500–2000 m,40–50°,1500–2000 mm,10–50 m,2010s,4,5,2,2
19915,29.506008,80.292774,1645.0,44.03,1547.0,23.0,30.5,46.5,37.8,34.7,14.9,0.149,Grassland,14.1,Uttarakhand,Pithoragarh,Pithoragarh,Rock,2014,1500–2000 m,40–50°,1500–2000 mm,10–50 m,2010s,4,5,2,2
19919,29.507372,80.294053,1642.0,22.87,1547.0,23.0,30.5,46.5,37.8,34.7,14.9,0.149,Built-up,5.0,Uttarakhand,Pithoragarh,Pithoragarh,Rock,2014,1500–2000 m,20–30°,1500–2000 mm,0–10 m,2010s,4,3,2,1
19925,29.509016,80.303447,1631.0,32.59,1572.0,22.7,31.0,46.3,38.5,34.9,16.6,0.166,Tree cover,5.8,Uttarakhand,Pithoragarh,Pithoragarh,Debris,2011,1500–2000 m,30–40°,1500–2000 mm,0–10 m,2010s,4,4,2,1
19928,29.509503,79.452938,879.0,46.44,1839.0,25.2,32.3,42.6,39.0,34.1,16.4,0.164,Grassland,22.1,Uttarakhand,Nainital,Kosya Kutauli,Rock,2017,500–1000 m,40–50°,1500–2000 mm,10–50 m,2010s,2,5,2,2
19933,29.510069,79.039045,915.0,28.75,1822.0,27.4,34.7,37.9,38.6,34.9,16.3,0.163,Tree cover,2323.8,Uttarakhand,Nainital,Ramnagar,Rock,2011,500–1000 m,20–30°,1500–2000 mm,>1000 m,2010s,2,3,2,6
19951,29.512947,79.04282,967.0,30.19,1823.0,28.5,34.4,37.1,38.6,34.9,16.3,0.163,Tree cover,2513.9,Uttarakhand,Nainital,Ramnagar,Rock,2011,500–1000 m,30–40°,1500–2000 mm,>1000 m,2010s,2,4,2,6
19953,29.513349,79.438197,883.0,38.55,1872.0,24.1,33.3,42.6,39.7,34.4,17.2,0.172,Tree cover,20.3,Uttarakhand,Nainital,Kosya Kutauli,Debris,2014,500–1000 m,30–40°,1500–2000 mm,10–50 m,2010s,2,4,2,2
19955,29.51404,79.479387,930.0,45.48,1859.0,25.8,31.6,42.6,39.2,33.2,16.8,0.168,Tree cover,17.6,Uttarakhand,Almora,Ranikhet,Rock,2013,500–1000 m,40–50°,1500–2000 mm,10–50 m,2010s,2,5,2,2
19962,29.515572,79.435206,877.0,38.97,1872.0,24.2,33.1,42.7,39.7,34.4,17.2,0.172,Grassland,30.3,Uttarakhand,Nainital,Kosya Kutauli,Debris,2014,500–1000 m,30–40°,1500–2000 mm,10–50 m,2010s,2,4,2,2
19967,29.516336,79.480038,949.0,47.74,1859.0,26.0,31.6,42.4,39.2,33.2,16.8,0.168,Tree cover,19.8,Uttarakhand,Almora,Ranikhet,Rock,2013,500–1000 m,40–50°,1500–2000 mm,10–50 m,2010s,2,5,2,2
19974,29.517852,79.456513,1353.0,51.7,1808.0,23.6,31.2,45.2,39.6,34.0,16.7,0.167,Grassland,295.5,Uttarakhand,Almora,Ranikhet,Rock,2014,1000–1500 m,>50°,1500–2000 mm,100–500 m,2010s,3,6,2,4
19975,29.518165,79.480328,913.0,35.28,1851.0,25.7,31.5,42.8,39.2,33.2,16.8,0.168,Built-up,11.4,Uttarakhand,Almora,Ranikhet,Rock,2014,500–1000 m,30–40°,1500–2000 mm,10–50 m,2010s,2,4,2,2
19976,29.51827,79.433167,851.0,45.36,1866.0,23.6,33.6,42.8,39.3,34.7,17.1,0.171,Grassland,16.1,Uttarakhand,Nainital,Kosya Kutauli,Debris,2014,500–1000 m,40–50°,1500–2000 mm,10–50 m,2010s,2,5,2,2
19978,29.518646,79.480334,918.0,42.36,1851.0,25.7,31.7,42.6,39.6,33.4,16.7,0.167,Built-up,10.0,Uttarakhand,Almora,Ranikhet,Rock,2013,500–1000 m,40–50°,1500–2000 mm,0–10 m,2010s,2,5,2,1
19979,29.5191,79.4066,1398.0,32.45,1810.0,24.5,33.3,42.2,39.1,35.1,16.9,0.169,Tree cover,584.8,Uttarakhand,Nainital,Kosya Kutauli,Rock,2011,1000–1500 m,30–40°,1500–2000 mm,500–1000 m,2010s,3,4,2,5
19980,29.519314,80.311266,1535.0,39.99,1561.0,23.1,31.4,45.5,38.4,34.5,16.7,0.167,Tree cover,10.5,Uttarakhand,Pithoragarh,Pithoragarh,Rock,2017,1500–2000 m,30–40°,1500–2000 mm,10–50 m,2010s,4,4,2,2
19982,29.519744,79.425581,868.0,30.49,1866.0,24.0,33.6,42.5,39.4,34.0,16.7,0.167,Grassland,363.1,Uttarakhand,Nainital,Kosya Kutauli,Debris,2014,500–1000 m,30–40°,1500–2000 mm,100–500 m,2010s,2,4,2,4
19983,29.519993,79.254702,1365.0,54.44,1821.0,23.0,34.0,42.9,39.4,34.6,15.8,0.158,Bare / sparse vegetation,175.4,Uttarakhand,Nainital,Betalghat,Rock,2014,1000–1500 m,>50°,1500–2000 mm,100–500 m,2010s,3,6,2,4
19985,29.5203,79.4257,854.0,37.43,1866.0,24.0,33.6,42.5,39.4,34.0,16.7,0.167,Grassland,403.7,Uttarakhand,Nainital,Kosya Kutauli,Debris,2014,500–1000 m,30–40°,1500–2000 mm,100–500 m,2010s,2,4,2,4
19987,29.520718,79.411128,1236.0,40.61,1821.0,24.2,33.8,42.1,39.1,35.1,16.9,0.169,Tree cover,330.5,Uttarakhand,Nainital,Kosya Kutauli,Rock,2011,1000–1500 m,40–50°,1500–2000 mm,100–500 m,2010s,3,5,2,4
19990,29.520998,79.191923,758.0,44.32,1821.0,25.3,33.2,41.5,38.6,34.2,14.7,0.147,Tree cover,1450.6,Uttarakhand,Nainital,Nainital,Rock,2014,500–1000 m,40–50°,1500–2000 mm,>1000 m,2010s,2,5,2,6
19991,29.521163,79.406882,1203.0,43.8,1810.0,24.7,33.4,41.9,39.1,35.1,16.9,0.169,Tree cover,368.5,Uttarakhand,Nainital,Kosya Kutauli,Rock,2014,1000–1500 m,40–50°,1500–2000 mm,100–500 m,2010s,3,5,2,4
19992,29.521563,79.179942,845.0,40.64,1830.0,26.5,36.3,37.2,39.1,34.3,15.5,0.155,Tree cover,1847.4,Uttarakhand,Nainital,Nainital,Rock,2011,500–1000 m,40–50°,1500–2000 mm,>1000 m,2010s,2,5,2,6
19994,29.521748,79.431384,873.0,31.25,1866.0,23.2,33.9,42.9,39.4,34.0,16.7,0.167,Tree cover,64.3,Uttarakhand,Nainital,Betalghat,Debris,2013,500–1000 m,30–40°,1500–2000 mm,50–100 m,2010s,2,4,2,3
19995,29.52181,79.410112,1143.0,34.23,1821.0,24.0,33.2,42.8,39.1,35.1,16.9,0.169,Grassland,212.3,Uttarakhand,Nainital,Kosya Kutauli,Rock,2011,1000–1500 m,30–40°,1500–2000 mm,100–500 m,2010s,3,4,2,4
19996,29.522051,79.430568,853.0,34.47,1866.0,23.3,34.1,42.6,39.4,34.0,16.7,0.167,Grassland,25.1,Uttarakhand,Nainital,Kosya Kutauli,Rock,2011,500–1000 m,30–40°,1500–2000 mm,10–50 m,2010s,2,4,2,2
19998,29.5232,79.421,928.0,30.77,1849.0,24.2,32.9,42.9,39.4,34.6,17.0,0.17,Grassland,54.9,Uttarakhand,Nainital,Kosya Kutauli,Debris,2011,500–1000 m,30–40°,1500–2000 mm,50–100 m,2010s,2,4,2,3
20000,29.523619,79.400202,1354.0,36.89,1810.0,24.4,33.4,42.3,39.7,35.2,16.4,0.164,Tree cover,701.7,Uttarakhand,Nainital,Betalghat,Rock,2014,1000–1500 m,30–40°,1500–2000 mm,500–1000 m,2010s,3,4,2,5
20001,29.52376,79.245055,1133.0,36.97,1820.0,22.3,34.0,43.7,40.0,35.6,16.1,0.161,Tree cover,588.5,Uttarakhand,Nainital,Betalghat,Rock,2014,1000–1500 m,30–40°,1500–2000 mm,500–1000 m,2010s,3,4,2,5
20002,29.5241,79.4221,867.0,22.06,1849.0,24.2,32.9,42.9,39.4,34.6,17.0,0.17,Grassland,189.2,Uttarakhand,Nainital,Kosya Kutauli,Debris,2011,500–1000 m,20–30°,1500–2000 mm,100–500 m,2010s,2,3,2,4
20003,29.5243,79.4211,910.0,27.6,1849.0,23.8,32.2,43.9,39.4,34.6,17.0,0.17,Tree cover,170.1,Uttarakhand,Nainital,Kosya Kutauli,Debris,2011,500–1000 m,20–30°,1500–2000 mm,100–500 m,2010s,2,3,2,4
20007,29.52546,79.419857,924.0,38.38,1854.0,24.0,32.7,43.3,39.4,34.6,17.0,0.17,Tree cover,130.6,Uttarakhand,Nainital,Kosya Kutauli,Rock,2011,500–1000 m,30–40°,1500–2000 mm,100–500 m,2010s,2,4,2,4
20010,29.527171,79.483819,953.0,37.72,1811.0,25.4,31.3,43.3,39.6,33.4,16.7,0.167,Tree cover,23.3,Uttarakhand,Almora,Ranikhet,Rock,2011,500–1000 m,30–40°,1500–2000 mm,10–50 m,2010s,2,4,2,2
20014,29.528231,79.483996,953.0,35.37,1811.0,24.6,31.9,43.5,39.1,33.6,16.7,0.167,Tree cover,22.4,Uttarakhand,Almora,Ranikhet,Rock,2013,500–1000 m,30–40°,1500–2000 mm,10–50 m,2010s,2,4,2,2
20015,29.528449,79.405771,1106.0,49.54,1811.0,23.0,32.6,44.4,39.1,35.1,16.8,0.168,Grassland,74.1,Uttarakhand,Nainital,Betalghat,Rock,2014,1000–1500 m,40–50°,1500–2000 mm,50–100 m,2010s,3,5,2,3
20017,29.528885,79.24196,833.0,40.01,1819.0,21.0,33.4,45.6,39.0,35.1,16.1,0.161,Grassland,252.4,Uttarakhand,Nainital,Betalghat,Rock,2014,500–1000 m,40–50°,1500–2000 mm,100–500 m,2010s,2,5,2,4
20018,29.5291,79.0842,534.0,37.05,1757.0,23.7,34.9,41.4,38.0,30.4,16.0,0.16,Tree cover,193.5,Uttarakhand,Nainital,Ramnagar,Rock,2011,500–1000 m,30–40°,1500–2000 mm,100–500 m,2010s,2,4,2,4
20022,29.5316,79.0723,591.0,40.27,1771.0,23.7,34.8,41.5,38.3,30.5,15.5,0.155,Tree cover,145.3,Uttarakhand,Nainital,Ramnagar,Rock,2011,500–1000 m,40–50°,1500–2000 mm,100–500 m,2010s,2,5,2,4
20024,29.532394,80.254608,1713.0,32.6,1613.0,22.5,31.9,45.6,39.3,35.8,16.7,0.167,Tree cover,9.6,Uttarakhand,Pithoragarh,Pithoragarh,Debris,2017,1500–2000 m,30–40°,1500–2000 mm,0–10 m,2010s,4,4,2,1
20025,29.532398,79.081261,637.0,35.89,1766.0,24.0,34.5,41.5,38.0,30.4,16.0,0.16,Grassland,298.3,Uttarakhand,Nainital,Ramnagar,Rock,2011,500–1000 m,30–40°,1500–2000 mm,100–500 m,2010s,2,4,2,4
20029,29.534144,79.404779,1041.0,39.14,1829.0,22.9,32.5,44.6,39.1,35.1,16.8,0.168,Grassland,35.6,Uttarakhand,Nainital,Betalghat,Rock,2017,1000–1500 m,30–40°,1500–2000 mm,10–50 m,2010s,3,4,2,2
20031,29.535843,79.421161,957.0,35.02,1823.0,23.6,34.1,42.4,38.9,34.3,16.3,0.163,Grassland,445.3,Uttarakhand,Nainital,Betalghat,Rock,2014,500–1000 m,30–40°,1500–2000 mm,100–500 m,2010s,2,4,2,4
20032,29.5366,79.4069,828.0,34.1,1829.0,23.9,33.8,42.2,39.1,35.1,16.8,0.168,Tree cover,272.5,Uttarakhand,Nainital,Betalghat,Rock,2011,500–1000 m,30–40°,1500–2000 mm,100–500 m,2010s,2,4,2,4
20040,29.538235,79.238718,842.0,42.02,1820.0,25.0,31.5,43.5,39.4,35.2,15.6,0.156,Grassland,17.7,Uttarakhand,Almora,Machhor,Rock,2014,500–1000 m,40–50°,1500–2000 mm,10–50 m,2010s,2,5,2,2
20045,29.540628,79.261451,915.0,45.07,1817.0,25.1,32.9,42.0,38.4,35.6,16.0,0.16,Tree cover,663.0,Uttarakhand,Nainital,Betalghat,Rock,2014,500–1000 m,40–50°,1500–2000 mm,500–1000 m,2010s,2,5,2,5
20047,29.542579,79.413485,953.0,38.17,1817.0,23.3,33.8,42.9,39.5,34.0,16.3,0.163,Tree cover,490.5,Uttarakhand,Nainital,Betalghat,Rock,2014,500–1000 m,30–40°,1500–2000 mm,100–500 m,2010s,2,4,2,4
20058,29.545642,79.197311,821.0,34.93,1803.0,23.2,35.6,41.2,40.2,35.4,15.5,0.155,Grassland,143.2,Uttarakhand,Almora,Machhor,Rock,2011,500–1000 m,30–40°,1500–2000 mm,100–500 m,2010s,2,4,2,4
20065,29.547152,80.284095,1496.0,23.83,1574.0,21.5,28.8,49.8,38.6,35.4,16.0,0.16,Tree cover,2.3,Uttarakhand,Pithoragarh,Pithoragarh,Debris,2017,1000–1500 m,20–30°,1500–2000 mm,0–10 m,2010s,3,3,2,1
20066,29.547198,79.338611,901.0,39.62,1820.0,25.3,33.6,41.1,39.4,33.7,16.1,0.161,Tree cover,744.5,Uttarakhand,Nainital,Betalghat,Rock,2010,500–1000 m,30–40°,1500–2000 mm,500–1000 m,2010s,2,4,2,5
20069,29.548203,79.341684,900.0,48.35,1807.0,25.7,33.0,41.3,39.4,33.7,16.1,0.161,Tree cover,627.5,Uttarakhand,Nainital,Betalghat,Rock,2010,500–1000 m,40–50°,1500–2000 mm,500–1000 m,2010s,2,5,2,5
20072,29.548741,79.337898,796.0,41.84,1820.0,25.3,33.2,41.5,39.4,33.7,16.1,0.161,Tree cover,588.5,Uttarakhand,Nainital,Betalghat,Rock,2010,500–1000 m,40–50°,1500–2000 mm,500–1000 m,2010s,2,5,2,5
20073,29.549047,79.255669,717.0,30.47,1802.0,24.8,32.3,42.9,39.0,34.6,16.0,0.16,Grassland,518.3,Uttarakhand,Nainital,Betalghat,Rock,2017,500–1000 m,30–40°,1500–2000 mm,500–1000 m,2010s,2,4,2,5
20074,29.549228,79.324747,808.0,35.63,1808.0,25.4,32.6,42.1,38.6,33.8,16.4,0.164,Grassland,333.1,Uttarakhand,Nainital,Betalghat,Rock,2014,500–1000 m,30–40°,1500–2000 mm,100–500 m,2010s,2,4,2,4
20075,29.54969,79.311012,830.0,45.96,1800.0,25.0,31.9,43.1,38.6,33.6,16.9,0.169,Bare / sparse vegetation,1107.5,Uttarakhand,Nainital,Betalghat,Rock,2011,500–1000 m,40–50°,1500–2000 mm,>1000 m,2010s,2,5,2,6
20077,29.550017,79.409123,870.0,54.22,1789.0,23.5,34.0,42.5,40.2,33.4,15.8,0.158,Bare / sparse vegetation,424.0,Uttarakhand,Nainital,Betalghat,Rock,2010,500–1000 m,>50°,1500–2000 mm,100–500 m,2010s,2,6,2,4
20078,29.5502,79.4119,1108.0,44.54,1789.0,23.3,33.2,43.5,40.2,33.4,15.8,0.158,Grassland,191.7,Uttarakhand,Nainital,Betalghat,Rock,2011,1000–1500 m,40–50°,1500–2000 mm,100–500 m,2010s,3,5,2,4
20079,29.550526,79.2206,1313.0,39.78,1801.0,21.9,31.3,46.8,39.8,34.5,15.3,0.153,Tree cover,215.7,Uttarakhand,Almora,Machhor,Rock,2014,1000–1500 m,30–40°,1500–2000 mm,100–500 m,2010s,3,4,2,4
20080,29.550571,79.309235,828.0,47.58,1805.0,25.5,32.4,42.1,38.6,33.6,16.9,0.169,Grassland,1028.8,Uttarakhand,Nainital,Betalghat,Rock,2011,500–1000 m,40–50°,1500–2000 mm,>1000 m,2010s,2,5,2,6
20081,29.551054,79.343474,790.0,15.74,1813.0,25.3,33.4,41.3,39.4,33.7,16.1,0.161,Tree cover,516.1,Uttarakhand,Nainital,Betalghat,Rock,2010,500–1000 m,10–20°,1500–2000 mm,500–1000 m,2010s,2,2,2,5
20083,29.551481,80.341195,581.0,47.8,1781.0,20.6,36.7,42.7,37.6,33.9,14.2,0.142,Grassland,1340.6,Uttarakhand,Pithoragarh,Pithoragarh,Debris,2014,500–1000 m,40–50°,1500–2000 mm,>1000 m,2010s,2,5,2,6
20084,29.5517,79.4084,907.0,49.59,1789.0,23.2,33.3,43.5,39.7,34.1,15.6,0.156,Tree cover,396.7,Uttarakhand,Nainital,Betalghat,Rock,2011,500–1000 m,40–50°,1500–2000 mm,100–500 m,2010s,2,5,2,4
20085,29.551882,79.307892,816.0,42.57,1805.0,25.5,32.5,42.0,38.6,33.6,16.9,0.169,Tree cover,865.6,Uttarakhand,Nainital,Betalghat,Rock,2011,500–1000 m,40–50°,1500–2000 mm,500–1000 m,2010s,2,5,2,5
20086,29.551926,79.410945,1121.0,52.27,1789.0,23.4,33.5,43.1,40.2,33.4,15.8,0.158,Grassland,207.0,Uttarakhand,Nainital,Betalghat,Rock,2011,1000–1500 m,>50°,1500–2000 mm,100–500 m,2010s,3,6,2,4
20087,29.552966,79.285619,815.0,38.45,1804.0,25.1,32.8,42.1,38.6,34.2,15.9,0.159,Tree cover,1139.0,Uttarakhand,Nainital,Betalghat,Rock,2014,500–1000 m,30–40°,1500–2000 mm,>1000 m,2010s,2,4,2,6
20090,29.553321,79.281461,761.0,39.81,1799.0,24.4,33.9,41.7,38.6,34.2,15.9,0.159,Tree cover,797.3,Uttarakhand,Nainital,Betalghat,Rock,2014,500–1000 m,30–40°,1500–2000 mm,500–1000 m,2010s,2,4,2,5
20093,29.553724,79.193619,841.0,32.5,1790.0,23.4,35.1,41.5,40.2,35.4,15.5,0.155,Tree cover,8.9,Uttarakhand,Almora,Sult,Rock,2017,500–1000 m,30–40°,1500–2000 mm,0–10 m,2010s,2,4,2,1
20094,29.553982,79.249893,843.0,48.13,1794.0,24.3,33.6,42.1,39.4,34.7,15.2,0.152,Grassland,36.7,Uttarakhand,Almora,Machhor,Rock,2014,500–1000 m,40–50°,1500–2000 mm,10–50 m,2010s,2,5,2,2
20095,29.5542,79.3492,813.0,40.3,1813.0,24.4,34.0,41.6,39.0,33.4,16.4,0.164,Tree cover,43.6,Uttarakhand,Nainital,Betalghat,Rock,2011,500–1000 m,40–50°,1500–2000 mm,10–50 m,2010s,2,5,2,2
20096,29.55471,79.306447,783.0,31.61,1805.0,25.2,31.7,43.0,39.8,34.7,15.9,0.159,Tree cover,522.0,Uttarakhand,Nainital,Betalghat,Rock,2011,500–1000 m,30–40°,1500–2000 mm,500–1000 m,2010s,2,4,2,5
20097,29.555313,80.346067,542.0,46.81,1809.0,21.9,34.4,43.7,37.9,34.6,15.0,0.15,Grassland,916.6,Uttarakhand,Pithoragarh,Pithoragarh,Debris,2014,500–1000 m,40–50°,1500–2000 mm,500–1000 m,2010s,2,5,2,5
20098,29.555841,80.347144,525.0,35.54,1809.0,21.9,34.4,43.7,37.9,34.6,15.0,0.15,Grassland,842.9,Uttarakhand,Pithoragarh,Pithoragarh,Debris,2014,500–1000 m,30–40°,1500–2000 mm,500–1000 m,2010s,2,4,2,5
20099,29.556113,79.405966,957.0,42.84,1813.0,24.0,31.7,44.4,39.6,33.8,15.4,0.154,Tree cover,348.8,Uttarakhand,Nainital,Betalghat,Rock,2010,500–1000 m,40–50°,1500–2000 mm,100–500 m,2010s,2,5,2,4
20100,29.5566,79.4019,916.0,52.24,1813.0,24.5,33.0,42.5,39.6,33.8,15.4,0.154,Grassland,313.2,Uttarakhand,Nainital,Betalghat,Rock,2011,500–1000 m,>50°,1500–2000 mm,100–500 m,2010s,2,6,2,4
20101,29.55698,79.196327,1054.0,37.53,1790.0,23.7,34.0,42.3,39.7,34.3,16.2,0.162,Grassland,365.8,Uttarakhand,Almora,Sult,Rock,2011,1000–1500 m,30–40°,1500–2000 mm,100–500 m,2010s,3,4,2,4
20104,29.558407,79.400222,1025.0,51.8,1786.0,23.6,32.3,44.1,40.1,33.2,15.7,0.157,Grassland,183.7,Uttarakhand,Nainital,Betalghat,Rock,2011,1000–1500 m,>50°,1500–2000 mm,100–500 m,2010s,3,6,2,4
20105,29.558795,79.453735,1223.0,42.06,1786.0,24.7,31.3,44.0,39.5,33.7,16.2,0.162,Tree cover,37.2,Uttarakhand,Almora,Ranikhet,Rock,2011,1000–1500 m,40–50°,1500–2000 mm,10–50 m,2010s,3,5,2,2
20107,29.558934,79.39725,972.0,44.0,1781.0,23.7,32.7,43.6,40.1,33.2,15.7,0.157,Tree cover,184.5,Uttarakhand,Nainital,Betalghat,Rock,2011,500–1000 m,40–50°,1500–2000 mm,100–500 m,2010s,2,5,2,4
20109,29.561249,79.141339,796.0,43.37,1775.0,23.8,34.2,42.0,39.4,34.5,16.1,0.161,Tree cover,753.8,Uttarakhand,Almora,Sult,Rock,2014,500–1000 m,40–50°,1500–2000 mm,500–1000 m,2010s,2,5,2,5
20110,29.561459,79.213104,1481.0,42.87,1827.0,23.5,30.9,45.6,39.7,34.6,15.6,0.156,Grassland,457.3,Uttarakhand,Almora,Sult,Rock,2011,1000–1500 m,40–50°,1500–2000 mm,100–500 m,2010s,3,5,2,4
20111,29.5618,79.3344,952.0,44.23,1794.0,22.8,33.6,43.6,39.2,34.8,17.0,0.17,Tree cover,50.2,Uttarakhand,Nainital,Betalghat,Debris,2014,500–1000 m,40–50°,1500–2000 mm,50–100 m,2010s,2,5,2,3
20112,29.5622,79.3341,974.0,40.23,1794.0,22.8,33.6,43.6,39.2,34.8,17.0,0.17,Tree cover,19.6,Uttarakhand,Nainital,Betalghat,Debris,2014,500–1000 m,40–50°,1500–2000 mm,10–50 m,2010s,2,5,2,2
20113,29.563205,79.228522,1276.0,40.0,1793.0,23.1,30.0,46.9,38.5,35.0,16.8,0.168,Tree cover,21.3,Uttarakhand,Almora,Machhor,Rock,2015,1000–1500 m,30–40°,1500–2000 mm,10–50 m,2010s,3,4,2,2
20114,29.563324,79.463238,1046.0,46.41,1790.0,24.8,30.9,44.3,39.5,33.7,16.2,0.162,Grassland,265.6,Uttarakhand,Almora,Ranikhet,Rock,2010,1000–1500 m,40–50°,1500–2000 mm,100–500 m,2010s,3,5,2,4
20117,29.56447,79.356111,1027.0,38.75,1796.0,21.8,34.7,43.4,40.4,34.0,15.5,0.155,Grassland,18.0,Uttarakhand,Nainital,Betalghat,Rock,2017,1000–1500 m,30–40°,1500–2000 mm,10–50 m,2010s,3,4,2,2
20118,29.565062,79.262501,854.0,39.45,1790.0,23.6,33.3,43.1,39.3,35.3,15.4,0.154,Tree cover,27.2,Uttarakhand,Almora,Machhor,Debris,2017,500–1000 m,30–40°,1500–2000 mm,10–50 m,2010s,2,4,2,2
20119,29.565344,79.352622,1040.0,40.45,1796.0,22.2,35.3,42.5,40.2,34.1,16.0,0.16,Grassland,5.6,Uttarakhand,Nainital,Betalghat,Rock,2017,1000–1500 m,40–50°,1500–2000 mm,0–10 m,2010s,3,5,2,1
20120,29.565387,79.350924,1048.0,34.97,1796.0,22.3,35.0,42.8,40.2,34.1,16.0,0.16,Built-up,1.8,Uttarakhand,Nainital,Betalghat,Rock,2017,1000–1500 m,30–40°,1500–2000 mm,0–10 m,2010s,3,4,2,1
20121,29.565468,79.227907,1377.0,42.88,1793.0,23.2,30.8,46.0,39.6,34.9,16.0,0.16,Tree cover,21.5,Uttarakhand,Almora,Machhor,Debris,2016,1000–1500 m,40–50°,1500–2000 mm,10–50 m,2010s,3,5,2,2
20123,29.565761,79.151775,915.0,39.28,1780.0,21.4,36.2,42.5,40.0,34.3,15.8,0.158,Grassland,564.6,Uttarakhand,Almora,Sult,Rock,2014,500–1000 m,30–40°,1500–2000 mm,500–1000 m,2010s,2,4,2,5
20124,29.56598,79.231635,1376.0,43.23,1793.0,23.2,31.7,45.1,39.9,35.0,15.5,0.155,Grassland,42.4,Uttarakhand,Almora,Machhor,Rock,2015,1000–1500 m,40–50°,1500–2000 mm,10–50 m,2010s,3,5,2,2
20126,29.566535,79.21527,1635.0,37.04,1827.0,22.9,30.6,46.5,39.3,35.5,16.2,0.162,Built-up,10.6,Uttarakhand,Almora,Sult,Rock,2017,1500–2000 m,30–40°,1500–2000 mm,10–50 m,2010s,4,4,2,2
20128,29.568114,79.24392,1030.0,38.36,1773.0,22.5,33.5,44.0,39.8,34.8,15.4,0.154,Tree cover,24.0,Uttarakhand,Almora,Machhor,Debris,2017,1000–1500 m,30–40°,1500–2000 mm,10–50 m,2010s,3,4,2,2
20132,29.568785,79.160047,1252.0,39.97,1781.0,20.8,33.2,46.0,39.9,34.5,15.3,0.153,Grassland,5.2,Uttarakhand,Almora,Machhor,Rock,2014,1000–1500 m,30–40°,1500–2000 mm,0–10 m,2010s,3,4,2,1
20134,29.569622,79.340426,1053.0,32.52,1777.0,23.3,33.8,42.9,39.8,34.9,16.9,0.169,Tree cover,24.5,Uttarakhand,Nainital,Betalghat,Debris,2011,1000–1500 m,30–40°,1500–2000 mm,10–50 m,2010s,3,4,2,2
20137,29.570169,79.246095,1098.0,52.18,1773.0,22.3,33.7,44.0,39.8,34.8,15.4,0.154,Grassland,94.5,Uttarakhand,Almora,Machhor,Rock,2015,1000–1500 m,>50°,1500–2000 mm,50–100 m,2010s,3,6,2,3
20138,29.570559,79.461211,1123.0,47.3,1779.0,23.2,32.9,43.9,39.8,34.0,16.5,0.165,Grassland,931.9,Uttarakhand,Almora,Ranikhet,Rock,2010,1000–1500 m,40–50°,1500–2000 mm,500–1000 m,2010s,3,5,2,5
20140,29.57106,79.252089,1031.0,41.06,1773.0,23.0,33.4,43.6,39.8,34.8,15.4,0.154,Tree cover,116.3,Uttarakhand,Almora,Machhor,Rock,2015,1000–1500 m,40–50°,1500–2000 mm,100–500 m,2010s,3,5,2,4
20142,29.571608,79.166608,1187.0,46.23,1781.0,21.0,33.2,45.8,39.9,34.5,15.3,0.153,Grassland,161.2,Uttarakhand,Almora,Machhor,Rock,2015,1000–1500 m,40–50°,1500–2000 mm,100–500 m,2010s,3,5,2,4
20143,29.571724,79.165075,1236.0,38.34,1781.0,20.8,33.0,46.2,39.9,34.5,15.3,0.153,Grassland,80.0,Uttarakhand,Almora,Machhor,Rock,2015,1000–1500 m,30–40°,1500–2000 mm,50–100 m,2010s,3,4,2,3
20146,29.572519,79.16607,1239.0,40.49,1781.0,20.8,33.0,46.2,39.9,34.5,15.3,0.153,Grassland,80.0,Uttarakhand,Almora,Machhor,Rock,2015,1000–1500 m,40–50°,1500–2000 mm,50–100 m,2010s,3,5,2,3
20147,29.573819,79.33811,1030.0,38.7,1777.0,23.2,33.4,43.4,40.0,34.1,15.2,0.152,Tree cover,390.1,Uttarakhand,Nainital,Betalghat,Debris,2011,1000–1500 m,30–40°,1500–2000 mm,100–500 m,2010s,3,4,2,4
20148,29.573836,80.353159,1075.0,38.06,1739.0,23.6,29.4,47.0,38.4,34.9,14.9,0.149,Grassland,2.7,Uttarakhand,Pithoragarh,Pithoragarh,Debris,2017,1000–1500 m,30–40°,1500–2000 mm,0–10 m,2010s,3,4,2,1
20150,29.575332,79.242916,1249.0,40.08,1764.0,22.8,33.7,43.5,39.1,35.1,16.0,0.16,Tree cover,620.3,Uttarakhand,Almora,Machhor,Rock,2017,1000–1500 m,40–50°,1500–2000 mm,500–1000 m,2010s,3,5,2,5
20152,29.575936,79.170947,1349.0,38.29,1799.0,21.9,31.7,46.4,39.7,34.8,16.1,0.161,Tree cover,79.2,Uttarakhand,Almora,Machhor,Rock,2017,1000–1500 m,30–40°,1500–2000 mm,50–100 m,2010s,3,4,2,3
20153,29.576506,79.340543,1068.0,33.84,1765.0,22.5,33.5,43.9,40.0,34.1,15.2,0.152,Tree cover,313.5,Uttarakhand,Nainital,Betalghat,Rock,2013,1000–1500 m,30–40°,1500–2000 mm,100–500 m,2010s,3,4,2,4
20158,29.581946,79.175371,1379.0,32.37,1802.0,22.5,32.7,44.8,39.6,34.7,15.3,0.153,Tree cover,19.7,Uttarakhand,Almora,Machhor,Rock,2014,1000–1500 m,30–40°,1500–2000 mm,10–50 m,2010s,3,4,2,2
20159,29.584287,79.176148,1363.0,38.8,1796.0,22.7,33.1,44.3,39.6,34.7,15.3,0.153,Tree cover,12.1,Uttarakhand,Almora,Machhor,Rock,2014,1000–1500 m,30–40°,1500–2000 mm,10–50 m,2010s,3,4,2,2
20161,29.585772,80.348176,1394.0,26.74,1611.0,21.9,30.0,48.1,39.3,35.5,15.9,0.159,Tree cover,29.8,Uttarakhand,Pithoragarh,Pithoragarh,Debris,2014,1000–1500 m,20–30°,1500–2000 mm,10–50 m,2010s,3,3,2,2
20163,29.587935,80.354206,1380.0,40.2,1610.0,21.9,30.2,47.9,39.3,35.5,15.9,0.159,Tree cover,243.4,Uttarakhand,Pithoragarh,Pithoragarh,Rock,2014,1000–1500 m,40–50°,1500–2000 mm,100–500 m,2010s,3,5,2,4
20166,29.588564,79.43198,1219.0,52.55,1766.0,22.0,33.8,44.2,40.0,34.1,15.7,0.157,Grassland,616.9,Uttarakhand,Almora,Ranikhet,Rock,2011,1000–1500 m,>50°,1500–2000 mm,500–1000 m,2010s,3,6,2,5
20167,29.589722,79.584056,1518.0,20.89,1782.0,22.7,31.6,45.7,40.0,34.2,16.3,0.163,Tree cover,673.2,Uttarakhand,Bageshwar,Almora,Debris,2018,1500–2000 m,20–30°,1500–2000 mm,500–1000 m,2010s,4,3,2,5
20168,29.59,79.0638,650.0,49.1,1731.0,25.7,33.2,41.0,38.8,34.3,14.9,0.149,Grassland,1226.7,Uttarakhand,Almora,Sult,Rock,2010,500–1000 m,40–50°,1500–2000 mm,>1000 m,2010s,2,5,2,6
20169,29.590044,80.296667,1822.0,25.19,1639.0,22.6,36.7,40.6,40.4,35.5,17.0,0.17,Tree cover,38.1,Uttarakhand,Pithoragarh,Pithoragarh,Rock,2012,1500–2000 m,20–30°,1500–2000 mm,10–50 m,2010s,4,3,2,2
20170,29.590891,79.327146,1396.0,37.76,1767.0,20.7,33.0,46.3,39.9,35.0,16.1,0.161,Grassland,3.7,Uttarakhand,Nainital,Betalghat,Rock,2014,1000–1500 m,30–40°,1500–2000 mm,0–10 m,2010s,3,4,2,1
20172,29.59247,79.230078,1640.0,39.93,1809.0,21.5,30.9,47.7,39.6,34.9,15.4,0.154,Tree cover,14.8,Uttarakhand,Almora,Machhor,Debris,2017,1500–2000 m,30–40°,1500–2000 mm,10–50 m,2010s,4,4,2,2
20173,29.592647,80.379755,1304.0,24.94,1621.0,22.0,29.2,48.8,37.4,34.7,15.0,0.15,Grassland,1530.3,Uttarakhand,Pithoragarh,Pithoragarh,Rock,2017,1000–1500 m,20–30°,1500–2000 mm,>1000 m,2010s,3,3,2,6
20174,29.594428,79.167676,1096.0,42.69,1745.0,23.5,35.5,41.0,39.5,36.0,15.7,0.157,Tree cover,953.5,Uttarakhand,Almora,Machhor,Rock,2014,1000–1500 m,40–50°,1500–2000 mm,500–1000 m,2010s,3,5,2,5
20175,29.595263,79.097637,625.0,28.6,1728.0,26.0,33.2,40.8,38.0,33.8,15.0,0.15,Grassland,21.4,Uttarakhand,Almora,Sult,Debris,2011,500–1000 m,20–30°,1500–2000 mm,10–50 m,2010s,2,3,2,2
20176,29.595297,79.0988,654.0,42.0,1728.0,26.0,33.2,40.8,38.0,33.8,15.0,0.15,Grassland,99.8,Uttarakhand,Almora,Sult,Rock,2014,500–1000 m,40–50°,1500–2000 mm,50–100 m,2010s,2,5,2,3
20177,29.5954,79.0636,578.0,39.81,1727.0,24.5,33.9,41.6,38.6,34.5,15.4,0.154,Tree cover,1826.4,Uttarakhand,Almora,Sult,Rock,2010,500–1000 m,30–40°,1500–2000 mm,>1000 m,2010s,2,4,2,6
20180,29.59842,80.374603,1451.0,33.1,1619.0,21.9,29.7,48.4,37.5,34.5,15.1,0.151,Tree cover,1990.5,Uttarakhand,Pithoragarh,Pithoragarh,Rock,2017,1000–1500 m,30–40°,1500–2000 mm,>1000 m,2010s,3,4,2,6
20181,29.598527,79.088171,665.0,47.66,1716.0,25.2,33.5,41.3,37.8,34.0,15.3,0.153,Grassland,392.4,Uttarakhand,Almora,Sult,Rock,2011,500–1000 m,40–50°,1500–2000 mm,100–500 m,2010s,2,5,2,4
20182,29.598601,79.274904,1682.0,37.42,1933.0,23.6,28.9,47.5,38.7,35.5,16.9,0.169,Grassland,97.7,Uttarakhand,Almora,Bhikiasain,Rock,2014,1500–2000 m,30–40°,1500–2000 mm,50–100 m,2010s,4,4,2,3
20185,29.599263,79.088069,653.0,51.69,1716.0,25.2,33.5,41.3,37.8,34.0,15.3,0.153,Tree cover,353.3,Uttarakhand,Almora,Sult,Rock,2011,500–1000 m,>50°,1500–2000 mm,100–500 m,2010s,2,6,2,4
20186,29.599873,79.088206,637.0,46.69,1716.0,25.3,32.9,41.8,38.9,34.9,16.0,0.16,Tree cover,305.1,Uttarakhand,Almora,Sult,Rock,2011,500–1000 m,40–50°,1500–2000 mm,100–500 m,2010s,2,5,2,4
20187,29.600399,79.0882,639.0,47.62,1725.0,25.3,32.9,41.8,38.9,34.9,16.0,0.16,Grassland,276.8,Uttarakhand,Almora,Sult,Rock,2011,500–1000 m,40–50°,1500–2000 mm,100–500 m,2010s,2,5,2,4
20191,29.603269,79.064462,601.0,42.65,1716.0,25.2,35.1,39.7,38.8,35.0,16.2,0.162,Tree cover,1717.5,Uttarakhand,Almora,Sult,Rock,2010,500–1000 m,40–50°,1500–2000 mm,>1000 m,2010s,2,5,2,6
20192,29.604733,80.337558,1681.0,34.93,1645.0,25.2,32.3,42.5,38.0,34.2,16.0,0.16,Tree cover,1187.1,Uttarakhand,Pithoragarh,Pithoragarh,Rock,2016,1500–2000 m,30–40°,1500–2000 mm,>1000 m,2010s,4,4,2,6
20193,29.605502,79.07586,558.0,40.4,1724.0,24.8,33.1,42.1,39.0,34.9,15.1,0.151,Grassland,1431.1,Uttarakhand,Almora,Sult,Rock,2011,500–1000 m,40–50°,1500–2000 mm,>1000 m,2010s,2,5,2,6
20194,29.606667,79.09074,609.0,53.1,1725.0,25.4,33.3,41.4,38.9,34.9,16.0,0.16,Grassland,140.3,Uttarakhand,Almora,Sult,Rock,2011,500–1000 m,>50°,1500–2000 mm,100–500 m,2010s,2,6,2,4
20196,29.608828,79.306039,1481.0,34.94,1766.0,23.8,31.6,44.6,39.8,34.1,15.3,0.153,Built-up,4.5,Uttarakhand,Almora,Bhikiasain,Rock,2015,1000–1500 m,30–40°,1500–2000 mm,0–10 m,2010s,3,4,2,1
20197,29.609432,79.112425,813.0,40.32,1723.0,25.4,33.2,41.3,38.2,34.9,15.9,0.159,Tree cover,19.9,Uttarakhand,Almora,Sult,Rock,2014,500–1000 m,40–50°,1500–2000 mm,10–50 m,2010s,2,5,2,2
20199,29.611128,79.239187,1303.0,39.65,1739.0,21.9,33.8,44.3,40.1,35.6,16.0,0.16,Tree cover,11.7,Uttarakhand,Almora,Machhor,Rock,2017,1000–1500 m,30–40°,1500–2000 mm,10–50 m,2010s,3,4,2,2
20201,29.612701,79.178812,798.0,36.98,1722.0,23.7,34.1,42.2,39.6,35.8,15.6,0.156,Tree cover,1065.3,Uttarakhand,Almora,Sult,Rock,2014,500–1000 m,30–40°,1500–2000 mm,>1000 m,2010s,2,4,2,6
20205,29.615722,79.161139,858.0,34.36,1718.0,23.1,34.8,42.1,39.9,33.7,16.3,0.163,Grassland,229.1,Uttarakhand,Almora,Sult,Debris,2014,500–1000 m,30–40°,1500–2000 mm,100–500 m,2010s,2,4,2,4
20206,29.616143,79.125247,679.0,48.31,1708.0,25.0,34.1,40.9,39.7,35.3,15.8,0.158,Tree cover,581.5,Uttarakhand,Almora,Sult,Debris,2015,500–1000 m,40–50°,1500–2000 mm,500–1000 m,2010s,2,5,2,5
20209,29.617667,79.16125,868.0,51.72,1715.0,22.4,35.0,42.6,39.9,34.0,16.3,0.163,Tree cover,378.5,Uttarakhand,Almora,Sult,Rock,2014,500–1000 m,>50°,1500–2000 mm,100–500 m,2010s,2,6,2,4
20210,29.617835,79.215985,891.0,47.58,1706.0,24.9,31.9,43.2,39.2,34.8,15.7,0.157,Tree cover,558.1,Uttarakhand,Almora,Machhor,Rock,2017,500–1000 m,40–50°,1500–2000 mm,500–1000 m,2010s,2,5,2,5
20211,29.618156,80.259177,1725.0,34.24,1659.0,22.3,33.8,43.8,39.2,35.5,15.2,0.152,Tree cover,8.1,Uttarakhand,Pithoragarh,Pithoragarh,Rock,2016,1500–2000 m,30–40°,1500–2000 mm,0–10 m,2010s,4,4,2,1
20212,29.618688,79.129281,881.0,48.38,1716.0,24.0,33.6,42.3,39.7,34.9,15.6,0.156,Tree cover,576.6,Uttarakhand,Almora,Sult,Rock,2016,500–1000 m,40–50°,1500–2000 mm,500–1000 m,2010s,2,5,2,5
20213,29.621418,79.083969,981.0,36.01,1717.0,26.4,32.9,40.6,39.1,34.6,15.5,0.155,Tree cover,412.7,Uttarakhand,Pauri Garhwal,Dhoomakot,Rock,2017,500–1000 m,30–40°,1500–2000 mm,100–500 m,2010s,2,4,2,4
20215,29.622446,79.219786,844.0,48.78,1714.0,25.3,31.6,43.1,39.2,34.8,15.7,0.157,Tree cover,729.4,Uttarakhand,Almora,Bhikiasain,Rock,2017,500–1000 m,40–50°,1500–2000 mm,500–1000 m,2010s,2,5,2,5
20217,29.624167,79.103222,788.0,28.92,1709.0,24.9,33.7,41.4,39.0,35.8,16.0,0.16,Tree cover,3.2,Uttarakhand,Almora,Sult,Debris,2015,500–1000 m,20–30°,1500–2000 mm,0–10 m,2010s,2,3,2,1
20219,29.625215,79.040688,1086.0,29.51,1714.0,22.5,35.5,42.0,38.9,34.7,15.6,0.156,Tree cover,457.0,Uttarakhand,Pauri Garhwal,Dhoomakot,Rock,2012,1000–1500 m,20–30°,1500–2000 mm,100–500 m,2010s,3,3,2,4
20223,29.628444,79.149493,1200.0,34.56,1707.0,20.9,35.9,43.2,40.1,34.8,15.6,0.156,Tree cover,22.1,Uttarakhand,Almora,Sult,Debris,2015,1000–1500 m,30–40°,1500–2000 mm,10–50 m,2010s,3,4,2,2
20226,29.629843,79.03881,974.0,39.03,1714.0,25.0,34.8,40.2,39.4,35.4,15.4,0.154,Tree cover,597.3,Uttarakhand,Pauri Garhwal,Dhoomakot,Rock,2011,500–1000 m,30–40°,1500–2000 mm,500–1000 m,2010s,2,4,2,5
20230,29.630989,79.073334,876.0,44.22,1707.0,23.9,34.8,41.3,39.1,34.8,15.5,0.155,Tree cover,30.4,Uttarakhand,Pauri Garhwal,Dhoomakot,Rock,2014,500–1000 m,40–50°,1500–2000 mm,10–50 m,2010s,2,5,2,2
20231,29.631694,79.062201,981.0,39.46,1710.0,23.0,35.6,41.4,39.3,34.7,15.6,0.156,Tree cover,99.2,Uttarakhand,Pauri Garhwal,Dhoomakot,Rock,2016,500–1000 m,30–40°,1500–2000 mm,50–100 m,2010s,2,4,2,3
20235,29.632631,79.080085,685.0,42.85,1704.0,23.8,35.4,40.9,39.8,35.2,16.4,0.164,Tree cover,378.8,Uttarakhand,Pauri Garhwal,Dhoomakot,Rock,2011,500–1000 m,40–50°,1500–2000 mm,100–500 m,2010s,2,5,2,4
20240,29.634433,79.254016,1400.0,30.43,1745.0,22.2,30.6,47.2,39.2,34.7,16.6,0.166,Grassland,17.4,Uttarakhand,Almora,Bhikiasain,Rock,2017,1000–1500 m,30–40°,1500–2000 mm,10–50 m,2010s,3,4,2,2
20247,29.641536,80.353654,1219.0,32.63,1654.0,24.2,30.4,45.5,36.7,34.2,14.2,0.142,Grassland,1272.2,Uttarakhand,Pithoragarh,Pithoragarh,Rock,2017,1000–1500 m,30–40°,1500–2000 mm,>1000 m,2010s,3,4,2,6
20251,29.6426,79.06758,1108.0,43.27,1695.0,21.7,36.0,42.3,39.6,34.6,15.6,0.156,Tree cover,8.1,Uttarakhand,Pauri Garhwal,Dhoomakot,Rock,2011,1000–1500 m,40–50°,1500–2000 mm,0–10 m,2010s,3,5,2,1
20252,29.642806,80.354707,1218.0,39.39,1685.0,23.2,30.9,46.0,36.7,34.2,14.2,0.142,Grassland,1415.8,Uttarakhand,Pithoragarh,Pithoragarh,Debris,2017,1000–1500 m,30–40°,1500–2000 mm,>1000 m,2010s,3,4,2,6
20253,29.643012,80.32502,1631.0,35.98,1651.0,25.2,34.4,40.4,38.1,35.1,15.8,0.158,Tree cover,198.5,Uttarakhand,Pithoragarh,Pithoragarh,Rock,2016,1500–2000 m,30–40°,1500–2000 mm,100–500 m,2010s,4,4,2,4
20265,29.648876,79.047397,1397.0,37.77,1738.0,21.0,35.3,43.7,39.7,35.1,15.2,0.152,Tree cover,646.9,Uttarakhand,Pauri Garhwal,Dhoomakot,Rock,2011,1000–1500 m,30–40°,1500–2000 mm,500–1000 m,2010s,3,4,2,5
20267,29.649359,79.209309,1161.0,38.29,1684.0,22.8,34.4,42.8,39.4,34.0,15.9,0.159,Grassland,2.4,Uttarakhand,Almora,Bhikiasain,Rock,2016,1000–1500 m,30–40°,1500–2000 mm,0–10 m,2010s,3,4,2,1
20268,29.6499,79.0468,1379.0,35.25,1738.0,21.3,36.0,42.6,39.7,35.1,15.2,0.152,Grassland,653.3,Uttarakhand,Pauri Garhwal,Dhoomakot,Rock,2011,1000–1500 m,30–40°,1500–2000 mm,500–1000 m,2010s,3,4,2,5
20269,29.650776,79.046208,1389.0,38.75,1797.0,20.9,35.5,43.6,39.7,35.1,15.2,0.152,Tree cover,685.8,Uttarakhand,Pauri Garhwal,Dhoomakot,Rock,2011,1000–1500 m,30–40°,1500–2000 mm,500–1000 m,2010s,3,4,2,5
20270,29.651,79.0453,1355.0,32.4,1797.0,20.9,35.5,43.6,39.7,35.1,15.2,0.152,Grassland,769.6,Uttarakhand,Pauri Garhwal,Dhoomakot,Rock,2011,1000–1500 m,30–40°,1500–2000 mm,500–1000 m,2010s,3,4,2,5
20271,29.651472,79.077919,739.0,35.79,1678.0,23.5,35.7,40.9,39.3,35.9,16.2,0.162,Built-up,9.3,Uttarakhand,Pauri Garhwal,Dhoomakot,Debris,2014,500–1000 m,30–40°,1500–2000 mm,0–10 m,2010s,2,4,2,1
20273,29.653902,79.047244,1480.0,33.58,1797.0,21.4,35.6,43.0,39.2,34.9,16.8,0.168,Grassland,619.9,Uttarakhand,Pauri Garhwal,Dhoomakot,Rock,2011,1000–1500 m,30–40°,1500–2000 mm,500–1000 m,2010s,3,4,2,5
20275,29.654359,79.210911,1174.0,44.64,1685.0,21.7,33.5,44.7,39.8,34.2,15.7,0.157,Tree cover,25.2,Uttarakhand,Almora,Bhikiasain,Rock,2011,1000–1500 m,40–50°,1500–2000 mm,10–50 m,2010s,3,5,2,2
20276,29.6549,79.0407,1349.0,59.87,1733.0,20.7,35.8,43.5,39.7,34.7,15.7,0.157,Grassland,863.3,Uttarakhand,Pauri Garhwal,Dhoomakot,Rock,2011,1000–1500 m,>50°,1500–2000 mm,500–1000 m,2010s,3,6,2,5
20280,29.656813,79.067325,1090.0,48.18,1682.0,21.7,36.1,42.1,39.2,34.7,15.3,0.153,Tree cover,557.6,Uttarakhand,Pauri Garhwal,Dhoomakot,Rock,2011,1000–1500 m,40–50°,1500–2000 mm,500–1000 m,2010s,3,5,2,5
20292,29.66531,80.269799,1865.0,28.07,1707.0,23.0,32.7,44.2,39.3,35.6,16.5,0.165,Tree cover,27.7,Uttarakhand,Pithoragarh,Kanalichhina,Rock,2017,1500–2000 m,20–30°,1500–2000 mm,10–50 m,2010s,4,3,2,2
20296,29.667054,80.268681,1847.0,19.5,1700.0,23.3,33.7,43.0,39.3,35.6,16.5,0.165,Tree cover,25.8,Uttarakhand,Pithoragarh,Kanalichhina,Rock,2017,1500–2000 m,10–20°,1500–2000 mm,10–50 m,2010s,4,2,2,2
20298,29.667582,80.267611,1842.0,30.05,1700.0,23.3,33.7,43.0,39.3,35.6,16.5,0.165,Tree cover,20.8,Uttarakhand,Pithoragarh,Kanalichhina,Rock,2017,1500–2000 m,30–40°,1500–2000 mm,10–50 m,2010s,4,4,2,2
20299,29.668287,79.07634,826.0,38.63,1663.0,22.7,34.6,42.7,39.9,35.2,15.7,0.157,Tree cover,689.4,Uttarakhand,Pauri Garhwal,Dhoomakot,Rock,2013,500–1000 m,30–40°,1500–2000 mm,500–1000 m,2010s,2,4,2,5
20301,29.669243,79.076167,856.0,50.46,1663.0,22.7,34.5,42.8,39.9,35.2,15.7,0.157,Grassland,718.5,Uttarakhand,Pauri Garhwal,Dhoomakot,Rock,2013,500–1000 m,>50°,1500–2000 mm,500–1000 m,2010s,2,6,2,5
20303,29.672028,80.26343,1745.0,27.02,1706.0,23.8,32.2,44.0,38.0,35.1,15.9,0.159,Tree cover,20.2,Uttarakhand,Pithoragarh,Kanalichhina,Rock,2017,1500–2000 m,20–30°,1500–2000 mm,10–50 m,2010s,4,3,2,2
20304,29.672165,80.2623,1786.0,25.63,1706.0,23.8,32.2,44.0,38.0,35.1,15.9,0.159,Tree cover,25.7,Uttarakhand,Pithoragarh,Kanalichhina,Rock,2017,1500–2000 m,20–30°,1500–2000 mm,10–50 m,2010s,4,3,2,2
20310,29.673983,79.273005,837.0,38.02,1651.0,25.0,32.5,42.5,39.8,35.7,15.9,0.159,Grassland,291.3,Uttarakhand,Almora,Bhikiasain,Debris,2017,500–1000 m,30–40°,1500–2000 mm,100–500 m,2010s,2,4,2,4
20313,29.674325,80.269556,1658.0,19.71,1700.0,23.7,32.5,43.8,38.8,35.4,15.2,0.152,Tree cover,41.0,Uttarakhand,Pithoragarh,Kanalichhina,Debris,2016,1500–2000 m,10–20°,1500–2000 mm,10–50 m,2010s,4,2,2,2
20314,29.675059,79.28374,967.0,40.15,1662.0,24.0,33.7,42.3,39.7,34.2,16.4,0.164,Tree cover,42.6,Uttarakhand,Almora,Bhikiasain,Rock,2014,500–1000 m,40–50°,1500–2000 mm,10–50 m,2010s,2,5,2,2
20321,29.679059,79.067813,1127.0,41.39,1662.0,22.0,36.0,42.0,39.6,34.5,15.9,0.159,Grassland,809.1,Uttarakhand,Pauri Garhwal,Dhoomakot,Rock,2014,1000–1500 m,40–50°,1500–2000 mm,500–1000 m,2010s,3,5,2,5
20322,29.681667,79.061107,1231.0,46.3,1673.0,21.3,36.7,42.0,40.0,35.8,15.5,0.155,Tree cover,926.5,Uttarakhand,Pauri Garhwal,Dhoomakot,Rock,2014,1000–1500 m,40–50°,1500–2000 mm,500–1000 m,2010s,3,5,2,5
20328,29.683904,79.051262,1211.0,49.55,1686.0,20.1,36.7,43.1,39.5,35.4,16.1,0.161,Tree cover,1289.1,Uttarakhand,Pauri Garhwal,Dhoomakot,Rock,2013,1000–1500 m,40–50°,1500–2000 mm,>1000 m,2010s,3,5,2,6
20331,29.684952,80.287402,1666.0,43.81,1699.0,24.7,33.6,41.7,38.0,35.0,16.3,0.163,Tree cover,40.3,Uttarakhand,Pithoragarh,Kanalichhina,Rock,2012,1500–2000 m,40–50°,1500–2000 mm,10–50 m,2010s,4,5,2,2
20334,29.686914,80.256746,1550.0,23.74,1684.0,22.4,28.8,48.7,38.5,34.5,15.6,0.156,Built-up,4.1,Uttarakhand,Pithoragarh,Devalthal,Rock,2016,1500–2000 m,20–30°,1500–2000 mm,0–10 m,2010s,4,3,2,1
20335,29.687721,79.074614,1105.0,37.42,1660.0,20.6,36.6,42.8,39.2,34.8,15.5,0.155,Tree cover,336.7,Uttarakhand,Pauri Garhwal,Dhoomakot,Rock,2013,1000–1500 m,30–40°,1500–2000 mm,100–500 m,2010s,3,4,2,4
20339,29.688968,79.073803,1130.0,26.08,1660.0,20.6,36.6,42.8,39.2,34.8,15.5,0.155,Tree cover,322.6,Uttarakhand,Pauri Garhwal,Dhoomakot,Rock,2013,1000–1500 m,20–30°,1500–2000 mm,100–500 m,2010s,3,3,2,4
20344,29.69018,79.071683,1252.0,32.02,1660.0,20.7,36.7,42.6,40.1,35.2,14.6,0.146,Grassland,352.1,Uttarakhand,Pauri Garhwal,Dhoomakot,Rock,2013,1000–1500 m,30–40°,1500–2000 mm,100–500 m,2010s,3,4,2,4
20346,29.691396,79.23879,1184.0,33.17,1648.0,21.0,34.0,45.0,39.4,34.0,15.2,0.152,Grassland,0.1,Uttarakhand,Almora,Bhikiasain,Rock,2017,1000–1500 m,30–40°,1500–2000 mm,0–10 m,2010s,3,4,2,1
20348,29.691973,80.314322,1402.0,31.57,1702.0,25.5,34.4,40.2,37.4,33.7,12.8,0.128,Tree cover,1790.9,Uttarakhand,Pithoragarh,Kanalichhina,Rock,2017,1000–1500 m,30–40°,1500–2000 mm,>1000 m,2010s,3,4,2,6
20351,29.692197,80.318907,1365.0,27.98,1696.0,25.3,34.6,40.1,37.3,34.3,13.7,0.137,Tree cover,1857.2,Uttarakhand,Pithoragarh,Kanalichhina,Rock,2014,1000–1500 m,20–30°,1500–2000 mm,>1000 m,2010s,3,3,2,6
20356,29.693414,80.31978,1348.0,32.04,1696.0,25.3,34.6,40.1,37.3,34.3,13.7,0.137,Tree cover,1983.2,Uttarakhand,Pithoragarh,Kanalichhina,Rock,2017,1000–1500 m,30–40°,1500–2000 mm,>1000 m,2010s,3,4,2,6
20371,29.709889,79.249417,980.0,41.8,1621.0,25.1,32.4,42.5,39.3,34.8,16.3,0.163,Grassland,13.3,Uttarakhand,Almora,Bhikiasain,Rock,2017,500–1000 m,40–50°,1500–2000 mm,10–50 m,2010s,2,5,2,2
20375,29.713618,79.134575,1356.0,32.61,1677.0,20.8,34.2,45.0,40.0,34.7,15.1,0.151,Grassland,1423.2,Uttarakhand,Almora,Sult,Rock,2011,1000–1500 m,30–40°,1500–2000 mm,>1000 m,2010s,3,4,2,6
20376,29.713777,79.098999,1507.0,42.39,1747.0,20.2,35.9,43.9,39.9,34.1,15.0,0.15,Grassland,142.1,Uttarakhand,Pauri Garhwal,Dhoomakot,Rock,2011,1500–2000 m,40–50°,1500–2000 mm,100–500 m,2010s,4,5,2,4
20380,29.715585,80.265486,1500.0,36.44,1714.0,22.3,32.3,45.4,38.0,35.2,16.8,0.168,Grassland,44.2,Uttarakhand,Pithoragarh,Kanalichhina,Rock,2017,1000–1500 m,30–40°,1500–2000 mm,10–50 m,2010s,3,4,2,2
20382,29.715924,80.276865,1223.0,22.11,1718.0,24.4,32.1,43.5,37.9,35.1,15.8,0.158,Tree cover,9.9,Uttarakhand,Pithoragarh,Kanalichhina,Debris,2017,1000–1500 m,20–30°,1500–2000 mm,0–10 m,2010s,3,3,2,1
20386,29.71762,80.27577,1402.0,49.61,1710.0,24.9,31.1,44.0,37.7,35.3,15.0,0.15,Built-up,0.3,Uttarakhand,Pithoragarh,Kanalichhina,Rock,2017,1000–1500 m,40–50°,1500–2000 mm,0–10 m,2010s,3,5,2,1
20388,29.720222,79.259939,866.0,42.32,1586.0,26.2,31.3,42.5,39.4,35.4,16.1,0.161,Tree cover,41.8,Uttarakhand,Almora,Bhikiasain,Rock,2011,500–1000 m,40–50°,1500–2000 mm,10–50 m,2010s,2,5,2,2
20389,29.722754,80.335304,1275.0,25.54,1718.0,24.4,36.8,38.8,38.0,34.1,14.0,0.14,Tree cover,2526.9,Uttarakhand,Pithoragarh,Didihat,Rock,2015,1000–1500 m,20–30°,1500–2000 mm,>1000 m,2010s,3,3,2,6
20395,29.727222,80.276917,1350.0,42.65,1720.0,25.3,30.4,44.4,37.6,34.9,14.9,0.149,Grassland,50.5,Uttarakhand,Pithoragarh,Kanalichhina,Rock,2017,1000–1500 m,40–50°,1500–2000 mm,50–100 m,2010s,3,5,2,3
20397,29.728622,80.272445,1332.0,53.81,1713.0,25.0,30.4,44.5,37.6,34.9,14.9,0.149,Grassland,49.2,Uttarakhand,Pithoragarh,Kanalichhina,Rock,2016,1000–1500 m,>50°,1500–2000 mm,10–50 m,2010s,3,6,2,2
20400,29.733994,80.316378,1254.0,41.12,1718.0,22.6,34.8,42.6,37.7,34.0,14.2,0.142,Grassland,1881.2,Uttarakhand,Pithoragarh,Didihat,Rock,2016,1000–1500 m,40–50°,1500–2000 mm,>1000 m,2010s,3,5,2,6
20401,29.734472,80.273785,1384.0,36.92,1721.0,25.0,31.1,43.9,38.3,35.2,15.9,0.159,Tree cover,33.5,Uttarakhand,Pithoragarh,Kanalichhina,Rock,2017,1000–1500 m,30–40°,1500–2000 mm,10–50 m,2010s,3,4,2,2
20403,29.73796,79.488559,1259.0,28.3,1643.0,22.0,32.9,45.1,40.6,34.2,15.7,0.157,Tree cover,493.5,Uttarakhand,Almora,Bagwalipokhar,Rock,2014,1000–1500 m,20–30°,1500–2000 mm,100–500 m,2010s,3,3,2,4
20404,29.738916,79.24565,839.0,37.07,1566.0,25.0,31.1,44.0,39.7,34.3,16.0,0.16,Grassland,10.9,Uttarakhand,Almora,Bhikiasain,Debris,2017,500–1000 m,30–40°,1500–2000 mm,10–50 m,2010s,2,4,2,2
20408,29.741889,79.801278,1725.0,15.16,1802.0,26.1,30.5,43.4,39.7,33.8,16.4,0.164,Grassland,0.7,Uttarakhand,Bageshwar,Kafligair,Rock,2013,1500–2000 m,10–20°,1500–2000 mm,0–10 m,2010s,4,2,2,1
20413,29.748428,80.28129,1343.0,55.0,1725.0,23.7,33.3,43.0,38.0,34.8,15.2,0.152,Grassland,492.7,Uttarakhand,Pithoragarh,Kanalichhina,Rock,2017,1000–1500 m,>50°,1500–2000 mm,100–500 m,2010s,3,6,2,4
20414,29.750583,79.754306,1382.0,25.52,1751.0,22.8,32.6,44.6,39.1,33.3,15.9,0.159,Tree cover,150.1,Uttarakhand,Bageshwar,Kafligair,Debris,2013,1000–1500 m,20–30°,1500–2000 mm,100–500 m,2010s,3,3,2,4
20415,29.751044,79.041216,1671.0,37.03,1808.0,22.6,35.7,41.7,40.2,35.0,15.0,0.15,Tree cover,2.3,Uttarakhand,Pauri Garhwal,Dhoomakot,Debris,2012,1500–2000 m,30–40°,1500–2000 mm,0–10 m,2010s,4,4,2,1
20416,29.751472,79.779667,1640.0,25.89,1782.0,26.2,32.9,40.9,38.9,34.3,15.9,0.159,Tree cover,0.4,Uttarakhand,Bageshwar,Kafligair,Rock,2013,1500–2000 m,20–30°,1500–2000 mm,0–10 m,2010s,4,3,2,1
20418,29.751701,79.765451,1378.0,29.27,1740.0,22.4,32.1,45.5,39.4,33.9,15.7,0.157,Tree cover,13.7,Uttarakhand,Bageshwar,Kafligair,Rock,2013,1000–1500 m,20–30°,1500–2000 mm,10–50 m,2010s,3,3,2,2
20420,29.752528,79.781694,1622.0,26.02,1782.0,25.6,32.7,41.6,38.6,34.9,16.2,0.162,Grassland,10.3,Uttarakhand,Bageshwar,Kafligair,Rock,2013,1500–2000 m,20–30°,1500–2000 mm,10–50 m,2010s,4,3,2,2
20421,29.754,79.661417,1678.0,26.22,1798.0,25.0,31.8,43.3,39.3,34.0,15.6,0.156,Tree cover,10.3,Uttarakhand,Bageshwar,Someshwar,Debris,2018,1500–2000 m,20–30°,1500–2000 mm,10–50 m,2010s,4,3,2,2
20425,29.755619,79.771559,1438.0,35.48,1760.0,24.4,32.6,43.0,39.6,34.6,16.2,0.162,Tree cover,0.2,Uttarakhand,Bageshwar,Kafligair,Rock,2013,1000–1500 m,30–40°,1500–2000 mm,0–10 m,2010s,3,4,2,1
20426,29.75579,79.019591,1842.0,29.01,1889.0,25.6,32.9,41.6,39.8,34.2,16.7,0.167,Built-up,2.7,Uttarakhand,Pauri Garhwal,Dhoomakot,Rock,2013,1500–2000 m,20–30°,1500–2000 mm,0–10 m,2010s,4,3,2,1
20432,29.758528,79.514139,1423.0,35.36,1701.0,23.1,32.3,44.6,39.8,35.2,16.1,0.161,Grassland,3.1,Uttarakhand,Bageshwar,Bagwalipokhar,Rock,2018,1000–1500 m,30–40°,1500–2000 mm,0–10 m,2010s,3,4,2,1
20436,29.759389,79.513194,1434.0,31.2,1701.0,23.6,31.2,45.2,39.8,35.2,16.1,0.161,Built-up,2.7,Uttarakhand,Bageshwar,Bagwalipokhar,Rock,2018,1000–1500 m,30–40°,1500–2000 mm,0–10 m,2010s,3,4,2,1
20439,29.761732,79.015934,1973.0,34.49,1950.0,24.3,33.5,42.2,38.2,32.9,17.3,0.173,Tree cover,7.2,Uttarakhand,Pauri Garhwal,Dhoomakot,Rock,2015,1500–2000 m,30–40°,1500–2000 mm,0–10 m,2010s,4,4,2,1
20445,29.765889,79.185427,1616.0,44.99,1790.0,23.7,32.8,43.5,39.8,34.6,15.9,0.159,Tree cover,517.1,Uttarakhand,Almora,Sult,Rock,2016,1500–2000 m,40–50°,1500–2000 mm,500–1000 m,2010s,4,5,2,5
20446,29.766183,79.071299,1757.0,36.31,1804.0,24.2,33.7,42.1,38.6,34.3,17.4,0.174,Grassland,2.5,Uttarakhand,Pauri Garhwal,Dhoomakot,Debris,2016,1500–2000 m,30–40°,1500–2000 mm,0–10 m,2010s,4,4,2,1
20447,29.766605,79.173346,1717.0,36.67,1891.0,22.2,30.1,47.7,39.5,34.7,15.8,0.158,Tree cover,7.9,Uttarakhand,Almora,Sult,Debris,2011,1500–2000 m,30–40°,1500–2000 mm,0–10 m,2010s,4,4,2,1
20448,29.76765,79.106814,1800.0,39.15,1935.0,24.1,35.2,40.7,38.8,34.8,16.7,0.167,Tree cover,10.9,Uttarakhand,Pauri Garhwal,Dhoomakot,Rock,2011,1500–2000 m,30–40°,1500–2000 mm,10–50 m,2010s,4,4,2,2
20451,29.76851,79.180219,1616.0,32.35,1696.0,21.8,34.6,43.5,39.5,34.7,15.8,0.158,Tree cover,6.5,Uttarakhand,Almora,Sult,Debris,2011,1500–2000 m,30–40°,1500–2000 mm,0–10 m,2010s,4,4,2,1
20452,29.768926,79.175919,1585.0,35.83,1696.0,22.8,33.9,43.3,39.5,34.7,15.8,0.158,Tree cover,9.9,Uttarakhand,Almora,Sult,Rock,2011,1500–2000 m,30–40°,1500–2000 mm,0–10 m,2010s,4,4,2,1
20453,29.768999,79.175607,1588.0,35.46,1696.0,22.8,33.9,43.3,39.5,34.7,15.8,0.158,Tree cover,3.0,Uttarakhand,Almora,Sult,Rock,2011,1500–2000 m,30–40°,1500–2000 mm,0–10 m,2010s,4,4,2,1
20454,29.769146,79.17524,1575.0,37.81,1696.0,22.8,33.9,43.3,39.5,34.7,15.8,0.158,Tree cover,2.4,Uttarakhand,Almora,Sult,Rock,2011,1500–2000 m,30–40°,1500–2000 mm,0–10 m,2010s,4,4,2,1
20455,29.7693,79.165294,1509.0,31.31,1740.0,22.5,33.4,44.1,39.5,33.8,15.9,0.159,Grassland,11.4,Uttarakhand,Almora,Sult,Debris,2017,1500–2000 m,30–40°,1500–2000 mm,10–50 m,2010s,4,4,2,2
20456,29.769875,79.119965,1905.0,28.57,1903.0,25.1,34.4,40.6,39.4,33.7,16.8,0.168,Tree cover,8.2,Uttarakhand,Pauri Garhwal,Sult,Rock,2009,1500–2000 m,20–30°,1500–2000 mm,0–10 m,2000s,4,3,2,1
20457,29.770124,79.173256,1558.0,33.26,1694.0,22.9,31.4,45.7,39.5,33.8,15.9,0.159,Tree cover,0.8,Uttarakhand,Almora,Sult,Debris,2011,1500–2000 m,30–40°,1500–2000 mm,0–10 m,2010s,4,4,2,1
20458,29.770703,79.049678,1813.0,30.38,1860.0,27.8,32.6,39.6,38.1,34.6,16.8,0.168,Tree cover,11.8,Uttarakhand,Pauri Garhwal,Dhoomakot,Debris,2011,1500–2000 m,30–40°,1500–2000 mm,10–50 m,2010s,4,4,2,2
20459,29.770856,79.126885,1831.0,36.36,1818.0,24.4,31.9,43.7,37.9,34.9,17.4,0.174,Tree cover,4.2,Uttarakhand,Pauri Garhwal,Sult,Rock,2011,1500–2000 m,30–40°,1500–2000 mm,0–10 m,2010s,4,4,2,1
20460,29.77096,79.118024,1905.0,38.5,1903.0,25.1,32.3,42.6,38.9,34.3,17.0,0.17,Tree cover,1.3,Uttarakhand,Pauri Garhwal,Sult,Rock,2011,1500–2000 m,30–40°,1500–2000 mm,0–10 m,2010s,4,4,2,1
20461,29.770984,79.117456,1924.0,32.12,1903.0,25.1,32.3,42.6,38.9,34.3,17.0,0.17,Tree cover,1.0,Uttarakhand,Pauri Garhwal,Sult,Rock,2009,1500–2000 m,30–40°,1500–2000 mm,0–10 m,2000s,4,4,2,1
20462,29.771052,79.741412,1427.0,25.11,1740.0,22.1,32.5,45.4,39.8,34.4,16.9,0.169,Grassland,41.8,Uttarakhand,Bageshwar,Kafligair,Rock,2018,1000–1500 m,20–30°,1500–2000 mm,10–50 m,2010s,3,3,2,2
20463,29.771343,79.123544,1864.0,32.61,1903.0,24.0,32.5,43.5,38.9,34.3,17.0,0.17,Tree cover,11.3,Uttarakhand,Pauri Garhwal,Sult,Rock,2011,1500–2000 m,30–40°,1500–2000 mm,10–50 m,2010s,4,4,2,2
20464,29.771456,79.064459,1786.0,43.72,1841.0,23.8,34.2,42.0,39.2,34.1,17.6,0.176,Tree cover,14.9,Uttarakhand,Pauri Garhwal,Dhoomakot,Rock,2012,1500–2000 m,40–50°,1500–2000 mm,10–50 m,2010s,4,5,2,2
20465,29.773151,79.167168,1451.0,19.64,1694.0,23.5,33.0,43.5,39.6,34.6,16.5,0.165,Tree cover,8.8,Uttarakhand,Almora,Syalde,Rock,2017,1000–1500 m,10–20°,1500–2000 mm,0–10 m,2010s,3,2,2,1
20468,29.77358,79.168366,1450.0,30.97,1694.0,23.5,33.0,43.5,39.6,34.6,16.5,0.165,Tree cover,4.9,Uttarakhand,Almora,Syalde,Rock,2017,1000–1500 m,30–40°,1500–2000 mm,0–10 m,2010s,3,4,2,1
20469,29.774391,79.1703,1433.0,30.32,1694.0,23.5,34.0,42.6,39.6,34.6,16.5,0.165,Grassland,0.5,Uttarakhand,Almora,Syalde,Debris,2017,1000–1500 m,30–40°,1500–2000 mm,0–10 m,2010s,3,4,2,1
20471,29.775513,79.018539,2002.0,35.16,2072.0,23.3,33.0,43.7,38.0,34.1,17.0,0.17,Tree cover,12.7,Uttarakhand,Pauri Garhwal,Dhoomakot,Rock,2013,2000–3000 m,30–40°,2000–2500 mm,10–50 m,2010s,5,4,3,2
20472,29.777094,79.225233,855.0,28.2,1520.0,24.4,33.4,42.2,39.9,34.7,16.1,0.161,Built-up,11.2,Uttarakhand,Almora,Syalde,Rock,2009,500–1000 m,20–30°,1500–2000 mm,10–50 m,2000s,2,3,2,2
20473,29.777803,79.223369,876.0,37.84,1525.0,24.2,32.9,42.9,39.9,34.7,16.1,0.161,Grassland,25.2,Uttarakhand,Almora,Syalde,Rock,2014,500–1000 m,30–40°,1500–2000 mm,10–50 m,2010s,2,4,2,2
20474,29.778168,79.029898,1970.0,38.56,2034.0,24.4,31.2,44.3,38.0,34.1,17.0,0.17,Tree cover,9.7,Uttarakhand,Pauri Garhwal,Bironkhal,Debris,2013,1500–2000 m,30–40°,2000–2500 mm,0–10 m,2010s,4,4,3,1
20476,29.779072,79.03504,1917.0,34.24,2014.0,24.2,31.8,44.0,38.2,34.7,16.7,0.167,Tree cover,1.8,Uttarakhand,Pauri Garhwal,Bironkhal,Debris,2009,1500–2000 m,30–40°,2000–2500 mm,0–10 m,2000s,4,4,3,1
20478,29.77927,79.035503,1912.0,26.74,2014.0,23.3,33.9,42.9,39.1,34.9,17.6,0.176,Tree cover,3.0,Uttarakhand,Pauri Garhwal,Bironkhal,Debris,2009,1500–2000 m,20–30°,2000–2500 mm,0–10 m,2000s,4,3,3,1
20479,29.779469,79.222961,897.0,37.84,1525.0,24.8,32.5,42.7,39.4,34.6,15.3,0.153,Grassland,84.9,Uttarakhand,Almora,Syalde,Rock,2014,500–1000 m,30–40°,1500–2000 mm,50–100 m,2010s,2,4,2,3
20480,29.779699,79.502572,1455.0,34.22,1676.0,22.3,32.4,45.3,39.5,34.6,16.4,0.164,Built-up,3.9,Uttarakhand,Bageshwar,Bagwalipokhar,Rock,2016,1000–1500 m,30–40°,1500–2000 mm,0–10 m,2010s,3,4,2,1
20481,29.780083,79.626722,1410.0,19.17,1715.0,22.9,33.6,43.5,39.3,34.6,16.4,0.164,Built-up,3.8,Uttarakhand,Bageshwar,Someshwar,Debris,2016,1000–1500 m,10–20°,1500–2000 mm,0–10 m,2010s,3,2,2,1
20482,29.780556,79.517528,1513.0,28.28,1754.0,24.3,32.9,42.8,39.1,34.5,16.3,0.163,Tree cover,3.6,Uttarakhand,Bageshwar,Bagwalipokhar,Debris,2018,1500–2000 m,20–30°,1500–2000 mm,0–10 m,2010s,4,3,2,1
20483,29.781251,79.224752,889.0,21.45,1525.0,24.1,32.7,43.2,39.4,34.6,15.3,0.153,Grassland,4.6,Uttarakhand,Almora,Syalde,Rock,2011,500–1000 m,20–30°,1500–2000 mm,0–10 m,2010s,2,3,2,1
20485,29.78244,79.223968,902.0,36.41,1525.0,24.9,32.6,42.5,39.4,34.6,15.3,0.153,Built-up,5.3,Uttarakhand,Almora,Syalde,Rock,2011,500–1000 m,30–40°,1500–2000 mm,0–10 m,2010s,2,4,2,1
20490,29.784823,79.42674,1436.0,36.78,1635.0,21.3,33.9,44.8,40.3,34.4,15.6,0.156,Tree cover,0.4,Uttarakhand,Almora,Chaukhutiya,Rock,2012,1000–1500 m,30–40°,1500–2000 mm,0–10 m,2010s,3,4,2,1
20492,29.786399,79.168817,1381.0,31.0,1577.0,23.1,34.5,42.3,39.7,33.8,15.6,0.156,Built-up,2.7,Uttarakhand,Almora,Syalde,Rock,2016,1000–1500 m,30–40°,1500–2000 mm,0–10 m,2010s,3,4,2,1
20497,29.790065,79.330042,1241.0,27.12,1575.0,21.0,33.4,45.6,40.1,34.2,15.5,0.155,Grassland,20.7,Uttarakhand,Almora,Jalali,Rock,2009,1000–1500 m,20–30°,1500–2000 mm,10–50 m,2000s,3,3,2,2
20500,29.790972,79.161897,1266.0,35.8,1606.0,21.6,33.6,44.8,39.8,34.1,15.5,0.155,Tree cover,7.6,Uttarakhand,Almora,Syalde,Rock,2014,1000–1500 m,30–40°,1500–2000 mm,0–10 m,2010s,3,4,2,1
20502,29.791171,79.162418,1271.0,33.53,1606.0,21.6,33.6,44.8,39.8,34.1,15.5,0.155,Grassland,9.0,Uttarakhand,Almora,Syalde,Rock,2014,1000–1500 m,30–40°,1500–2000 mm,0–10 m,2010s,3,4,2,1
20503,29.791382,79.662171,1500.0,32.46,1758.0,23.2,31.1,45.7,40.0,33.6,16.1,0.161,Grassland,24.6,Uttarakhand,Bageshwar,Someshwar,Debris,2018,1000–1500 m,30–40°,1500–2000 mm,10–50 m,2010s,3,4,2,2
20506,29.791889,79.6665,1520.0,26.96,1768.0,23.2,30.6,46.2,40.0,33.6,16.1,0.161,Tree cover,2.0,Uttarakhand,Bageshwar,Someshwar,Debris,2017,1500–2000 m,20–30°,1500–2000 mm,0–10 m,2010s,4,3,2,1
20511,29.79367,79.184957,1143.0,30.48,1528.0,21.5,33.0,45.5,39.6,33.0,15.5,0.155,Tree cover,5.5,Uttarakhand,Almora,Syalde,Rock,2011,1000–1500 m,30–40°,1500–2000 mm,0–10 m,2010s,3,4,2,1
20512,29.793707,79.184066,1139.0,33.41,1528.0,21.5,33.0,45.5,39.6,33.0,15.5,0.155,Grassland,5.0,Uttarakhand,Almora,Syalde,Rock,2011,1000–1500 m,30–40°,1500–2000 mm,0–10 m,2010s,3,4,2,1
20513,29.793736,79.172479,1218.0,32.26,1577.0,20.8,33.8,45.4,39.8,33.8,15.5,0.155,Tree cover,13.5,Uttarakhand,Almora,Syalde,Rock,2014,1000–1500 m,30–40°,1500–2000 mm,10–50 m,2010s,3,4,2,2
20514,29.793973,79.172021,1219.0,23.66,1577.0,20.8,33.8,45.4,39.8,33.8,15.5,0.155,Tree cover,8.2,Uttarakhand,Almora,Syalde,Rock,2014,1000–1500 m,20–30°,1500–2000 mm,0–10 m,2010s,3,3,2,1
20515,29.794162,79.43365,1503.0,43.98,1771.0,23.8,35.2,40.9,39.5,34.9,16.1,0.161,Grassland,399.1,Uttarakhand,Almora,Chaukhutiya,Rock,2012,1500–2000 m,40–50°,1500–2000 mm,100–500 m,2010s,4,5,2,4
20517,29.794659,79.168485,1266.0,35.23,1577.0,20.8,34.0,45.3,39.8,33.8,15.5,0.155,Tree cover,5.1,Uttarakhand,Almora,Syalde,Rock,2009,1000–1500 m,30–40°,1500–2000 mm,0–10 m,2000s,3,4,2,1
20518,29.794701,79.186138,1160.0,32.89,1528.0,21.5,33.0,45.5,39.6,33.0,15.5,0.155,Tree cover,18.6,Uttarakhand,Almora,Syalde,Rock,2011,1000–1500 m,30–40°,1500–2000 mm,10–50 m,2010s,3,4,2,2
20519,29.794747,79.186653,1156.0,26.16,1528.0,21.5,33.0,45.5,39.6,33.0,15.5,0.155,Built-up,3.6,Uttarakhand,Almora,Syalde,Rock,2011,1000–1500 m,20–30°,1500–2000 mm,0–10 m,2010s,3,3,2,1
20522,29.794917,79.163947,1279.0,33.5,1606.0,21.2,34.5,44.3,39.8,34.1,15.5,0.155,Tree cover,9.2,Uttarakhand,Almora,Syalde,Rock,2009,1000–1500 m,30–40°,1500–2000 mm,0–10 m,2000s,3,4,2,1
20529,29.795582,79.187542,1148.0,32.39,1528.0,21.3,33.1,45.6,39.8,32.9,15.3,0.153,Built-up,12.6,Uttarakhand,Almora,Syalde,Rock,2011,1000–1500 m,30–40°,1500–2000 mm,10–50 m,2010s,3,4,2,2
20532,29.796686,79.043557,1877.0,38.84,2015.0,24.5,32.8,42.8,39.4,32.8,17.4,0.174,Tree cover,346.3,Uttarakhand,Pauri Garhwal,Bironkhal,Rock,2013,1500–2000 m,30–40°,2000–2500 mm,100–500 m,2010s,4,4,3,4
20534,29.798813,79.69747,1679.0,25.95,1815.0,24.8,31.5,43.7,39.3,34.5,17.6,0.176,Tree cover,21.7,Uttarakhand,Bageshwar,Someshwar,Soil,2018,1500–2000 m,20–30°,1500–2000 mm,10–50 m,2010s,4,3,2,2
20545,29.80139,80.42972,703.0,7.18,1749.0,23.1,38.1,38.9,37.2,34.1,12.5,0.125,Built-up,2.8,Uttarakhand,Pithoragarh,Dharchula,Debris,2013,500–1000 m,0–10°,1500–2000 mm,0–10 m,2010s,2,1,2,1
20548,29.801936,79.178129,1137.0,30.23,1532.0,21.9,33.1,44.9,39.8,33.6,15.1,0.151,Grassland,3.9,Uttarakhand,Almora,Syalde,Rock,2014,1000–1500 m,30–40°,1500–2000 mm,0–10 m,2010s,3,4,2,1
20554,29.8038,79.213779,975.0,36.3,1501.0,23.8,31.9,44.3,38.7,34.0,15.8,0.158,Grassland,6.5,Uttarakhand,Almora,Syalde,Debris,2014,500–1000 m,30–40°,1500–2000 mm,0–10 m,2010s,2,4,2,1
20557,29.805,80.49472,813.0,26.95,1722.0,23.9,36.6,39.5,37.4,32.5,13.8,0.138,Tree cover,1.9,Uttarakhand,Pithoragarh,Dharchula,Debris,2013,500–1000 m,20–30°,1500–2000 mm,0–10 m,2010s,2,3,2,1
20558,29.80537,79.185025,1115.0,21.14,1513.0,22.8,32.9,44.3,39.8,33.9,15.7,0.157,Grassland,4.5,Uttarakhand,Almora,Syalde,Rock,2011,1000–1500 m,20–30°,1500–2000 mm,0–10 m,2010s,3,3,2,1
20561,29.807068,79.710635,1426.0,34.91,1737.0,24.1,32.7,43.2,39.4,35.4,15.7,0.157,Grassland,13.3,Uttarakhand,Bageshwar,Bageshwar,Debris,2018,1000–1500 m,30–40°,1500–2000 mm,10–50 m,2010s,3,4,2,2
20563,29.807472,79.711967,1411.0,28.34,1737.0,24.1,32.7,43.2,39.4,35.4,15.7,0.157,Grassland,4.4,Uttarakhand,Bageshwar,Bageshwar,Debris,2018,1000–1500 m,20–30°,1500–2000 mm,0–10 m,2010s,3,3,2,1
20565,29.807583,79.716944,1344.0,30.09,1755.0,23.6,32.8,43.5,39.4,35.4,15.7,0.157,Grassland,3.6,Uttarakhand,Bageshwar,Bageshwar,Debris,2016,1000–1500 m,30–40°,1500–2000 mm,0–10 m,2010s,3,4,2,1
20575,29.809452,79.196999,1153.0,16.29,1513.0,23.3,32.6,44.2,38.7,34.1,15.7,0.157,Grassland,0.2,Uttarakhand,Almora,Syalde,Rock,2011,1000–1500 m,10–20°,1500–2000 mm,0–10 m,2010s,3,2,2,1
20576,29.810006,79.718188,1393.0,42.2,1687.0,24.0,32.9,43.1,39.4,35.4,15.7,0.157,Grassland,3.6,Uttarakhand,Bageshwar,Bageshwar,Debris,2018,1000–1500 m,40–50°,1500–2000 mm,0–10 m,2010s,3,5,2,1
20580,29.81075,79.718472,1401.0,39.95,1687.0,23.9,33.4,42.7,39.4,35.4,15.7,0.157,Tree cover,0.9,Uttarakhand,Bageshwar,Bageshwar,Debris,2014,1000–1500 m,30–40°,1500–2000 mm,0–10 m,2010s,3,4,2,1
20585,29.812795,79.222023,875.0,44.16,1484.0,26.2,32.8,41.0,38.7,35.4,15.7,0.157,Grassland,15.5,Uttarakhand,Almora,Syalde,Rock,2016,500–1000 m,40–50°,<1500 mm,10–50 m,2010s,2,5,1,2
20588,29.813658,79.186204,1093.0,37.8,1508.0,21.6,33.6,44.7,39.7,33.6,15.1,0.151,Grassland,9.2,Uttarakhand,Almora,Syalde,Rock,2011,1000–1500 m,30–40°,1500–2000 mm,0–10 m,2010s,3,4,2,1
20589,29.813861,79.728583,1237.0,35.76,1689.0,22.9,33.3,43.8,39.1,35.8,15.8,0.158,Tree cover,27.1,Uttarakhand,Bageshwar,Bageshwar,Debris,2013,1000–1500 m,30–40°,1500–2000 mm,10–50 m,2010s,3,4,2,2
20591,29.814174,79.196509,1142.0,30.28,1513.0,23.0,32.9,44.1,38.7,34.1,15.7,0.157,Tree cover,13.4,Uttarakhand,Almora,Syalde,Rock,2009,1000–1500 m,30–40°,1500–2000 mm,10–50 m,2000s,3,4,2,2
20592,29.814383,79.097303,1512.0,46.11,1695.0,21.4,34.2,44.4,39.4,34.4,14.8,0.148,Grassland,17.2,Uttarakhand,Pauri Garhwal,Bironkhal,Rock,2012,1500–2000 m,40–50°,1500–2000 mm,10–50 m,2010s,4,5,2,2
20598,29.816631,79.183947,1084.0,40.49,1508.0,23.1,33.5,43.4,39.3,32.0,15.5,0.155,Tree cover,7.3,Uttarakhand,Almora,Syalde,Rock,2011,1000–1500 m,40–50°,1500–2000 mm,0–10 m,2010s,3,5,2,1
20599,29.816695,79.360851,1638.0,35.65,1717.0,22.3,34.4,43.3,39.7,34.8,16.0,0.16,Built-up,1.6,Uttarakhand,Almora,Chaukhutiya,Rock,2009,1500–2000 m,30–40°,1500–2000 mm,0–10 m,2000s,4,4,2,1
20604,29.817333,79.731806,1109.0,40.91,1685.0,22.5,32.8,44.6,39.1,35.1,15.0,0.15,Built-up,1.2,Uttarakhand,Bageshwar,Bageshwar,Debris,2012,1000–1500 m,40–50°,1500–2000 mm,0–10 m,2010s,3,5,2,1
20606,29.818419,79.187299,1115.0,34.44,1517.0,23.1,33.6,43.4,39.3,32.0,15.5,0.155,Grassland,7.5,Uttarakhand,Almora,Syalde,Rock,2014,1000–1500 m,30–40°,1500–2000 mm,0–10 m,2010s,3,4,2,1
20607,29.818624,79.069057,1455.0,34.5,1616.0,20.7,34.7,44.6,39.8,35.3,14.7,0.147,Grassland,20.5,Uttarakhand,Almora,Bironkhal,Debris,2011,1000–1500 m,30–40°,1500–2000 mm,10–50 m,2010s,3,4,2,2
20608,29.819029,79.196182,1064.0,29.78,1495.0,22.2,34.3,43.5,39.5,33.1,15.5,0.155,Tree cover,3.8,Uttarakhand,Almora,Syalde,Debris,2009,1000–1500 m,20–30°,<1500 mm,0–10 m,2000s,3,3,1,1
20609,29.819772,79.197128,1042.0,30.84,1495.0,23.7,33.2,43.1,39.5,33.1,15.5,0.155,Grassland,6.6,Uttarakhand,Almora,Syalde,Rock,2009,1000–1500 m,30–40°,<1500 mm,0–10 m,2000s,3,4,1,1
20610,29.82,80.5,868.0,34.15,1723.0,22.7,34.6,42.7,37.9,33.4,15.4,0.154,Grassland,170.8,Uttarakhand,Pithoragarh,Dharchula,Debris,2013,500–1000 m,30–40°,1500–2000 mm,100–500 m,2010s,2,4,2,4
20613,29.821338,79.075172,1396.0,43.41,1629.0,20.1,34.3,45.6,39.8,35.3,14.7,0.147,Grassland,324.7,Uttarakhand,Almora,Bironkhal,Rock,2011,1000–1500 m,40–50°,1500–2000 mm,100–500 m,2010s,3,5,2,4
20622,29.823459,79.06736,1321.0,32.41,1616.0,19.8,34.1,46.0,39.8,35.3,14.7,0.147,Grassland,12.3,Uttarakhand,Pauri Garhwal,Bironkhal,Rock,2011,1000–1500 m,30–40°,1500–2000 mm,10–50 m,2010s,3,4,2,2
20623,29.82361,80.50722,828.0,38.84,1723.0,22.5,36.1,41.3,37.7,32.9,14.1,0.141,Grassland,32.3,Uttarakhand,Pithoragarh,Dharchula,Rock,2013,500–1000 m,30–40°,1500–2000 mm,10–50 m,2010s,2,4,2,2
20629,29.824833,79.740889,1021.0,33.36,1647.0,22.6,35.0,42.5,38.9,32.6,15.2,0.152,Tree cover,6.0,Uttarakhand,Bageshwar,Bageshwar,Debris,2018,1000–1500 m,30–40°,1500–2000 mm,0–10 m,2010s,3,4,2,1
20647,29.827877,79.058041,1286.0,45.0,1584.0,19.7,35.3,45.0,39.2,35.1,15.0,0.15,Bare / sparse vegetation,89.4,Uttarakhand,Pauri Garhwal,Bironkhal,Debris,2009,1000–1500 m,40–50°,1500–2000 mm,50–100 m,2000s,3,5,2,3
20656,29.830485,79.002984,1339.0,36.65,1581.0,22.2,34.8,43.0,39.8,33.7,15.0,0.15,Grassland,10.1,Uttarakhand,Pauri Garhwal,Bironkhal,Rock,2013,1000–1500 m,30–40°,1500–2000 mm,10–50 m,2010s,3,4,2,2
20657,29.830531,79.002536,1332.0,37.26,1581.0,21.3,35.2,43.5,39.8,33.7,15.0,0.15,Grassland,14.9,Uttarakhand,Pauri Garhwal,Bironkhal,Rock,2013,1000–1500 m,30–40°,1500–2000 mm,10–50 m,2010s,3,4,2,2
20666,29.833143,79.045469,1529.0,34.12,1581.0,20.2,35.0,44.8,39.1,35.0,15.9,0.159,Tree cover,14.9,Uttarakhand,Pauri Garhwal,Bironkhal,Rock,2012,1500–2000 m,30–40°,1500–2000 mm,10–50 m,2010s,4,4,2,2
20667,29.833155,79.05763,1407.0,39.11,1584.0,19.5,35.5,45.0,39.4,34.0,14.8,0.148,Grassland,29.6,Uttarakhand,Pauri Garhwal,Bironkhal,Debris,2013,1000–1500 m,30–40°,1500–2000 mm,10–50 m,2010s,3,4,2,2
20669,29.833591,79.045177,1545.0,41.97,1736.0,20.0,34.3,45.7,39.1,35.0,15.9,0.159,Tree cover,12.8,Uttarakhand,Pauri Garhwal,Bironkhal,Debris,2012,1500–2000 m,40–50°,1500–2000 mm,10–50 m,2010s,4,5,2,2
20674,29.834723,79.017239,1433.0,34.9,1709.0,20.2,35.8,44.0,39.8,33.8,15.8,0.158,Grassland,33.4,Uttarakhand,Pauri Garhwal,Bironkhal,Rock,2012,1000–1500 m,30–40°,1500–2000 mm,10–50 m,2010s,3,4,2,2
20677,29.836447,79.019369,1448.0,36.45,1709.0,19.3,35.2,45.5,39.8,33.8,15.8,0.158,Grassland,12.7,Uttarakhand,Pauri Garhwal,Bironkhal,Rock,2012,1000–1500 m,30–40°,1500–2000 mm,10–50 m,2010s,3,4,2,2
20681,29.837642,79.04286,1582.0,34.82,1736.0,21.2,35.9,43.0,39.1,35.0,15.9,0.159,Tree cover,13.2,Uttarakhand,Pauri Garhwal,Bironkhal,Rock,2012,1500–2000 m,30–40°,1500–2000 mm,10–50 m,2010s,4,4,2,2
20686,29.839139,79.446824,2099.0,21.0,1957.0,25.0,36.0,39.0,39.9,35.5,18.0,0.18,Tree cover,431.0,Uttarakhand,Almora,Chaukhutiya,Debris,2011,2000–3000 m,20–30°,1500–2000 mm,100–500 m,2010s,5,3,2,4
20691,29.839969,79.136536,1735.0,31.84,1760.0,21.1,35.2,43.7,40.0,34.8,15.6,0.156,Grassland,15.7,Uttarakhand,Almora,Syalde,Rock,2011,1500–2000 m,30–40°,1500–2000 mm,10–50 m,2010s,4,4,2,2
20699,29.843194,79.797222,1146.0,22.35,1643.0,25.5,32.9,41.6,38.3,33.1,14.1,0.141,Tree cover,6.9,Uttarakhand,Bageshwar,Bageshwar,Rock,2013,1000–1500 m,20–30°,1500–2000 mm,0–10 m,2010s,3,3,2,1
20700,29.843256,79.093631,1757.0,37.85,1883.0,22.2,34.1,43.6,40.0,34.2,16.0,0.16,Tree cover,26.2,Uttarakhand,Pauri Garhwal,Bironkhal,Rock,2015,1500–2000 m,30–40°,1500–2000 mm,10–50 m,2010s,4,4,2,2
20704,29.844796,79.085754,1702.0,34.64,1780.0,20.9,35.2,44.0,39.5,35.0,15.4,0.154,Grassland,2.5,Uttarakhand,Pauri Garhwal,Bironkhal,Rock,2012,1500–2000 m,30–40°,1500–2000 mm,0–10 m,2010s,4,4,2,1
20709,29.846156,79.213802,1006.0,35.96,1453.0,24.2,33.6,42.2,39.4,35.6,15.2,0.152,Grassland,779.5,Uttarakhand,Almora,Syalde,Rock,2014,1000–1500 m,30–40°,<1500 mm,500–1000 m,2010s,3,4,1,5
20711,29.84667,80.53639,924.0,21.53,1710.0,22.7,37.7,39.6,38.0,35.6,14.9,0.149,Tree cover,14.0,Uttarakhand,Pithoragarh,Dharchula,Rock,2013,500–1000 m,20–30°,1500–2000 mm,10–50 m,2010s,2,3,2,2
20713,29.847442,79.086055,1723.0,35.2,1780.0,21.4,35.0,43.5,39.5,35.0,15.4,0.154,Tree cover,10.4,Uttarakhand,Pauri Garhwal,Bironkhal,Rock,2012,1500–2000 m,30–40°,1500–2000 mm,10–50 m,2010s,4,4,2,2
20723,29.853841,79.427874,1802.0,13.41,1751.0,26.3,31.1,42.6,39.7,35.5,17.3,0.173,Tree cover,2587.6,Uttarakhand,Almora,Chaukhutiya,Debris,2011,1500–2000 m,10–20°,1500–2000 mm,>1000 m,2010s,4,2,2,6
20724,29.85417,80.54944,1053.0,39.29,1749.0,22.2,35.6,42.1,38.5,34.1,15.9,0.159,Grassland,36.0,Uttarakhand,Pithoragarh,Dharchula,Rock,2013,1000–1500 m,30–40°,1500–2000 mm,10–50 m,2010s,3,4,2,2
20726,29.855362,79.205448,893.0,13.01,1442.0,23.5,34.2,42.2,39.1,33.3,15.5,0.155,Cropland,11.0,Uttarakhand,Almora,Syalde,Debris,2009,500–1000 m,10–20°,<1500 mm,10–50 m,2000s,2,2,1,2
20735,29.861075,79.204587,985.0,37.09,1445.0,23.0,34.1,42.8,39.3,33.6,15.4,0.154,Grassland,20.3,Uttarakhand,Almora,Syalde,Rock,2012,500–1000 m,30–40°,<1500 mm,10–50 m,2010s,2,4,1,2
20736,29.861326,79.785994,1005.0,42.75,1633.0,25.7,33.7,40.6,38.1,34.5,14.3,0.143,Grassland,375.4,Uttarakhand,Bageshwar,Bageshwar,Debris,2012,1000–1500 m,40–50°,1500–2000 mm,100–500 m,2010s,3,5,2,4
20737,29.861943,79.017563,1583.0,35.78,1626.0,20.1,36.0,43.9,39.8,34.6,15.6,0.156,Grassland,7.9,Uttarakhand,Pauri Garhwal,Bironkhal,Rock,2012,1500–2000 m,30–40°,1500–2000 mm,0–10 m,2010s,4,4,2,1
20738,29.862076,79.007199,1683.0,35.65,1760.0,21.7,34.9,43.4,39.6,35.1,16.2,0.162,Grassland,18.7,Uttarakhand,Almora,Bironkhal,Rock,2009,1500–2000 m,30–40°,1500–2000 mm,10–50 m,2000s,4,4,2,2
20745,29.864849,79.010169,1669.0,41.81,1704.0,20.9,35.2,43.9,39.6,35.1,16.2,0.162,Grassland,12.7,Uttarakhand,Almora,Bironkhal,Rock,2012,1500–2000 m,40–50°,1500–2000 mm,10–50 m,2010s,4,5,2,2
20754,29.868299,79.114114,1754.0,32.05,1759.0,21.9,35.6,42.5,39.8,35.8,15.7,0.157,Tree cover,20.7,Uttarakhand,Almora,Syalde,Rock,2011,1500–2000 m,30–40°,1500–2000 mm,10–50 m,2010s,4,4,2,2
20760,29.87028,80.55583,957.0,35.93,1755.0,23.4,34.8,41.8,37.7,33.4,15.3,0.153,Tree cover,33.0,Uttarakhand,Pithoragarh,Dharchula,Rock,2013,500–1000 m,30–40°,1500–2000 mm,10–50 m,2010s,2,4,2,2
20777,29.874524,79.876226,1133.0,31.2,1683.0,23.8,31.9,44.3,38.6,33.4,14.8,0.148,Grassland,20.7,Uttarakhand,Bageshwar,Bageshwar,Rock,2014,1000–1500 m,30–40°,1500–2000 mm,10–50 m,2010s,3,4,2,2
20782,29.87694,80.5625,949.0,14.06,1743.0,24.4,34.9,40.7,37.7,33.4,15.3,0.153,Built-up,21.3,Uttarakhand,Pithoragarh,Dharchula,Debris,2013,500–1000 m,10–20°,1500–2000 mm,10–50 m,2010s,2,2,2,2
20787,29.88,80.56,1177.0,44.42,1743.0,21.0,37.5,41.5,38.6,34.0,15.6,0.156,Grassland,351.2,Uttarakhand,Pithoragarh,Dharchula,Debris,2014,1000–1500 m,40–50°,1500–2000 mm,100–500 m,2010s,3,5,2,4
20798,29.881888,79.428333,1205.0,31.92,1518.0,21.4,33.1,45.5,39.7,34.4,15.6,0.156,Tree cover,9.9,Uttarakhand,Almora,Chaukhutiya,Rock,2011,1000–1500 m,30–40°,1500–2000 mm,0–10 m,2010s,3,4,2,1
20804,29.885,80.56722,947.0,36.91,1753.0,23.3,35.1,41.6,38.6,34.0,15.6,0.156,Grassland,22.6,Uttarakhand,Pithoragarh,Dharchula,Debris,2013,500–1000 m,30–40°,1500–2000 mm,10–50 m,2010s,2,4,2,2
20817,29.889736,79.065206,1644.0,29.91,1733.0,21.3,32.6,46.1,39.3,35.7,15.2,0.152,Tree cover,15.0,Uttarakhand,Pauri Garhwal,Bironkhal,Rock,2017,1500–2000 m,20–30°,1500–2000 mm,10–50 m,2010s,4,3,2,2
20821,29.890444,79.659917,1173.0,32.87,1588.0,23.3,32.9,43.8,38.4,33.5,15.1,0.151,Grassland,17.7,Uttarakhand,Bageshwar,Garud,Debris,2018,1000–1500 m,30–40°,1500–2000 mm,10–50 m,2010s,3,4,2,2
20827,29.892139,79.795083,936.0,25.75,1612.0,23.2,32.6,44.3,39.2,32.9,15.0,0.15,Tree cover,1.3,Uttarakhand,Bageshwar,Bageshwar,Debris,2012,500–1000 m,20–30°,1500–2000 mm,0–10 m,2010s,2,3,2,1
20828,29.8925,80.31806,896.0,13.26,1763.0,24.9,33.2,42.0,37.3,34.2,12.6,0.126,Built-up,3.1,Uttarakhand,Pithoragarh,Bangapani,Debris,2013,500–1000 m,10–20°,1500–2000 mm,0–10 m,2010s,2,2,2,1
20830,29.893183,79.060203,1560.0,34.23,1742.0,21.1,33.0,45.9,39.3,35.7,15.2,0.152,Tree cover,6.0,Uttarakhand,Pauri Garhwal,Bironkhal,Rock,2012,1500–2000 m,30–40°,1500–2000 mm,0–10 m,2010s,4,4,2,1
20831,29.893286,79.06062,1580.0,33.86,1742.0,21.1,33.0,45.9,39.3,35.7,15.2,0.152,Grassland,4.6,Uttarakhand,Pauri Garhwal,Bironkhal,Rock,2012,1500–2000 m,30–40°,1500–2000 mm,0–10 m,2010s,4,4,2,1
20834,29.895239,79.064361,1696.0,30.81,1742.0,21.4,32.9,45.8,39.3,35.7,15.2,0.152,Grassland,10.4,Uttarakhand,Pauri Garhwal,Bironkhal,Rock,2016,1500–2000 m,30–40°,1500–2000 mm,10–50 m,2010s,4,4,2,2
20836,29.895765,79.124397,1858.0,33.38,1817.0,21.5,36.6,41.9,39.8,36.1,16.0,0.16,Grassland,9.6,Uttarakhand,Pauri Garhwal,Syalde,Rock,2016,1500–2000 m,30–40°,1500–2000 mm,0–10 m,2010s,4,4,2,1
20840,29.896338,79.748373,1086.0,32.86,1632.0,23.7,32.1,44.3,38.4,33.6,15.2,0.152,Grassland,4.6,Uttarakhand,Bageshwar,Bageshwar,Rock,2018,1000–1500 m,30–40°,1500–2000 mm,0–10 m,2010s,3,4,2,1
20841,29.896417,79.061722,1716.0,31.64,1742.0,23.7,33.8,42.5,39.5,35.6,15.5,0.155,Tree cover,3.5,Uttarakhand,Pauri Garhwal,Bironkhal,Debris,2015,1500–2000 m,30–40°,1500–2000 mm,0–10 m,2010s,4,4,2,1
20843,29.896528,79.06038,1725.0,34.56,1742.0,22.9,33.2,43.9,39.4,35.4,14.6,0.146,Tree cover,4.1,Uttarakhand,Pauri Garhwal,Bironkhal,Debris,2015,1500–2000 m,30–40°,1500–2000 mm,0–10 m,2010s,4,4,2,1
20844,29.896819,79.06294,1718.0,33.65,1742.0,23.7,33.8,42.5,39.5,35.6,15.5,0.155,Tree cover,14.9,Uttarakhand,Pauri Garhwal,Bironkhal,Rock,2015,1500–2000 m,30–40°,1500–2000 mm,10–50 m,2010s,4,4,2,2
20865,29.900482,79.059231,1762.0,38.09,1831.0,23.7,33.7,42.6,39.4,35.4,14.6,0.146,Tree cover,16.0,Uttarakhand,Pauri Garhwal,Bironkhal,Rock,2016,1500–2000 m,30–40°,1500–2000 mm,10–50 m,2010s,4,4,2,2
20871,29.90088,79.056878,1771.0,40.91,1751.0,23.1,33.0,43.9,39.4,35.4,14.6,0.146,Tree cover,12.5,Uttarakhand,Pauri Garhwal,Bironkhal,Rock,2016,1500–2000 m,40–50°,1500–2000 mm,10–50 m,2010s,4,5,2,2
20877,29.901688,79.741146,1098.0,24.92,1622.0,23.0,31.6,45.3,38.5,32.6,15.5,0.155,Tree cover,6.0,Uttarakhand,Bageshwar,Garud,Debris,2017,1000–1500 m,20–30°,1500–2000 mm,0–10 m,2010s,3,3,2,1
20889,29.90528,80.31278,935.0,31.39,1759.0,21.9,34.5,43.6,38.0,34.8,14.4,0.144,Grassland,11.2,Uttarakhand,Pithoragarh,Bangapani,Debris,2013,500–1000 m,30–40°,1500–2000 mm,10–50 m,2010s,2,4,2,2
20895,29.906565,79.034338,1382.0,41.58,1544.0,19.9,34.9,45.2,39.9,34.9,14.7,0.147,Grassland,4.6,Uttarakhand,Pauri Garhwal,Bironkhal,Rock,2012,1000–1500 m,40–50°,1500–2000 mm,0–10 m,2010s,3,5,2,1
20897,29.906639,79.032722,1320.0,42.71,1513.0,19.9,34.9,45.2,39.9,34.9,14.7,0.147,Grassland,9.1,Uttarakhand,Pauri Garhwal,Bironkhal,Rock,2012,1000–1500 m,40–50°,1500–2000 mm,0–10 m,2010s,3,5,2,1
20915,29.908345,79.016021,1673.0,38.93,1605.0,22.2,36.0,41.8,39.3,35.7,15.1,0.151,Grassland,3.9,Uttarakhand,Pauri Garhwal,Bironkhal,Rock,2012,1500–2000 m,30–40°,1500–2000 mm,0–10 m,2010s,4,4,2,1
20922,29.909042,79.59222,1466.0,18.63,1604.0,22.0,32.7,45.3,39.1,34.3,15.6,0.156,Tree cover,1098.4,Uttarakhand,Bageshwar,Garud,Debris,2017,1000–1500 m,10–20°,1500–2000 mm,>1000 m,2010s,3,2,2,6
20932,29.910917,79.819917,972.0,10.79,1627.0,24.0,33.4,42.5,38.1,32.8,15.5,0.155,Tree cover,191.0,Uttarakhand,Bageshwar,Bageshwar,Soil,2012,500–1000 m,10–20°,1500–2000 mm,100–500 m,2010s,2,2,2,4
20935,29.911681,79.286,1636.0,26.2,1635.0,24.3,33.5,42.2,39.4,35.5,17.6,0.176,Tree cover,811.4,Uttarakhand,Almora,Chaukhutiya,Rock,2016,1500–2000 m,20–30°,1500–2000 mm,500–1000 m,2010s,4,3,2,5
20937,29.911727,79.417462,1075.0,53.56,1455.0,23.3,33.9,42.8,39.5,34.8,16.0,0.16,Tree cover,11.5,Uttarakhand,Almora,Chaukhutiya,Debris,2006,1000–1500 m,>50°,<1500 mm,10–50 m,2000s,3,6,1,2
20936,29.911727,79.28194,1770.0,20.17,1813.0,27.3,34.5,38.2,39.4,35.5,17.6,0.176,Grassland,1084.0,Uttarakhand,Almora,Chaukhutiya,Debris,2016,1500–2000 m,20–30°,1500–2000 mm,>1000 m,2010s,4,3,2,6
20940,29.911984,79.417765,1058.0,44.21,1455.0,23.3,33.9,42.8,39.5,34.8,16.0,0.16,Tree cover,2.7,Uttarakhand,Almora,Chaukhutiya,Debris,2006,1000–1500 m,40–50°,<1500 mm,0–10 m,2000s,3,5,1,1
20941,29.912203,79.034292,1294.0,39.35,1521.0,20.2,34.4,45.4,39.9,34.9,14.7,0.147,Tree cover,20.9,Uttarakhand,Pauri Garhwal,Bironkhal,Rock,2011,1000–1500 m,30–40°,1500–2000 mm,10–50 m,2010s,3,4,2,2
20948,29.913905,79.033629,1311.0,38.96,1521.0,19.9,35.0,45.1,39.5,35.4,14.8,0.148,Grassland,20.7,Uttarakhand,Pauri Garhwal,Bironkhal,Rock,2012,1000–1500 m,30–40°,1500–2000 mm,10–50 m,2010s,3,4,2,2
20949,29.914023,79.288127,1682.0,26.41,1635.0,24.1,34.3,41.6,39.2,35.4,15.7,0.157,Grassland,964.1,Uttarakhand,Almora,Chaukhutiya,Rock,2016,1500–2000 m,20–30°,1500–2000 mm,500–1000 m,2010s,4,3,2,5
20953,29.914575,79.418203,1034.0,32.14,1455.0,22.9,33.6,43.5,39.4,33.6,15.9,0.159,Tree cover,158.2,Uttarakhand,Almora,Chaukhutiya,Debris,2012,1000–1500 m,30–40°,<1500 mm,100–500 m,2010s,3,4,1,4
20954,29.914817,79.037974,1297.0,30.4,1521.0,19.9,34.3,45.8,39.5,35.4,14.8,0.148,Grassland,13.1,Uttarakhand,Pauri Garhwal,Bironkhal,Debris,2017,1000–1500 m,30–40°,1500–2000 mm,10–50 m,2010s,3,4,2,2
20956,29.914931,79.039605,1312.0,32.56,1521.0,19.8,34.4,45.8,40.3,35.2,15.7,0.157,Tree cover,15.1,Uttarakhand,Pauri Garhwal,Bironkhal,Rock,2012,1000–1500 m,30–40°,1500–2000 mm,10–50 m,2010s,3,4,2,2
20964,29.916289,79.326608,1079.0,30.7,1411.0,21.4,36.2,42.3,40.2,33.9,15.4,0.154,Tree cover,1912.6,Uttarakhand,Almora,Chaukhutiya,Rock,2014,1000–1500 m,30–40°,<1500 mm,>1000 m,2010s,3,4,1,6
20965,29.916483,79.599998,1211.0,39.12,1604.0,23.8,32.5,43.7,39.1,34.5,15.8,0.158,Tree cover,42.9,Uttarakhand,Bageshwar,Garud,Soil,2018,1000–1500 m,30–40°,1500–2000 mm,10–50 m,2010s,3,4,2,2
20980,29.918456,79.418316,1069.0,42.39,1434.0,22.6,34.1,43.3,39.4,33.6,15.9,0.159,Tree cover,172.3,Uttarakhand,Almora,Chaukhutiya,Debris,2012,1000–1500 m,40–50°,<1500 mm,100–500 m,2010s,3,5,1,4
20986,29.919407,79.192601,1108.0,37.22,1417.0,20.7,34.5,44.7,38.9,34.5,15.1,0.151,Grassland,6.0,Uttarakhand,Almora,Syalde,Rock,2012,1000–1500 m,30–40°,<1500 mm,0–10 m,2010s,3,4,1,1
20987,29.91989,79.062969,1403.0,36.14,1527.0,21.2,33.6,45.2,39.9,35.8,15.2,0.152,Tree cover,6.8,Uttarakhand,Pauri Garhwal,Bironkhal,Rock,2013,1000–1500 m,30–40°,1500–2000 mm,0–10 m,2010s,3,4,2,1
20998,29.921241,79.06579,1414.0,41.08,1527.0,20.8,34.6,44.6,39.9,35.8,15.2,0.152,Grassland,19.2,Uttarakhand,Pauri Garhwal,Bironkhal,Rock,2012,1000–1500 m,40–50°,1500–2000 mm,10–50 m,2010s,3,5,2,2
21002,29.922513,79.317131,1152.0,32.78,1415.0,19.2,35.1,45.6,40.2,34.6,15.7,0.157,Tree cover,2089.0,Uttarakhand,Almora,Chaukhutiya,Debris,2014,1000–1500 m,30–40°,<1500 mm,>1000 m,2010s,3,4,1,6
21003,29.922569,79.315115,1175.0,31.27,1440.0,19.2,35.1,45.6,40.2,34.6,15.7,0.157,Tree cover,2022.2,Uttarakhand,Almora,Chaukhutiya,Debris,2014,1000–1500 m,30–40°,<1500 mm,>1000 m,2010s,3,4,1,6
21007,29.923497,79.318706,1150.0,22.69,1415.0,20.0,34.4,45.6,40.2,34.0,15.0,0.15,Grassland,2240.2,Uttarakhand,Almora,Chaukhutiya,Debris,2014,1000–1500 m,20–30°,<1500 mm,>1000 m,2010s,3,3,1,6
21011,29.924206,79.043311,1344.0,39.25,1545.0,20.6,34.4,45.1,39.5,35.1,15.4,0.154,Tree cover,14.8,Uttarakhand,Pauri Garhwal,Bironkhal,Rock,2012,1000–1500 m,30–40°,1500–2000 mm,10–50 m,2010s,3,4,2,2
21019,29.927586,79.18071,1121.0,30.75,1407.0,22.1,33.8,44.0,38.8,34.8,15.3,0.153,Grassland,6.5,Uttarakhand,Almora,Thailisain,Rock,2012,1000–1500 m,30–40°,<1500 mm,0–10 m,2010s,3,4,1,1
21033,29.932496,79.126407,1978.0,29.01,1774.0,25.0,34.9,40.1,38.8,35.7,16.4,0.164,Grassland,8.6,Uttarakhand,Almora,Thailisain,Rock,2014,1500–2000 m,20–30°,1500–2000 mm,0–10 m,2010s,4,3,2,1
21035,29.932907,79.126607,1976.0,28.51,1774.0,25.0,34.9,40.1,38.8,35.7,16.4,0.164,Grassland,21.2,Uttarakhand,Almora,Thailisain,Rock,2014,1500–2000 m,20–30°,1500–2000 mm,10–50 m,2010s,4,3,2,2
21039,29.933922,79.356805,1200.0,22.91,1471.0,22.9,31.3,45.8,39.2,35.1,15.5,0.155,Tree cover,1011.2,Uttarakhand,Almora,Chaukhutiya,Debris,2012,1000–1500 m,20–30°,<1500 mm,>1000 m,2010s,3,3,1,6
21043,29.934638,79.403016,1353.0,39.79,1497.0,21.9,32.8,45.3,40.1,33.2,15.5,0.155,Grassland,941.5,Uttarakhand,Almora,Chaukhutiya,Rock,2014,1000–1500 m,30–40°,<1500 mm,500–1000 m,2010s,3,4,1,5
21048,29.935274,79.070718,1712.0,37.3,1780.0,22.9,35.9,41.3,39.6,35.4,16.1,0.161,Grassland,5.7,Uttarakhand,Pauri Garhwal,Bironkhal,Rock,2013,1500–2000 m,30–40°,1500–2000 mm,0–10 m,2010s,4,4,2,1
21058,29.94,80.58,1240.0,37.91,1797.0,22.5,32.9,44.5,38.1,34.4,16.3,0.163,Grassland,242.0,Uttarakhand,Pithoragarh,Dharchula,Rock,2014,1000–1500 m,30–40°,1500–2000 mm,100–500 m,2010s,3,4,2,4
21063,29.941097,79.097696,1774.0,22.47,1751.0,22.3,35.4,42.4,39.2,34.8,16.2,0.162,Grassland,12.3,Uttarakhand,Pauri Garhwal,Bironkhal,Rock,2012,1500–2000 m,20–30°,1500–2000 mm,10–50 m,2010s,4,3,2,2
21064,29.941285,79.076401,1668.0,25.2,1638.0,23.2,34.6,42.3,39.7,35.6,16.5,0.165,Grassland,36.8,Uttarakhand,Pauri Garhwal,Bironkhal,Rock,2014,1500–2000 m,20–30°,1500–2000 mm,10–50 m,2010s,4,3,2,2
21067,29.941886,79.332523,1166.0,34.99,1428.0,21.3,34.3,44.4,39.6,34.2,15.2,0.152,Tree cover,966.3,Uttarakhand,Chamoli,Gairsain,Rock,2012,1000–1500 m,30–40°,<1500 mm,500–1000 m,2010s,3,4,1,5
21070,29.942611,79.077556,1684.0,38.21,1748.0,23.2,34.6,42.3,39.7,35.6,16.5,0.165,Tree cover,68.1,Uttarakhand,Pauri Garhwal,Bironkhal,Rock,2012,1500–2000 m,30–40°,1500–2000 mm,50–100 m,2010s,4,4,2,3
21074,29.943316,79.054447,1888.0,34.82,1879.0,24.4,34.1,41.4,39.4,35.3,16.7,0.167,Tree cover,11.9,Uttarakhand,Pauri Garhwal,Bironkhal,Rock,2011,1500–2000 m,30–40°,1500–2000 mm,10–50 m,2010s,4,4,2,2
21075,29.943367,79.329094,1140.0,36.48,1428.0,22.2,34.8,43.0,39.9,34.0,15.7,0.157,Tree cover,1248.1,Uttarakhand,Chamoli,Gairsain,Rock,2012,1000–1500 m,30–40°,<1500 mm,>1000 m,2010s,3,4,1,6
21076,29.943427,79.328566,1139.0,35.65,1428.0,22.2,34.8,43.0,39.9,34.0,15.7,0.157,Tree cover,1297.6,Uttarakhand,Chamoli,Gairsain,Rock,2012,1000–1500 m,30–40°,<1500 mm,>1000 m,2010s,3,4,1,6
21081,29.944569,79.078828,1704.0,35.31,1748.0,24.1,33.9,42.1,39.7,35.6,16.5,0.165,Grassland,149.5,Uttarakhand,Pauri Garhwal,Bironkhal,Rock,2012,1500–2000 m,30–40°,1500–2000 mm,100–500 m,2010s,4,4,2,4
21087,29.945739,79.314079,1185.0,14.4,1414.0,19.4,35.3,45.3,40.4,34.0,15.4,0.154,Tree cover,1007.9,Uttarakhand,Chamoli,Gairsain,Rock,2014,1000–1500 m,10–20°,<1500 mm,>1000 m,2010s,3,2,1,6
21088,29.945901,79.079346,1750.0,30.77,1748.0,24.1,34.0,41.8,39.7,35.6,16.5,0.165,Grassland,236.5,Uttarakhand,Pauri Garhwal,Bironkhal,Rock,2012,1500–2000 m,30–40°,1500–2000 mm,100–500 m,2010s,4,4,2,4
21089,29.946596,79.422115,1251.0,27.2,1466.0,20.0,33.6,46.3,40.2,33.9,15.3,0.153,Grassland,546.9,Uttarakhand,Almora,Gairsain,Rock,2014,1000–1500 m,20–30°,<1500 mm,500–1000 m,2010s,3,3,1,5
21093,29.94833,80.30222,989.0,15.08,1754.0,24.1,34.2,41.7,36.9,34.2,12.6,0.126,Tree cover,10.5,Uttarakhand,Pithoragarh,Bangapani,Rock,2013,500–1000 m,10–20°,1500–2000 mm,10–50 m,2010s,2,2,2,2
21097,29.95,80.59,1204.0,52.75,1805.0,20.4,37.0,42.6,38.7,34.3,14.9,0.149,Grassland,67.7,Uttarakhand,Pithoragarh,Dharchula,Rock,2014,1000–1500 m,>50°,1500–2000 mm,50–100 m,2010s,3,6,2,3
21099,29.950629,79.195611,1639.0,43.37,1575.0,20.8,30.8,48.3,39.9,36.3,15.6,0.156,Grassland,129.5,Uttarakhand,Almora,Thailisain,Rock,2016,1500–2000 m,40–50°,1500–2000 mm,100–500 m,2010s,4,5,2,4
21100,29.950771,79.144473,1806.0,29.77,1845.0,23.4,34.4,42.2,39.4,34.7,17.3,0.173,Tree cover,22.3,Uttarakhand,Almora,Thailisain,Debris,2011,1500–2000 m,20–30°,1500–2000 mm,10–50 m,2010s,4,3,2,2
21101,29.950811,79.586865,1357.0,22.27,1562.0,22.3,32.2,45.5,39.7,34.2,15.7,0.157,Tree cover,309.2,Uttarakhand,Bageshwar,Garud,Soil,2018,1000–1500 m,20–30°,1500–2000 mm,100–500 m,2010s,3,3,2,4
21102,29.951374,79.195501,1619.0,41.99,1575.0,20.8,30.8,48.3,39.9,36.3,15.6,0.156,Grassland,130.7,Uttarakhand,Almora,Thailisain,Rock,2016,1500–2000 m,40–50°,1500–2000 mm,100–500 m,2010s,4,5,2,4
21108,29.952047,79.19577,1602.0,27.15,1575.0,20.8,30.8,48.3,39.9,36.3,15.6,0.156,Grassland,146.0,Uttarakhand,Almora,Thailisain,Debris,2016,1500–2000 m,20–30°,1500–2000 mm,100–500 m,2010s,4,3,2,4
21109,29.952097,79.02299,1369.0,36.69,1588.0,23.1,33.6,43.3,39.1,35.9,15.3,0.153,Grassland,23.0,Uttarakhand,Pauri Garhwal,Bironkhal,Debris,2012,1000–1500 m,30–40°,1500–2000 mm,10–50 m,2010s,3,4,2,2
21111,29.952301,79.371902,1210.0,34.95,1457.0,22.3,32.5,45.2,39.2,35.0,16.3,0.163,Tree cover,9.3,Uttarakhand,Almora,Gairsain,Rock,2014,1000–1500 m,30–40°,<1500 mm,0–10 m,2010s,3,4,1,1
21114,29.953361,79.699139,1286.0,33.17,1643.0,21.4,30.9,47.7,38.8,35.2,15.6,0.156,Tree cover,26.9,Uttarakhand,Bageshwar,Garud,Rock,2015,1000–1500 m,30–40°,1500–2000 mm,10–50 m,2010s,3,4,2,2
21115,29.953439,79.29897,1491.0,28.76,1592.0,21.6,34.3,44.2,39.1,35.3,15.6,0.156,Tree cover,392.3,Uttarakhand,Chamoli,Gairsain,Rock,2017,1000–1500 m,20–30°,1500–2000 mm,100–500 m,2010s,3,3,2,4
21116,29.95352,79.258681,1531.0,16.93,1593.0,20.7,34.0,45.3,40.2,35.8,16.4,0.164,Grassland,281.2,Uttarakhand,Chamoli,Syalde,Rock,2011,1500–2000 m,10–20°,1500–2000 mm,100–500 m,2010s,4,2,2,4
21124,29.956183,79.342251,1436.0,35.44,1529.0,21.9,33.3,44.8,39.5,34.6,15.5,0.155,Tree cover,9.5,Uttarakhand,Almora,Chaukhutiya,Debris,2015,1000–1500 m,30–40°,1500–2000 mm,0–10 m,2010s,3,4,2,1
21125,29.956264,79.195922,1624.0,42.44,1575.0,20.3,31.1,48.6,39.9,36.3,15.6,0.156,Grassland,195.7,Uttarakhand,Almora,Thailisain,Debris,2009,1500–2000 m,40–50°,1500–2000 mm,100–500 m,2000s,4,5,2,4
21134,29.95806,80.60083,1122.0,9.65,1852.0,21.5,36.8,41.8,37.6,33.9,14.0,0.14,Grassland,3.2,Uttarakhand,Pithoragarh,Dharchula,Rock,2013,1000–1500 m,0–10°,1500–2000 mm,0–10 m,2010s,3,1,2,1
21138,29.95833,80.30472,1029.0,40.31,1759.0,22.3,33.8,43.9,38.0,34.2,13.5,0.135,Tree cover,27.6,Uttarakhand,Pithoragarh,Bangapani,Soil,2013,1000–1500 m,40–50°,1500–2000 mm,10–50 m,2010s,3,5,2,2
21144,29.959381,79.074699,1960.0,26.98,1855.0,24.0,36.6,39.4,39.0,34.5,16.1,0.161,Grassland,171.4,Uttarakhand,Almora,Bironkhal,Rock,2012,1500–2000 m,20–30°,1500–2000 mm,100–500 m,2010s,4,3,2,4
21148,29.959707,79.184362,1562.0,28.67,1701.0,22.6,34.7,42.8,39.9,35.1,15.8,0.158,Grassland,14.9,Uttarakhand,Almora,Thailisain,Debris,2012,1500–2000 m,20–30°,1500–2000 mm,10–50 m,2010s,4,3,2,2
21149,29.959768,79.678717,1337.0,35.64,1642.0,22.5,30.5,47.0,38.5,35.3,15.1,0.151,Grassland,125.5,Uttarakhand,Bageshwar,Garud,Rock,2018,1000–1500 m,30–40°,1500–2000 mm,100–500 m,2010s,3,4,2,4
21150,29.959889,79.629417,1391.0,16.03,1594.0,23.4,32.7,43.9,39.4,34.0,15.9,0.159,Tree cover,17.0,Uttarakhand,Bageshwar,Garud,Debris,2018,1000–1500 m,10–20°,1500–2000 mm,10–50 m,2010s,3,2,2,2
21151,29.959909,79.183652,1556.0,43.06,1701.0,22.6,34.7,42.8,39.9,35.1,15.8,0.158,Tree cover,7.2,Uttarakhand,Almora,Thailisain,Rock,2012,1500–2000 m,40–50°,1500–2000 mm,0–10 m,2010s,4,5,2,1
21154,29.96,80.6,1146.0,31.55,1795.0,21.6,37.0,41.4,38.0,34.7,14.6,0.146,Tree cover,37.2,Uttarakhand,Pithoragarh,Dharchula,Debris,2014,1000–1500 m,30–40°,1500–2000 mm,10–50 m,2010s,3,4,2,2
21153,29.96,80.61,1205.0,52.36,1820.0,20.1,36.8,43.1,38.3,35.0,15.5,0.155,Grassland,35.2,Uttarakhand,Pithoragarh,Dharchula,Rock,2004,1000–1500 m,>50°,1500–2000 mm,10–50 m,2000s,3,6,2,2
21156,29.960518,79.18622,1701.0,46.31,1701.0,21.2,34.2,44.7,40.1,35.6,16.5,0.165,Grassland,211.6,Uttarakhand,Pauri Garhwal,Thailisain,Rock,2012,1500–2000 m,40–50°,1500–2000 mm,100–500 m,2010s,4,5,2,4
21157,29.960722,79.710583,1357.0,38.35,1686.0,22.3,29.9,47.8,38.5,35.1,15.4,0.154,Grassland,228.4,Uttarakhand,Bageshwar,Garud,Debris,2018,1000–1500 m,30–40°,1500–2000 mm,100–500 m,2010s,3,4,2,4
21162,29.961947,79.668388,1493.0,37.8,1650.0,22.2,31.2,46.6,39.5,33.9,15.9,0.159,Tree cover,16.2,Uttarakhand,Bageshwar,Garud,Rock,2014,1000–1500 m,30–40°,1500–2000 mm,10–50 m,2010s,3,4,2,2
21163,29.962236,79.194619,1760.0,43.68,1624.0,21.3,33.5,45.2,40.1,35.6,16.5,0.165,Grassland,14.5,Uttarakhand,Almora,Thailisain,Rock,2005,1500–2000 m,40–50°,1500–2000 mm,10–50 m,2000s,4,5,2,2
21165,29.962639,79.981333,1982.0,32.12,1854.0,23.9,34.4,41.7,39.3,34.8,16.4,0.164,Grassland,103.1,Uttarakhand,Bageshwar,Kapkot,Rock,2011,1500–2000 m,30–40°,1500–2000 mm,100–500 m,2010s,4,4,2,4
21166,29.962776,79.707891,1363.0,8.75,1675.0,21.9,29.6,48.5,38.5,35.1,15.4,0.154,Grassland,438.6,Uttarakhand,Bageshwar,Garud,Debris,2018,1000–1500 m,0–10°,1500–2000 mm,100–500 m,2010s,3,1,2,4
21169,29.963028,79.672056,1441.0,33.85,1650.0,22.7,30.6,46.7,39.5,33.9,15.9,0.159,Tree cover,16.6,Uttarakhand,Bageshwar,Garud,Rock,2018,1000–1500 m,30–40°,1500–2000 mm,10–50 m,2010s,3,4,2,2
21170,29.963064,79.937787,1567.0,29.84,1817.0,23.1,34.1,42.9,39.4,33.6,15.3,0.153,Bare / sparse vegetation,80.2,Uttarakhand,Bageshwar,Kapkot,Rock,2012,1500–2000 m,20–30°,1500–2000 mm,50–100 m,2010s,4,3,2,3
21181,29.965389,79.959111,1711.0,22.45,1835.0,22.3,33.2,44.5,39.5,33.8,16.3,0.163,Tree cover,11.5,Uttarakhand,Bageshwar,Kapkot,Rock,2012,1500–2000 m,20–30°,1500–2000 mm,10–50 m,2010s,4,3,2,2
21183,29.965785,79.33716,1513.0,34.83,1486.0,23.4,31.5,45.1,39.3,35.0,15.5,0.155,Tree cover,5.5,Uttarakhand,Almora,Chaukhutiya,Rock,2012,1500–2000 m,30–40°,<1500 mm,0–10 m,2010s,4,4,1,1
21187,29.967675,79.173695,1415.0,39.61,1475.0,20.6,35.1,44.2,39.6,35.0,15.2,0.152,Tree cover,15.4,Uttarakhand,Almora,Thailisain,Rock,2012,1000–1500 m,30–40°,<1500 mm,10–50 m,2010s,3,4,1,2
21189,29.968277,79.248718,1953.0,19.1,1814.0,23.3,33.6,43.0,40.2,36.2,16.0,0.16,Tree cover,6.9,Uttarakhand,Chamoli,Gairsain,Rock,2014,1500–2000 m,10–20°,1500–2000 mm,0–10 m,2010s,4,2,2,1
21190,29.968646,79.064118,1920.0,29.1,1936.0,22.3,37.3,40.4,39.8,34.5,17.3,0.173,Grassland,19.6,Uttarakhand,Pauri Garhwal,Bironkhal,Rock,2011,1500–2000 m,20–30°,1500–2000 mm,10–50 m,2010s,4,3,2,2
21196,29.969243,79.173881,1404.0,24.45,1475.0,20.9,35.3,43.8,40.3,35.6,15.6,0.156,Grassland,14.4,Uttarakhand,Almora,Thailisain,Rock,2012,1000–1500 m,20–30°,<1500 mm,10–50 m,2010s,3,3,1,2
21197,29.969425,79.200408,1801.0,32.21,1836.0,20.5,34.9,44.6,39.6,34.9,17.0,0.17,Tree cover,11.9,Uttarakhand,Almora,Thailisain,Debris,2005,1500–2000 m,30–40°,1500–2000 mm,10–50 m,2000s,4,4,2,2
21198,29.969474,79.235886,1867.0,28.43,1794.0,23.7,34.1,42.2,39.9,35.1,17.4,0.174,Grassland,11.6,Uttarakhand,Chamoli,Syalde,Debris,2016,1500–2000 m,20–30°,1500–2000 mm,10–50 m,2010s,4,3,2,2
21201,29.969721,79.066434,1900.0,35.71,1936.0,22.5,35.6,41.9,39.5,34.7,16.5,0.165,Grassland,9.5,Uttarakhand,Pauri Garhwal,Bironkhal,Rock,2011,1500–2000 m,30–40°,1500–2000 mm,0–10 m,2010s,4,4,2,1
21202,29.969936,79.703896,1490.0,37.07,1711.0,24.1,29.8,46.0,39.3,33.8,15.7,0.157,Grassland,1320.3,Uttarakhand,Bageshwar,Garud,Rock,2018,1000–1500 m,30–40°,1500–2000 mm,>1000 m,2010s,3,4,2,6
21203,29.97,80.6,1246.0,42.98,1859.0,19.7,38.7,41.7,38.2,33.6,15.5,0.155,Grassland,174.8,Uttarakhand,Pithoragarh,Dharchula,Debris,2018,1000–1500 m,40–50°,1500–2000 mm,100–500 m,2010s,3,5,2,4
21205,29.97,80.68,1691.0,27.17,1819.0,20.1,39.6,40.3,39.3,36.0,15.5,0.155,Tree cover,302.7,Uttarakhand,Pithoragarh,Dharchula,Rock,2018,1500–2000 m,20–30°,1500–2000 mm,100–500 m,2010s,4,3,2,4
21210,29.970201,79.232356,1842.0,31.29,1815.0,24.2,34.4,41.4,39.9,35.1,17.4,0.174,Grassland,8.5,Uttarakhand,Chamoli,Syalde,Debris,2016,1500–2000 m,30–40°,1500–2000 mm,0–10 m,2010s,4,4,2,1
21211,29.970268,79.23115,1854.0,30.96,1815.0,24.2,34.7,41.2,40.4,35.4,17.7,0.177,Grassland,17.7,Uttarakhand,Chamoli,Syalde,Rock,2016,1500–2000 m,30–40°,1500–2000 mm,10–50 m,2010s,4,4,2,2
21213,29.970365,79.333957,1533.0,23.5,1643.0,24.0,31.6,44.4,39.2,34.3,15.3,0.153,Grassland,8.5,Uttarakhand,Almora,Chaukhutiya,Rock,2014,1500–2000 m,20–30°,1500–2000 mm,0–10 m,2010s,4,3,2,1
21217,29.97143,79.068181,1879.0,34.95,1893.0,23.5,35.6,40.8,39.5,34.7,16.5,0.165,Grassland,1.3,Uttarakhand,Pauri Garhwal,Thailisain,Rock,2012,1500–2000 m,30–40°,1500–2000 mm,0–10 m,2010s,4,4,2,1
21219,29.97242,79.06727,1895.0,25.09,1893.0,22.9,36.0,41.1,39.5,34.7,16.5,0.165,Grassland,0.3,Uttarakhand,Pauri Garhwal,Thailisain,Rock,2011,1500–2000 m,20–30°,1500–2000 mm,0–10 m,2010s,4,3,2,1
21221,29.97273,79.053429,1930.0,32.37,1892.0,23.7,35.6,40.7,39.2,35.6,17.0,0.17,Grassland,6.1,Uttarakhand,Pauri Garhwal,Thailisain,Rock,2013,1500–2000 m,30–40°,1500–2000 mm,0–10 m,2010s,4,4,2,1
21226,29.975953,79.048776,1870.0,35.93,1771.0,22.7,35.3,42.0,39.2,35.6,17.0,0.17,Grassland,16.5,Uttarakhand,Pauri Garhwal,Thailisain,Debris,2011,1500–2000 m,30–40°,1500–2000 mm,10–50 m,2010s,4,4,2,2
21230,29.977037,79.412888,1331.0,45.54,1475.0,22.3,34.6,43.1,39.7,35.1,16.1,0.161,Grassland,305.2,Uttarakhand,Chamoli,Gairsain,Rock,2012,1000–1500 m,40–50°,<1500 mm,100–500 m,2010s,3,5,1,4
21232,29.977449,79.265359,1612.0,32.33,1572.0,22.3,33.1,44.6,40.3,34.9,16.0,0.16,Grassland,30.3,Uttarakhand,Chamoli,Gairsain,Rock,2014,1500–2000 m,30–40°,1500–2000 mm,10–50 m,2010s,4,4,2,2
21233,29.977511,79.601111,1522.0,14.21,1670.0,23.9,30.5,45.6,39.2,34.9,15.9,0.159,Tree cover,12.9,Uttarakhand,Bageshwar,Garud,Debris,2016,1500–2000 m,10–20°,1500–2000 mm,10–50 m,2010s,4,2,2,2
21235,29.977862,79.019504,1456.0,31.33,1568.0,23.1,34.9,42.0,39.0,36.5,16.0,0.16,Built-up,1.9,Uttarakhand,Pauri Garhwal,Thailisain,Rock,2011,1000–1500 m,30–40°,1500–2000 mm,0–10 m,2010s,3,4,2,1
21238,29.978565,79.02029,1499.0,42.03,1568.0,23.1,34.9,42.0,39.0,36.5,16.0,0.16,Tree cover,31.3,Uttarakhand,Pauri Garhwal,Thailisain,Rock,2011,1000–1500 m,40–50°,1500–2000 mm,10–50 m,2010s,3,5,2,2
21245,29.98,80.69,1588.0,16.49,1849.0,21.1,37.6,41.3,38.7,36.0,15.3,0.153,Bare / sparse vegetation,74.7,Uttarakhand,Pithoragarh,Dharchula,Rock,2014,1500–2000 m,10–20°,1500–2000 mm,50–100 m,2010s,4,2,2,3
21247,29.98,80.58,1342.0,38.98,1835.0,21.1,36.5,42.4,38.5,35.7,15.6,0.156,Bare / sparse vegetation,188.2,Uttarakhand,Pithoragarh,Dharchula,Debris,2014,1000–1500 m,30–40°,1500–2000 mm,100–500 m,2010s,3,4,2,4
21249,29.98,80.65,2791.0,29.63,1558.0,18.9,40.0,41.0,40.4,37.0,16.4,0.164,Grassland,391.5,Uttarakhand,Pithoragarh,Dharchula,Rock,2018,2000–3000 m,20–30°,1500–2000 mm,100–500 m,2010s,5,3,2,4
21246,29.98,80.63,2351.0,24.93,1666.0,16.3,44.4,39.3,39.7,35.5,16.1,0.161,Tree cover,161.9,Uttarakhand,Pithoragarh,Dharchula,Rock,2019,2000–3000 m,20–30°,1500–2000 mm,100–500 m,2010s,5,3,2,4
21248,29.98,80.61,2289.0,31.38,1696.0,23.7,39.4,36.9,40.2,37.2,16.9,0.169,Grassland,303.9,Uttarakhand,Pithoragarh,Dharchula,Rock,2019,2000–3000 m,30–40°,1500–2000 mm,100–500 m,2010s,5,4,2,4
21254,29.980037,79.046357,1811.0,29.35,1771.0,23.2,35.1,41.6,39.5,35.3,16.1,0.161,Grassland,19.0,Uttarakhand,Pauri Garhwal,Thailisain,Rock,2011,1500–2000 m,20–30°,1500–2000 mm,10–50 m,2010s,4,3,2,2
21262,29.982199,79.445041,1688.0,41.99,1669.0,23.9,32.1,44.0,39.5,33.9,15.3,0.153,Grassland,12.1,Uttarakhand,Chamoli,Gairsain,Debris,2006,1500–2000 m,40–50°,1500–2000 mm,10–50 m,2000s,4,5,2,2
21267,29.983058,79.970417,1295.0,23.43,1794.0,22.5,32.2,45.3,38.9,33.7,15.9,0.159,Tree cover,4.1,Uttarakhand,Bageshwar,Kapkot,Rock,2013,1000–1500 m,20–30°,1500–2000 mm,0–10 m,2010s,3,3,2,1
21268,29.983339,79.999775,1527.0,38.77,1809.0,22.6,34.5,42.9,39.4,34.1,15.1,0.151,Tree cover,124.8,Uttarakhand,Bageshwar,Kapkot,Rock,2012,1500–2000 m,30–40°,1500–2000 mm,100–500 m,2010s,4,4,2,4
21275,29.984682,79.982738,1402.0,41.42,1813.0,22.4,31.0,46.6,39.1,33.6,16.3,0.163,Grassland,336.8,Uttarakhand,Bageshwar,Kapkot,Rock,2012,1000–1500 m,40–50°,1500–2000 mm,100–500 m,2010s,3,5,2,4
21281,29.984972,79.58875,1558.0,22.3,1672.0,24.9,32.0,43.0,39.8,34.3,15.6,0.156,Grassland,2.9,Uttarakhand,Bageshwar,Garud,Debris,2018,1500–2000 m,20–30°,1500–2000 mm,0–10 m,2010s,4,3,2,1
21288,29.986058,79.405289,1477.0,33.95,1577.0,22.0,32.5,45.6,39.9,35.6,18.1,0.181,Grassland,1373.9,Uttarakhand,Chamoli,Gairsain,Rock,2012,1000–1500 m,30–40°,1500–2000 mm,>1000 m,2010s,3,4,2,6
21294,29.986805,79.086793,1891.0,34.64,1891.0,22.5,33.9,43.5,39.3,35.1,16.8,0.168,Tree cover,6.3,Uttarakhand,Almora,Thailisain,Rock,2012,1500–2000 m,30–40°,1500–2000 mm,0–10 m,2010s,4,4,2,1
21297,29.987046,79.094332,2158.0,38.77,1984.0,24.4,33.5,42.1,39.3,35.1,16.8,0.168,Tree cover,6.3,Uttarakhand,Almora,Thailisain,Rock,2012,2000–3000 m,30–40°,1500–2000 mm,0–10 m,2010s,5,4,2,1
21300,29.98764,79.584358,1632.0,20.83,1672.0,23.1,31.6,45.3,39.4,35.1,16.1,0.161,Grassland,7.9,Uttarakhand,Bageshwar,Garud,Rock,2015,1500–2000 m,20–30°,1500–2000 mm,0–10 m,2010s,4,3,2,1
21302,29.987778,79.953889,1325.0,7.95,1739.0,23.2,31.7,45.1,39.9,33.4,15.7,0.157,Cropland,294.7,Uttarakhand,Bageshwar,Kapkot,Rock,2013,1000–1500 m,0–10°,1500–2000 mm,100–500 m,2010s,3,1,2,4
21304,29.988029,79.944172,1269.0,28.78,1739.0,23.4,33.1,43.5,39.0,34.0,15.2,0.152,Grassland,3.7,Uttarakhand,Bageshwar,Kapkot,Rock,2013,1000–1500 m,20–30°,1500–2000 mm,0–10 m,2010s,3,3,2,1
21317,29.989806,79.922194,1177.0,38.26,1730.0,23.4,33.3,43.3,37.8,34.9,14.8,0.148,Grassland,58.9,Uttarakhand,Bageshwar,Kapkot,Rock,2013,1000–1500 m,30–40°,1500–2000 mm,50–100 m,2010s,3,4,2,3
21324,29.99,80.71,1495.0,21.11,1817.0,22.7,38.0,39.2,38.7,36.8,15.8,0.158,Tree cover,120.1,Uttarakhand,Pithoragarh,Dharchula,Rock,2014,1000–1500 m,20–30°,1500–2000 mm,100–500 m,2010s,3,3,2,4
21325,29.990039,79.941115,1232.0,33.23,1769.0,23.2,33.2,43.6,39.0,34.0,15.2,0.152,Tree cover,133.4,Uttarakhand,Bageshwar,Kapkot,Rock,2012,1000–1500 m,30–40°,1500–2000 mm,100–500 m,2010s,3,4,2,4
21331,29.990814,79.042456,1725.0,31.39,1823.0,22.6,34.2,43.3,39.5,36.2,14.9,0.149,Tree cover,20.0,Uttarakhand,Pauri Garhwal,Thailisain,Rock,2016,1500–2000 m,30–40°,1500–2000 mm,10–50 m,2010s,4,4,2,2
21338,29.991667,79.906111,1315.0,56.43,1724.0,23.3,33.1,43.6,37.7,35.4,14.4,0.144,Tree cover,197.8,Uttarakhand,Bageshwar,Kapkot,Rock,2012,1000–1500 m,>50°,1500–2000 mm,100–500 m,2010s,3,6,2,4
21339,29.991667,79.944444,1359.0,30.65,1828.0,22.5,32.2,45.3,39.0,34.0,15.2,0.152,Tree cover,388.4,Uttarakhand,Bageshwar,Kapkot,Rock,2012,1000–1500 m,30–40°,1500–2000 mm,100–500 m,2010s,3,4,2,4
21346,29.992779,79.087287,2079.0,24.98,1908.0,21.9,34.9,43.2,39.3,35.9,16.2,0.162,Grassland,2.4,Uttarakhand,Almora,Thailisain,Rock,2011,2000–3000 m,20–30°,1500–2000 mm,0–10 m,2010s,5,3,2,1
21349,29.993086,79.046379,1696.0,36.7,1748.0,22.9,34.9,42.2,39.4,34.8,16.0,0.16,Tree cover,0.9,Uttarakhand,Pauri Garhwal,Thailisain,Rock,2012,1500–2000 m,30–40°,1500–2000 mm,0–10 m,2010s,4,4,2,1
21351,29.993278,79.566667,1817.0,16.3,1753.0,27.0,33.3,39.7,39.8,35.0,16.5,0.165,Tree cover,16.8,Uttarakhand,Bageshwar,Garud,Rock,2018,1500–2000 m,10–20°,1500–2000 mm,10–50 m,2010s,4,2,2,2
21352,29.993333,79.943889,1481.0,33.12,1828.0,22.6,32.2,45.2,39.0,34.0,15.2,0.152,Tree cover,544.7,Uttarakhand,Bageshwar,Kapkot,Rock,2013,1000–1500 m,30–40°,1500–2000 mm,500–1000 m,2010s,3,4,2,5
21355,29.993423,79.075287,1926.0,35.04,1804.0,25.0,33.7,41.4,39.2,35.7,16.8,0.168,Tree cover,10.9,Uttarakhand,Almora,Thailisain,Rock,2012,1500–2000 m,30–40°,1500–2000 mm,10–50 m,2010s,4,4,2,2
21361,29.993556,79.919056,1408.0,34.93,1708.0,22.6,33.2,44.2,37.8,34.9,14.8,0.148,Tree cover,402.5,Uttarakhand,Bageshwar,Kapkot,Rock,2012,1000–1500 m,30–40°,1500–2000 mm,100–500 m,2010s,3,4,2,4
21362,29.993833,79.075591,1930.0,32.08,1804.0,25.0,33.7,41.4,39.2,35.7,16.8,0.168,Grassland,6.7,Uttarakhand,Almora,Thailisain,Rock,2012,1500–2000 m,30–40°,1500–2000 mm,0–10 m,2010s,4,4,2,1
21368,29.994459,79.461084,1942.0,40.74,1734.0,22.9,34.8,42.3,39.7,34.9,16.4,0.164,Tree cover,1486.3,Uttarakhand,Chamoli,Gairsain,Rock,2014,1500–2000 m,40–50°,1500–2000 mm,>1000 m,2010s,4,5,2,6
21369,29.994969,79.909515,1264.0,40.09,1698.0,23.4,33.4,43.3,38.8,35.3,15.5,0.155,Bare / sparse vegetation,161.3,Uttarakhand,Bageshwar,Kapkot,Rock,2012,1000–1500 m,40–50°,1500–2000 mm,100–500 m,2010s,3,5,2,4
21370,29.995494,79.565371,1862.0,33.22,1805.0,27.1,31.8,41.1,39.6,35.0,16.3,0.163,Built-up,12.9,Uttarakhand,Bageshwar,Garud,Rock,2015,1500–2000 m,30–40°,1500–2000 mm,10–50 m,2010s,4,4,2,2
21373,29.9961,79.453562,1658.0,50.26,1684.0,25.0,30.1,44.9,39.0,35.9,17.0,0.17,Grassland,1173.9,Uttarakhand,Chamoli,Gairsain,Debris,2014,1500–2000 m,>50°,1500–2000 mm,>1000 m,2010s,4,6,2,6
21376,29.996708,79.565403,1877.0,34.48,1805.0,27.1,31.8,41.1,39.6,35.0,16.3,0.163,Grassland,7.8,Uttarakhand,Bageshwar,Garud,Rock,2018,1500–2000 m,30–40°,1500–2000 mm,0–10 m,2010s,4,4,2,1
21382,29.997256,79.915396,1185.0,25.35,1698.0,23.5,33.0,43.5,38.8,35.3,15.5,0.155,Tree cover,46.7,Uttarakhand,Bageshwar,Kapkot,Rock,2012,1000–1500 m,20–30°,1500–2000 mm,10–50 m,2010s,3,3,2,2
21384,29.997274,79.03447,1509.0,24.48,1549.0,22.3,34.9,42.8,40.4,36.0,16.0,0.16,Grassland,17.2,Uttarakhand,Pauri Garhwal,Thailisain,Rock,2011,1500–2000 m,20–30°,1500–2000 mm,10–50 m,2010s,4,3,2,2
21386,29.997805,79.564873,1867.0,34.79,1805.0,27.3,31.5,41.2,39.6,35.0,16.3,0.163,Grassland,13.5,Uttarakhand,Bageshwar,Garud,Rock,2018,1500–2000 m,30–40°,1500–2000 mm,10–50 m,2010s,4,4,2,2
21387,29.99781,79.038722,1584.0,24.96,1549.0,22.5,35.8,41.8,39.4,36.0,15.1,0.151,Tree cover,14.2,Uttarakhand,Pauri Garhwal,Thailisain,Rock,2013,1500–2000 m,20–30°,1500–2000 mm,10–50 m,2010s,4,3,2,2
21393,29.998599,79.571332,1867.0,36.45,1753.0,27.5,32.0,40.5,39.9,35.2,16.9,0.169,Built-up,8.0,Uttarakhand,Bageshwar,Garud,Rock,2013,1500–2000 m,30–40°,1500–2000 mm,0–10 m,2010s,4,4,2,1
21394,29.998605,79.564829,1883.0,35.77,1805.0,25.8,33.7,40.4,39.6,35.0,16.3,0.163,Built-up,5.6,Uttarakhand,Bageshwar,Garud,Rock,2018,1500–2000 m,30–40°,1500–2000 mm,0–10 m,2010s,4,4,2,1
21400,29.999339,79.564301,1869.0,22.34,1805.0,26.6,33.2,40.2,39.6,35.0,16.3,0.163,Built-up,5.8,Uttarakhand,Bageshwar,Garud,Rock,2014,1500–2000 m,20–30°,1500–2000 mm,0–10 m,2010s,4,3,2,1
21410,30.0,80.57,1712.0,31.65,1850.0,21.2,37.7,41.1,38.7,35.6,15.9,0.159,Tree cover,90.3,Uttarakhand,Pithoragarh,Dharchula,Debris,2004,1500–2000 m,30–40°,1500–2000 mm,50–100 m,2000s,4,4,2,3
21408,30.0,80.73,1570.0,23.87,1800.0,22.9,38.7,38.5,38.1,35.7,16.6,0.166,Bare / sparse vegetation,157.2,Uttarakhand,Pithoragarh,,Debris,2014,1500–2000 m,20–30°,1500–2000 mm,100–500 m,2010s,4,3,2,4
21409,30.0,80.72,1546.0,25.94,1812.0,23.5,38.5,37.9,38.1,35.7,16.6,0.166,Tree cover,129.5,Uttarakhand,Pithoragarh,,Rock,2014,1500–2000 m,20–30°,1500–2000 mm,100–500 m,2010s,4,3,2,4
21404,30.0,79.0,1784.0,31.7,1883.0,22.7,35.2,42.0,38.8,35.6,16.6,0.166,Tree cover,2062.9,Uttarakhand,Garhwal,Thailisain,Debris,2013,1500–2000 m,30–40°,1500–2000 mm,>1000 m,2010s,4,4,2,6
21411,30.0,80.56,1617.0,40.18,1854.0,23.0,39.2,37.8,38.5,36.9,14.9,0.149,Grassland,559.0,Uttarakhand,Pithoragarh,Dharchula,Debris,2014,1500–2000 m,40–50°,1500–2000 mm,500–1000 m,2010s,4,5,2,5
21415,30.000098,79.567559,1911.0,21.06,1796.0,27.5,31.3,41.3,39.6,35.0,16.3,0.163,Grassland,6.4,Uttarakhand,Bageshwar,Garud,Debris,2018,1500–2000 m,20–30°,1500–2000 mm,0–10 m,2010s,4,3,2,1
21416,30.000678,80.140338,1689.0,15.79,1836.0,21.2,34.1,44.7,37.8,34.9,14.6,0.146,Tree cover,0.4,Uttarakhand,Pithoragarh,Tejam,Rock,2013,1500–2000 m,10–20°,1500–2000 mm,0–10 m,2010s,4,2,2,1
21417,30.000972,79.568,1919.0,20.91,1796.0,27.5,31.3,41.3,39.6,35.0,16.3,0.163,Built-up,5.5,Uttarakhand,Bageshwar,Garud,Debris,2018,1500–2000 m,20–30°,1500–2000 mm,0–10 m,2010s,4,3,2,1
21420,30.001844,79.099003,1909.0,32.4,1849.0,24.1,35.4,40.4,39.8,35.5,16.5,0.165,Built-up,1.7,Uttarakhand,Pauri Garhwal,Thailisain,Debris,2018,1500–2000 m,30–40°,1500–2000 mm,0–10 m,2010s,4,4,2,1
21423,30.001999,80.147691,1365.0,33.05,1799.0,20.5,34.2,45.3,37.8,34.9,14.6,0.146,Grassland,15.9,Uttarakhand,Pithoragarh,Tejam,Rock,2014,1000–1500 m,30–40°,1500–2000 mm,10–50 m,2010s,3,4,2,2
21426,30.002475,80.143394,1589.0,41.16,1799.0,20.3,34.2,45.5,37.8,34.9,14.6,0.146,Built-up,8.5,Uttarakhand,Pithoragarh,Tejam,Rock,2013,1500–2000 m,40–50°,1500–2000 mm,0–10 m,2010s,4,5,2,1
21428,30.00309,79.885146,1298.0,30.8,1747.0,21.3,34.8,43.9,38.6,35.5,14.7,0.147,Built-up,3.9,Uttarakhand,Bageshwar,Kapkot,Rock,2013,1000–1500 m,30–40°,1500–2000 mm,0–10 m,2010s,3,4,2,1
21429,30.003122,79.887382,1286.0,32.07,1747.0,21.3,34.7,44.0,38.6,35.5,14.7,0.147,Built-up,4.9,Uttarakhand,Bageshwar,Kapkot,Rock,2013,1000–1500 m,30–40°,1500–2000 mm,0–10 m,2010s,3,4,2,1
21430,30.003242,80.145747,1405.0,13.61,1799.0,20.5,34.4,45.0,37.8,34.9,14.6,0.146,Grassland,5.7,Uttarakhand,Pithoragarh,Tejam,Debris,2012,1000–1500 m,10–20°,1500–2000 mm,0–10 m,2010s,3,2,2,1
21431,30.003333,79.881667,1325.0,35.43,1734.0,22.1,34.9,43.0,38.6,35.5,14.7,0.147,Tree cover,9.8,Uttarakhand,Bageshwar,Kapkot,Rock,2014,1000–1500 m,30–40°,1500–2000 mm,0–10 m,2010s,3,4,2,1
21432,30.003376,79.880055,1331.0,34.32,1734.0,22.1,34.9,43.1,38.7,35.9,16.2,0.162,Tree cover,4.0,Uttarakhand,Bageshwar,Kapkot,Rock,2014,1000–1500 m,30–40°,1500–2000 mm,0–10 m,2010s,3,4,2,1
21433,30.003422,79.883784,1297.0,26.84,1747.0,22.1,34.9,43.0,38.6,35.5,14.7,0.147,Grassland,2.5,Uttarakhand,Bageshwar,Kapkot,Rock,2014,1000–1500 m,20–30°,1500–2000 mm,0–10 m,2010s,3,3,2,1
21435,30.003584,80.140058,1734.0,30.39,1836.0,20.5,34.2,45.2,39.6,35.1,14.5,0.145,Tree cover,12.3,Uttarakhand,Pithoragarh,Tejam,Rock,2013,1500–2000 m,30–40°,1500–2000 mm,10–50 m,2010s,4,4,2,2
21437,30.003957,80.152498,1398.0,32.7,1814.0,20.4,35.3,44.3,39.0,34.6,14.7,0.147,Tree cover,289.2,Uttarakhand,Pithoragarh,Tejam,Rock,2016,1000–1500 m,30–40°,1500–2000 mm,100–500 m,2010s,3,4,2,4
21440,30.004775,79.878425,1346.0,39.57,1734.0,23.0,32.1,44.8,38.9,35.0,16.1,0.161,Tree cover,19.6,Uttarakhand,Bageshwar,Kapkot,Rock,2014,1000–1500 m,30–40°,1500–2000 mm,10–50 m,2010s,3,4,2,2
21441,30.004863,80.128141,1927.0,23.8,1847.0,23.5,40.7,35.8,39.0,35.6,15.3,0.153,Bare / sparse vegetation,419.0,Uttarakhand,Pithoragarh,Tejam,Rock,2013,1500–2000 m,20–30°,1500–2000 mm,100–500 m,2010s,4,3,2,4
21443,30.005079,80.138035,1722.0,30.02,1836.0,19.7,34.6,45.6,38.3,35.0,16.8,0.168,Tree cover,3.8,Uttarakhand,Pithoragarh,Tejam,Rock,2013,1500–2000 m,30–40°,1500–2000 mm,0–10 m,2010s,4,4,2,1
21445,30.005778,80.136022,1732.0,28.15,1836.0,20.4,34.2,45.4,38.3,35.0,16.8,0.168,Tree cover,12.6,Uttarakhand,Pithoragarh,Tejam,Debris,2013,1500–2000 m,20–30°,1500–2000 mm,10–50 m,2010s,4,3,2,2
21446,30.005819,80.182306,2285.0,36.99,1839.0,21.4,43.5,35.1,39.2,35.9,15.9,0.159,Tree cover,1587.1,Uttarakhand,Pithoragarh,Bangapani,Rock,2016,2000–3000 m,30–40°,1500–2000 mm,>1000 m,2010s,5,4,2,6
21448,30.006782,79.872573,1595.0,40.67,1793.0,22.9,32.0,45.2,39.2,35.0,16.6,0.166,Grassland,362.7,Uttarakhand,Bageshwar,Kapkot,Rock,2016,1500–2000 m,40–50°,1500–2000 mm,100–500 m,2010s,4,5,2,4
21452,30.007873,80.038238,1939.0,32.97,1851.0,22.7,35.2,42.0,39.3,35.7,15.7,0.157,Tree cover,14.6,Uttarakhand,Bageshwar,Shama,Rock,2013,1500–2000 m,30–40°,1500–2000 mm,10–50 m,2010s,4,4,2,2
21453,30.00804,80.078535,1481.0,51.1,1823.0,22.9,38.6,38.5,38.2,34.7,16.0,0.16,Built-up,9.1,Uttarakhand,Pithoragarh,Tejam,Rock,2013,1000–1500 m,>50°,1500–2000 mm,0–10 m,2010s,3,6,2,1
21455,30.008622,79.876366,1388.0,47.99,1779.0,22.3,32.2,45.5,38.9,35.0,16.1,0.161,Grassland,8.7,Uttarakhand,Bageshwar,Kapkot,Rock,2016,1000–1500 m,40–50°,1500–2000 mm,0–10 m,2010s,3,5,2,1
21456,30.008669,80.174137,1880.0,48.36,1845.0,23.8,40.8,35.4,39.1,35.3,14.9,0.149,Grassland,1157.3,Uttarakhand,Pithoragarh,Bangapani,Debris,2011,1500–2000 m,40–50°,1500–2000 mm,>1000 m,2010s,4,5,2,6
21458,30.00917,80.32028,1199.0,39.2,1744.0,21.2,33.6,45.3,38.1,34.5,14.3,0.143,Tree cover,108.3,Uttarakhand,Pithoragarh,Bangapani,Debris,2013,1000–1500 m,30–40°,1500–2000 mm,100–500 m,2010s,3,4,2,4
21462,30.009959,79.582735,1961.0,43.86,1727.0,23.5,35.0,41.5,39.2,34.4,15.5,0.155,Grassland,13.2,Uttarakhand,Bageshwar,Tharali,Rock,2014,1500–2000 m,40–50°,1500–2000 mm,10–50 m,2010s,4,5,2,2
21463,30.01,80.57,1626.0,53.21,1850.0,21.2,37.0,41.8,38.2,35.5,16.2,0.162,Grassland,28.0,Uttarakhand,Pithoragarh,Dharchula,Debris,2014,1500–2000 m,>50°,1500–2000 mm,10–50 m,2010s,4,6,2,2
21466,30.01016,80.080263,1473.0,33.67,1821.0,22.5,38.7,38.9,38.2,34.7,16.0,0.16,Bare / sparse vegetation,17.1,Uttarakhand,Pithoragarh,Tejam,Rock,2018,1000–1500 m,30–40°,1500–2000 mm,10–50 m,2010s,3,4,2,2
21467,30.010466,80.178885,2210.0,25.08,1838.0,24.5,41.8,33.7,39.2,35.9,15.9,0.159,Grassland,987.5,Uttarakhand,Pithoragarh,Bangapani,Rock,2013,2000–3000 m,20–30°,1500–2000 mm,500–1000 m,2010s,5,3,2,5
21469,30.011448,79.874964,1409.0,31.72,1770.0,22.7,31.6,45.7,38.9,35.0,16.1,0.161,Tree cover,0.1,Uttarakhand,Bageshwar,Kapkot,Rock,2016,1000–1500 m,30–40°,1500–2000 mm,0–10 m,2010s,3,4,2,1
21471,30.011826,80.082283,1465.0,38.79,1821.0,22.3,38.7,39.0,38.2,34.7,16.0,0.16,Tree cover,14.6,Uttarakhand,Pithoragarh,Tejam,Rock,2018,1000–1500 m,30–40°,1500–2000 mm,10–50 m,2010s,3,4,2,2
21474,30.012381,80.179194,2171.0,29.45,1838.0,24.0,41.3,34.8,39.2,35.9,15.9,0.159,Tree cover,797.4,Uttarakhand,Pithoragarh,Bangapani,Rock,2013,2000–3000 m,20–30°,1500–2000 mm,500–1000 m,2010s,5,3,2,5
21475,30.01296,79.875795,1428.0,47.53,1779.0,21.4,32.6,46.0,39.3,35.2,15.2,0.152,Tree cover,1.9,Uttarakhand,Bageshwar,Kapkot,Rock,2016,1000–1500 m,40–50°,1500–2000 mm,0–10 m,2010s,3,5,2,1
21476,30.013069,80.080804,1498.0,36.52,1821.0,22.4,37.1,40.5,38.8,35.3,15.7,0.157,Grassland,15.1,Uttarakhand,Pithoragarh,Tejam,Rock,2017,1000–1500 m,30–40°,1500–2000 mm,10–50 m,2010s,3,4,2,2
21477,30.013111,80.083853,1480.0,29.66,1837.0,22.6,37.2,40.3,38.7,34.4,15.7,0.157,Tree cover,16.1,Uttarakhand,Pithoragarh,Tejam,Rock,2018,1000–1500 m,20–30°,1500–2000 mm,10–50 m,2010s,3,3,2,2
21479,30.013318,80.079654,1507.0,34.89,1821.0,21.1,33.9,45.0,38.8,35.3,15.7,0.157,Bare / sparse vegetation,18.1,Uttarakhand,Pithoragarh,Tejam,Rock,2017,1500–2000 m,30–40°,1500–2000 mm,10–50 m,2010s,4,4,2,2
21480,30.013434,80.081127,1507.0,39.77,1821.0,22.4,37.1,40.5,38.8,35.3,15.7,0.157,Grassland,33.5,Uttarakhand,Pithoragarh,Tejam,Rock,2014,1500–2000 m,30–40°,1500–2000 mm,10–50 m,2010s,4,4,2,2
21484,30.014301,80.078292,1584.0,36.9,1821.0,21.2,33.7,45.1,38.8,35.3,15.7,0.157,Grassland,11.5,Uttarakhand,Pithoragarh,Tejam,Rock,2017,1500–2000 m,30–40°,1500–2000 mm,10–50 m,2010s,4,4,2,2
21485,30.014433,79.308226,1407.0,33.45,1502.0,21.7,33.9,44.3,39.0,34.0,16.1,0.161,Grassland,199.3,Uttarakhand,Chamoli,Gairsain,Rock,2017,1000–1500 m,30–40°,1500–2000 mm,100–500 m,2010s,3,4,2,4
21486,30.014702,80.073485,1388.0,41.88,1752.0,22.5,34.2,43.3,38.6,35.3,15.9,0.159,Grassland,264.0,Uttarakhand,Pithoragarh,Tejam,Debris,2014,1000–1500 m,40–50°,1500–2000 mm,100–500 m,2010s,3,5,2,4
21487,30.014722,79.876111,1418.0,40.42,1779.0,22.6,31.6,45.8,38.9,34.8,17.5,0.175,Tree cover,9.2,Uttarakhand,Bageshwar,Kapkot,Rock,2016,1000–1500 m,40–50°,1500–2000 mm,0–10 m,2010s,3,5,2,1
21489,30.014951,80.09204,1775.0,25.83,1848.0,22.9,39.8,37.3,38.7,34.4,15.7,0.157,Tree cover,797.5,Uttarakhand,Pithoragarh,Tejam,Rock,2017,1500–2000 m,20–30°,1500–2000 mm,500–1000 m,2010s,4,3,2,5
21491,30.015124,79.874853,1445.0,40.07,1770.0,23.3,32.0,44.7,38.9,34.8,17.5,0.175,Grassland,125.9,Uttarakhand,Bageshwar,Kapkot,Rock,2013,1000–1500 m,40–50°,1500–2000 mm,100–500 m,2010s,3,5,2,4
21496,30.015571,80.07655,1665.0,48.9,1821.0,21.4,33.8,44.7,38.8,35.3,15.7,0.157,Built-up,3.4,Uttarakhand,Pithoragarh,Tejam,Debris,2017,1500–2000 m,40–50°,1500–2000 mm,0–10 m,2010s,4,5,2,1
21498,30.015689,80.090527,1690.0,32.77,1837.0,22.6,37.4,40.0,38.7,34.4,15.7,0.157,Bare / sparse vegetation,682.0,Uttarakhand,Pithoragarh,Tejam,Rock,2014,1500–2000 m,30–40°,1500–2000 mm,500–1000 m,2010s,4,4,2,5
21499,30.015844,80.088292,1591.0,21.6,1837.0,22.5,37.4,40.1,38.7,34.4,15.7,0.157,Grassland,489.0,Uttarakhand,Pithoragarh,Tejam,Debris,2014,1500–2000 m,20–30°,1500–2000 mm,100–500 m,2010s,4,3,2,4
21500,30.01595,79.877193,1458.0,38.79,1779.0,23.3,32.0,44.7,38.9,34.8,17.5,0.175,Tree cover,18.3,Uttarakhand,Bageshwar,Kapkot,Rock,2016,1000–1500 m,30–40°,1500–2000 mm,10–50 m,2010s,3,4,2,2
21501,30.016,79.309722,1387.0,27.75,1455.0,21.9,33.0,45.1,39.0,34.0,16.1,0.161,Grassland,15.7,Uttarakhand,Chamoli,Gairsain,Debris,2013,1000–1500 m,20–30°,<1500 mm,10–50 m,2010s,3,3,1,2
21502,30.01601,80.089749,1633.0,35.09,1837.0,22.5,37.4,40.1,38.7,34.4,15.7,0.157,Bare / sparse vegetation,624.1,Uttarakhand,Pithoragarh,Tejam,Rock,2014,1500–2000 m,30–40°,1500–2000 mm,500–1000 m,2010s,4,4,2,5
21503,30.016233,80.089195,1609.0,17.41,1837.0,22.5,37.4,40.1,38.7,34.4,15.7,0.157,Bare / sparse vegetation,586.2,Uttarakhand,Pithoragarh,Tejam,Rock,2014,1500–2000 m,10–20°,1500–2000 mm,500–1000 m,2010s,4,2,2,5
21504,30.016435,80.076211,1684.0,49.85,1821.0,21.4,33.8,44.7,38.8,35.3,15.7,0.157,Grassland,10.4,Uttarakhand,Pithoragarh,Tejam,Rock,2017,1500–2000 m,40–50°,1500–2000 mm,10–50 m,2010s,4,5,2,2
21508,30.01742,80.150755,1548.0,46.67,1817.0,20.8,32.5,46.7,38.9,34.4,15.9,0.159,Built-up,7.4,Uttarakhand,Pithoragarh,Tejam,Rock,2011,1500–2000 m,40–50°,1500–2000 mm,0–10 m,2010s,4,5,2,1
21512,30.018083,79.096333,1780.0,39.7,1689.0,22.5,35.0,42.5,39.9,35.3,16.6,0.166,Tree cover,2.0,Uttarakhand,Pauri Garhwal,Thailisain,Rock,2018,1500–2000 m,30–40°,1500–2000 mm,0–10 m,2010s,4,4,2,1
21513,30.018116,80.048632,1616.0,34.6,1846.0,24.4,38.7,36.9,39.1,36.1,16.3,0.163,Tree cover,742.7,Uttarakhand,Bageshwar,Shama,Rock,2013,1500–2000 m,30–40°,1500–2000 mm,500–1000 m,2010s,4,4,2,5
21514,30.018364,79.945923,1317.0,25.46,1768.0,21.6,33.0,45.4,39.8,33.2,15.5,0.155,Grassland,22.2,Uttarakhand,Bageshwar,Kapkot,Rock,2014,1000–1500 m,20–30°,1500–2000 mm,10–50 m,2010s,3,3,2,2
21515,30.018512,79.950806,1338.0,17.75,1749.0,21.3,33.9,44.8,39.8,33.2,15.5,0.155,Grassland,191.5,Uttarakhand,Bageshwar,Kapkot,Rock,2018,1000–1500 m,10–20°,1500–2000 mm,100–500 m,2010s,3,2,2,4
21516,30.018568,80.132794,1883.0,17.75,1846.0,22.1,39.6,38.3,38.3,34.9,15.9,0.159,Grassland,799.6,Uttarakhand,Pithoragarh,Tejam,Rock,2014,1500–2000 m,10–20°,1500–2000 mm,500–1000 m,2010s,4,2,2,5
21517,30.018925,80.077564,1690.0,26.24,1834.0,21.4,34.3,44.2,38.8,35.3,15.7,0.157,Grassland,25.9,Uttarakhand,Pithoragarh,Tejam,Debris,2017,1500–2000 m,20–30°,1500–2000 mm,10–50 m,2010s,4,3,2,2
21519,30.019884,80.149946,1558.0,34.81,1844.0,21.2,31.7,47.1,38.9,34.4,15.9,0.159,Tree cover,24.7,Uttarakhand,Pithoragarh,Tejam,Rock,2011,1500–2000 m,30–40°,1500–2000 mm,10–50 m,2010s,4,4,2,2
21520,30.02,80.3,1895.0,27.27,1838.0,24.3,38.9,36.8,39.0,35.4,15.9,0.159,Tree cover,1735.8,Uttarakhand,Chamoli,Munsiari,Debris,2009,1500–2000 m,20–30°,1500–2000 mm,>1000 m,2000s,4,3,2,6
21522,30.02,80.32,1261.0,49.65,1772.0,19.6,36.6,43.9,38.4,34.7,14.7,0.147,Tree cover,98.5,Uttarakhand,Chamoli,Bangapani,Debris,2018,1000–1500 m,40–50°,1500–2000 mm,50–100 m,2010s,3,5,2,3
21523,30.020267,80.149289,1571.0,33.15,1844.0,21.2,31.7,47.1,38.9,34.4,15.9,0.159,Grassland,25.0,Uttarakhand,Pithoragarh,Tejam,Rock,2012,1500–2000 m,30–40°,1500–2000 mm,10–50 m,2010s,4,4,2,2
21525,30.020531,79.878588,1529.0,49.6,1769.0,23.1,31.8,45.1,38.9,34.8,17.5,0.175,Bare / sparse vegetation,9.9,Uttarakhand,Bageshwar,Kapkot,Rock,2014,1500–2000 m,40–50°,1500–2000 mm,0–10 m,2010s,4,5,2,1
21528,30.020882,79.707188,1520.0,33.57,1672.0,23.6,28.3,48.1,38.7,34.4,16.4,0.164,Tree cover,18.8,Uttarakhand,Chamoli,Tharali,Rock,2018,1500–2000 m,30–40°,1500–2000 mm,10–50 m,2010s,4,4,2,2
21530,30.0215,79.664722,1440.0,44.13,1621.0,22.4,28.9,48.7,38.6,34.1,16.0,0.16,Tree cover,340.7,Uttarakhand,Chamoli,Tharali,Rock,2018,1000–1500 m,40–50°,1500–2000 mm,100–500 m,2010s,3,5,2,4
21531,30.021831,79.677064,1474.0,21.23,1644.0,23.7,30.6,45.7,38.9,35.0,17.0,0.17,Grassland,7.0,Uttarakhand,Chamoli,Tharali,Debris,2018,1000–1500 m,20–30°,1500–2000 mm,0–10 m,2010s,3,3,2,1
21532,30.022361,79.706111,1498.0,36.86,1672.0,24.2,32.8,43.0,39.1,35.3,17.2,0.172,Bare / sparse vegetation,4.9,Uttarakhand,Chamoli,Tharali,Rock,2017,1000–1500 m,30–40°,1500–2000 mm,0–10 m,2010s,3,4,2,1
21533,30.02253,79.697376,1502.0,44.11,1672.0,23.9,33.4,42.7,39.2,34.4,17.6,0.176,Built-up,6.5,Uttarakhand,Chamoli,Tharali,Rock,2016,1500–2000 m,40–50°,1500–2000 mm,0–10 m,2010s,4,5,2,1
21534,30.02255,79.877392,1523.0,35.45,1769.0,25.1,33.7,41.2,39.2,35.9,16.3,0.163,Tree cover,16.4,Uttarakhand,Bageshwar,Kapkot,Rock,2014,1500–2000 m,30–40°,1500–2000 mm,10–50 m,2010s,4,4,2,2
21535,30.022722,79.697906,1530.0,48.24,1672.0,23.9,33.4,42.7,39.2,34.4,17.6,0.176,Grassland,0.9,Uttarakhand,Chamoli,Tharali,Rock,2017,1500–2000 m,40–50°,1500–2000 mm,0–10 m,2010s,4,5,2,1
21536,30.022759,79.68238,1491.0,51.1,1644.0,24.4,32.0,43.5,38.9,35.0,17.0,0.17,Bare / sparse vegetation,9.3,Uttarakhand,Chamoli,Tharali,Rock,2018,1000–1500 m,>50°,1500–2000 mm,0–10 m,2010s,3,6,2,1
21538,30.022861,79.878167,1514.0,45.27,1769.0,24.1,34.2,41.6,39.2,35.9,16.3,0.163,Tree cover,5.7,Uttarakhand,Bageshwar,Kapkot,Rock,2014,1500–2000 m,40–50°,1500–2000 mm,0–10 m,2010s,4,5,2,1
21539,30.023317,79.951982,1352.0,26.66,1749.0,22.0,31.6,46.5,39.0,34.3,16.9,0.169,Tree cover,3.9,Uttarakhand,Bageshwar,Kapkot,Rock,2014,1000–1500 m,20–30°,1500–2000 mm,0–10 m,2010s,3,3,2,1
21540,30.023392,79.700172,1537.0,41.0,1672.0,23.4,33.2,43.4,39.2,34.4,17.6,0.176,Bare / sparse vegetation,18.9,Uttarakhand,Chamoli,Tharali,Rock,2017,1500–2000 m,40–50°,1500–2000 mm,10–50 m,2010s,4,5,2,2
21541,30.023544,79.670359,1442.0,42.95,1633.0,23.3,32.3,44.4,38.5,35.1,16.4,0.164,Grassland,2.8,Uttarakhand,Chamoli,Tharali,Rock,2018,1000–1500 m,40–50°,1500–2000 mm,0–10 m,2010s,3,5,2,1
21544,30.024639,79.564146,1384.0,29.4,1572.0,22.7,33.2,44.1,38.7,35.3,15.0,0.15,Grassland,105.1,Uttarakhand,Chamoli,Tharali,Debris,2016,1000–1500 m,20–30°,1500–2000 mm,100–500 m,2010s,3,3,2,4
21545,30.024687,80.065764,1334.0,31.63,1823.0,24.9,37.8,37.3,38.7,35.4,16.6,0.166,Grassland,1054.0,Uttarakhand,Pithoragarh,Shama,Rock,2016,1000–1500 m,30–40°,1500–2000 mm,>1000 m,2010s,3,4,2,6
21546,30.025169,80.068361,1277.0,30.37,1781.0,23.7,33.3,43.0,38.7,35.4,16.6,0.166,Grassland,900.7,Uttarakhand,Pithoragarh,Shama,Rock,2006,1000–1500 m,30–40°,1500–2000 mm,500–1000 m,2000s,3,4,2,5
21547,30.025714,79.556669,1410.0,30.03,1533.0,22.1,32.7,45.2,39.0,34.5,15.0,0.15,Grassland,6.4,Uttarakhand,Chamoli,Tharali,Rock,2017,1000–1500 m,30–40°,1500–2000 mm,0–10 m,2010s,3,4,2,1
21549,30.026118,79.883011,1577.0,32.82,1813.0,23.9,34.1,42.0,39.1,34.7,16.1,0.161,Tree cover,8.6,Uttarakhand,Bageshwar,Kapkot,Rock,2018,1500–2000 m,30–40°,1500–2000 mm,0–10 m,2010s,4,4,2,1
21550,30.026494,79.55683,1392.0,29.99,1533.0,22.5,32.2,45.3,39.0,34.5,15.0,0.15,Grassland,2.7,Uttarakhand,Chamoli,Tharali,Debris,2018,1000–1500 m,20–30°,1500–2000 mm,0–10 m,2010s,3,3,2,1
21553,30.027087,80.161438,1628.0,32.93,1839.0,22.2,37.7,40.0,38.4,35.1,15.9,0.159,Grassland,472.0,Uttarakhand,Pithoragarh,Tejam,Debris,2014,1500–2000 m,30–40°,1500–2000 mm,100–500 m,2010s,4,4,2,4
21554,30.027193,79.916258,1775.0,36.01,1858.0,23.8,39.5,36.7,39.1,34.1,16.2,0.162,Bare / sparse vegetation,892.9,Uttarakhand,Bageshwar,Kapkot,Rock,2017,1500–2000 m,30–40°,1500–2000 mm,500–1000 m,2010s,4,4,2,5
21556,30.027649,79.524498,1847.0,34.55,1700.0,26.3,30.9,42.8,39.4,35.8,16.7,0.167,Tree cover,46.9,Uttarakhand,Chamoli,Tharali,Debris,2017,1500–2000 m,30–40°,1500–2000 mm,10–50 m,2010s,4,4,2,2
21557,30.027674,79.518612,1791.0,36.65,1700.0,25.5,31.3,43.2,39.1,35.7,16.9,0.169,Tree cover,32.7,Uttarakhand,Chamoli,Tharali,Soil,2018,1500–2000 m,30–40°,1500–2000 mm,10–50 m,2010s,4,4,2,2
21559,30.028163,79.52309,1838.0,27.58,1700.0,26.3,30.9,42.8,39.4,35.8,16.7,0.167,Tree cover,56.7,Uttarakhand,Chamoli,Tharali,Soil,2015,1500–2000 m,20–30°,1500–2000 mm,50–100 m,2010s,4,3,2,3
21560,30.02823,79.556636,1368.0,37.37,1533.0,22.5,32.2,45.3,39.0,34.5,15.0,0.15,Tree cover,0.5,Uttarakhand,Chamoli,Tharali,Debris,2018,1000–1500 m,30–40°,1500–2000 mm,0–10 m,2010s,3,4,2,1
21561,30.028465,79.26164,1756.0,38.99,1659.0,22.6,34.1,43.3,40.4,36.0,16.2,0.162,Tree cover,13.0,Uttarakhand,Chamoli,Gairsain,Rock,2018,1500–2000 m,30–40°,1500–2000 mm,10–50 m,2010s,4,4,2,2
21562,30.028735,79.88392,1580.0,51.23,1800.0,23.9,33.1,43.0,39.1,34.7,16.1,0.161,Tree cover,0.1,Uttarakhand,Bageshwar,Kapkot,Rock,2016,1500–2000 m,>50°,1500–2000 mm,0–10 m,2010s,4,6,2,1
21563,30.02882,79.888365,1614.0,15.2,1800.0,22.1,34.7,43.2,39.1,34.7,16.1,0.161,Tree cover,21.9,Uttarakhand,Bageshwar,Kapkot,Rock,2013,1500–2000 m,10–20°,1500–2000 mm,10–50 m,2010s,4,2,2,2
21565,30.029199,79.556635,1358.0,37.82,1533.0,21.9,32.7,45.3,39.0,34.5,15.0,0.15,Grassland,8.9,Uttarakhand,Chamoli,Tharali,Debris,2018,1000–1500 m,30–40°,1500–2000 mm,0–10 m,2010s,3,4,2,1
21567,30.029958,79.88793,1651.0,49.11,1800.0,22.1,34.7,43.2,39.1,34.7,16.1,0.161,Grassland,13.5,Uttarakhand,Bageshwar,Kapkot,Debris,2017,1500–2000 m,40–50°,1500–2000 mm,10–50 m,2010s,4,5,2,2
21568,30.03,80.31,1599.0,34.37,1814.0,21.9,35.3,42.7,37.6,34.4,14.3,0.143,Tree cover,409.9,Uttarakhand,Chamoli,Munsiari,Rock,2016,1500–2000 m,30–40°,1500–2000 mm,100–500 m,2010s,4,4,2,4
21569,30.030104,79.264309,1742.0,33.11,1659.0,22.6,34.1,43.3,40.4,36.0,16.2,0.162,Tree cover,8.3,Uttarakhand,Chamoli,Gairsain,Debris,2018,1500–2000 m,30–40°,1500–2000 mm,0–10 m,2010s,4,4,2,1
21570,30.030254,79.742049,1576.0,37.14,1725.0,22.3,32.5,45.1,40.3,34.8,16.6,0.166,Bare / sparse vegetation,28.0,Uttarakhand,Chamoli,Tharali,Debris,2018,1500–2000 m,30–40°,1500–2000 mm,10–50 m,2010s,4,4,2,2
21571,30.030262,79.916484,1795.0,48.91,1858.0,23.7,40.1,36.2,39.1,34.1,16.2,0.162,Tree cover,621.7,Uttarakhand,Bageshwar,Kapkot,Rock,2017,1500–2000 m,40–50°,1500–2000 mm,500–1000 m,2010s,4,5,2,5
21572,30.03125,79.567306,1317.0,33.37,1583.0,22.3,33.5,44.2,39.4,35.0,15.0,0.15,Tree cover,353.8,Uttarakhand,Chamoli,Tharali,Soil,2016,1000–1500 m,30–40°,1500–2000 mm,100–500 m,2010s,3,4,2,4
21573,30.031513,80.171519,1902.0,37.78,1842.0,23.2,43.1,33.7,38.8,35.5,16.9,0.169,Grassland,19.3,Uttarakhand,Pithoragarh,Tejam,Debris,2012,1500–2000 m,30–40°,1500–2000 mm,10–50 m,2010s,4,4,2,2
21574,30.03153,79.076055,2031.0,20.43,1880.0,25.4,37.9,36.8,39.6,36.0,16.0,0.16,Grassland,893.7,Uttarakhand,Pauri Garhwal,Thailisain,Rock,2018,2000–3000 m,20–30°,1500–2000 mm,500–1000 m,2010s,5,3,2,5
21575,30.031639,79.653889,1434.0,37.39,1599.0,22.8,32.5,44.7,38.9,35.2,16.4,0.164,Tree cover,4.3,Uttarakhand,Chamoli,Tharali,Debris,2018,1000–1500 m,30–40°,1500–2000 mm,0–10 m,2010s,3,4,2,1
21576,30.031662,79.567873,1352.0,30.81,1583.0,22.3,33.5,44.2,39.4,35.0,15.0,0.15,Tree cover,409.4,Uttarakhand,Chamoli,Tharali,Soil,2017,1000–1500 m,30–40°,1500–2000 mm,100–500 m,2010s,3,4,2,4
21578,30.031921,80.197792,2519.0,44.59,1834.0,24.1,37.9,38.0,40.4,35.9,16.4,0.164,Grassland,359.9,Uttarakhand,Pithoragarh,Bangapani,Rock,2014,2000–3000 m,40–50°,1500–2000 mm,100–500 m,2010s,5,5,2,4
21579,30.032121,79.654223,1485.0,42.07,1599.0,22.8,32.5,44.7,38.9,35.2,16.4,0.164,Tree cover,19.2,Uttarakhand,Chamoli,Tharali,Debris,2018,1000–1500 m,40–50°,1500–2000 mm,10–50 m,2010s,3,5,2,2
21581,30.032511,79.88661,1664.0,40.8,1800.0,22.5,32.7,44.8,39.2,35.2,15.7,0.157,Tree cover,7.8,Uttarakhand,Bageshwar,Kapkot,Rock,2017,1500–2000 m,40–50°,1500–2000 mm,0–10 m,2010s,4,5,2,1
21583,30.032952,79.65191,1445.0,35.77,1599.0,23.8,32.1,44.2,38.9,35.2,16.4,0.164,Tree cover,11.4,Uttarakhand,Chamoli,Tharali,Debris,2018,1000–1500 m,30–40°,1500–2000 mm,10–50 m,2010s,3,4,2,2
21584,30.033171,79.56956,1341.0,24.73,1583.0,22.7,32.9,44.4,39.4,35.0,15.0,0.15,Grassland,191.7,Uttarakhand,Chamoli,Tharali,Debris,2015,1000–1500 m,20–30°,1500–2000 mm,100–500 m,2010s,3,3,2,4
21586,30.033917,79.569917,1335.0,35.43,1513.0,22.7,32.9,44.4,39.4,35.0,15.0,0.15,Tree cover,104.4,Uttarakhand,Chamoli,Tharali,Debris,2014,1000–1500 m,30–40°,1500–2000 mm,100–500 m,2010s,3,4,2,4
21587,30.034,79.887982,1693.0,39.61,1805.0,22.9,32.4,44.7,39.2,35.2,15.7,0.157,Tree cover,4.2,Uttarakhand,Bageshwar,Kapkot,Rock,2014,1500–2000 m,30–40°,1500–2000 mm,0–10 m,2010s,4,4,2,1
21588,30.034413,80.189057,2173.0,27.98,1838.0,19.3,42.9,37.8,40.4,36.5,17.9,0.179,Bare / sparse vegetation,13.8,Uttarakhand,Pithoragarh,Bangapani,Rock,2016,2000–3000 m,20–30°,1500–2000 mm,10–50 m,2010s,5,3,2,2
21593,30.036059,79.64155,1438.0,41.73,1583.0,22.7,30.0,47.3,38.5,35.4,15.3,0.153,Tree cover,0.6,Uttarakhand,Chamoli,Tharali,Rock,2018,1000–1500 m,40–50°,1500–2000 mm,0–10 m,2010s,3,5,2,1
21594,30.03657,79.914958,2138.0,32.74,1910.0,24.3,41.5,34.1,39.2,34.5,17.0,0.17,Built-up,0.6,Uttarakhand,Bageshwar,Kapkot,Rock,2014,2000–3000 m,30–40°,1500–2000 mm,0–10 m,2010s,5,4,2,1
21595,30.036698,79.956484,1429.0,33.87,1784.0,23.5,32.2,44.3,39.5,33.9,15.4,0.154,Tree cover,2.7,Uttarakhand,Bageshwar,Kapkot,Rock,2014,1000–1500 m,30–40°,1500–2000 mm,0–10 m,2010s,3,4,2,1
21596,30.037064,80.180079,2269.0,32.54,1841.0,20.6,41.7,37.7,40.0,36.4,18.3,0.183,Grassland,27.2,Uttarakhand,Pithoragarh,Tejam,Rock,2014,2000–3000 m,30–40°,1500–2000 mm,10–50 m,2010s,5,4,2,2
21598,30.037366,79.891929,1762.0,31.6,1842.0,22.2,33.2,44.6,39.2,35.2,15.7,0.157,Tree cover,20.2,Uttarakhand,Bageshwar,Kapkot,Debris,2018,1500–2000 m,30–40°,1500–2000 mm,10–50 m,2010s,4,4,2,2
21602,30.038255,80.057943,2124.0,36.47,1852.0,21.3,43.7,35.0,38.6,35.6,15.9,0.159,Grassland,4.0,Uttarakhand,Bageshwar,Shama,Rock,2014,2000–3000 m,30–40°,1500–2000 mm,0–10 m,2010s,5,4,2,1
21605,30.038583,79.949944,1654.0,17.38,1825.0,22.3,32.7,45.0,38.9,35.1,17.0,0.17,Tree cover,13.8,Uttarakhand,Bageshwar,Kapkot,Debris,2013,1500–2000 m,10–20°,1500–2000 mm,10–50 m,2010s,4,2,2,2
21606,30.038586,80.182736,2336.0,36.05,1841.0,21.0,40.3,38.7,40.0,36.4,18.3,0.183,Grassland,10.3,Uttarakhand,Pithoragarh,Tejam,Rock,2014,2000–3000 m,30–40°,1500–2000 mm,10–50 m,2010s,5,4,2,2
21610,30.039731,79.545233,1269.0,30.1,1479.0,23.7,31.9,44.4,39.4,35.3,16.1,0.161,Tree cover,5.8,Uttarakhand,Chamoli,Tharali,Debris,2018,1000–1500 m,30–40°,<1500 mm,0–10 m,2010s,3,4,1,1
21611,30.03986,80.056334,2116.0,47.42,1852.0,22.6,42.5,34.8,38.2,35.0,15.8,0.158,Grassland,20.8,Uttarakhand,Bageshwar,Shama,Rock,2018,2000–3000 m,40–50°,1500–2000 mm,10–50 m,2010s,5,5,2,2
21615,30.04,80.31,1200.0,37.33,1786.0,20.9,35.8,43.4,38.9,34.1,14.8,0.148,Tree cover,270.9,Uttarakhand,Chamoli,Munsiari,Debris,2014,1000–1500 m,30–40°,1500–2000 mm,100–500 m,2010s,3,4,2,4
21613,30.04,80.29,1631.0,19.36,1839.0,21.0,34.7,44.3,37.2,34.3,14.9,0.149,Tree cover,1534.1,Uttarakhand,Chamoli,Munsiari,Debris,2016,1500–2000 m,10–20°,1500–2000 mm,>1000 m,2010s,4,2,2,6
21612,30.04,80.3,1405.0,36.6,1809.0,20.8,36.3,43.0,37.6,34.3,14.4,0.144,Grassland,674.3,Uttarakhand,Chamoli,Munsiari,Debris,2016,1000–1500 m,30–40°,1500–2000 mm,500–1000 m,2010s,3,4,2,5
21616,30.040099,79.892962,1769.0,40.63,1842.0,23.2,38.7,38.1,39.1,35.8,15.8,0.158,Tree cover,7.1,Uttarakhand,Bageshwar,Kapkot,Rock,2014,1500–2000 m,40–50°,1500–2000 mm,0–10 m,2010s,4,5,2,1
21618,30.040403,80.192832,2580.0,35.28,1833.0,24.5,39.3,36.2,41.9,38.2,16.9,0.169,Built-up,10.3,Uttarakhand,Pithoragarh,Bangapani,Rock,2014,2000–3000 m,30–40°,1500–2000 mm,10–50 m,2010s,5,4,2,2
21619,30.040444,80.054622,2098.0,32.29,1852.0,22.9,41.9,35.2,38.5,35.9,16.6,0.166,Grassland,3.4,Uttarakhand,Bageshwar,Shama,Rock,2014,2000–3000 m,30–40°,1500–2000 mm,0–10 m,2010s,5,4,2,1
21620,30.040847,79.550468,1285.0,39.03,1503.0,23.6,33.1,43.2,39.6,34.9,15.7,0.157,Grassland,0.7,Uttarakhand,Chamoli,Tharali,Debris,2018,1000–1500 m,30–40°,1500–2000 mm,0–10 m,2010s,3,4,2,1
21621,30.041083,79.609917,1397.0,23.87,1603.0,23.0,32.4,44.6,38.7,36.4,16.6,0.166,Grassland,423.3,Uttarakhand,Chamoli,Tharali,Debris,2018,1000–1500 m,20–30°,1500–2000 mm,100–500 m,2010s,3,3,2,4
21625,30.041499,79.548333,1277.0,47.92,1479.0,24.1,33.0,42.9,39.6,34.9,15.7,0.157,Grassland,8.1,Uttarakhand,Chamoli,Tharali,Debris,2014,1000–1500 m,40–50°,<1500 mm,0–10 m,2010s,3,5,1,1
21627,30.041825,79.895211,1784.0,28.55,1834.0,23.2,38.7,38.1,39.1,35.8,15.8,0.158,Built-up,3.6,Uttarakhand,Bageshwar,Kapkot,Rock,2014,1500–2000 m,20–30°,1500–2000 mm,0–10 m,2010s,4,3,2,1
21628,30.042785,79.618195,1435.0,42.6,1643.0,22.8,31.6,45.5,38.7,36.4,16.6,0.166,Tree cover,3.6,Uttarakhand,Chamoli,Tharali,Rock,2018,1000–1500 m,40–50°,1500–2000 mm,0–10 m,2010s,3,5,2,1
21629,30.042833,79.617806,1436.0,45.34,1643.0,22.8,31.6,45.5,38.7,36.4,16.6,0.166,Grassland,2.6,Uttarakhand,Chamoli,Tharali,Rock,2018,1000–1500 m,40–50°,1500–2000 mm,0–10 m,2010s,3,5,2,1
21631,30.044331,79.895493,1841.0,35.57,1834.0,21.8,41.4,36.9,39.1,35.8,15.8,0.158,Grassland,2.2,Uttarakhand,Bageshwar,Kapkot,Rock,2014,1500–2000 m,30–40°,1500–2000 mm,0–10 m,2010s,4,4,2,1
21632,30.044537,79.895517,1841.0,35.57,1834.0,21.8,41.4,36.9,39.1,35.8,15.8,0.158,Tree cover,10.9,Uttarakhand,Bageshwar,Kapkot,Rock,2014,1500–2000 m,30–40°,1500–2000 mm,10–50 m,2010s,4,4,2,2
21634,30.044957,79.572254,1403.0,52.93,1541.0,21.7,32.4,45.9,39.4,34.7,15.8,0.158,Grassland,10.1,Uttarakhand,Chamoli,Tharali,Rock,2018,1000–1500 m,>50°,1500–2000 mm,10–50 m,2010s,3,6,2,2
21636,30.045431,79.604978,1428.0,39.67,1568.0,21.8,33.0,45.2,38.6,36.1,15.7,0.157,Grassland,27.3,Uttarakhand,Chamoli,Tharali,Debris,2016,1000–1500 m,30–40°,1500–2000 mm,10–50 m,2010s,3,4,2,2
21637,30.045439,80.060286,2067.0,38.9,1849.0,23.1,42.2,34.8,38.2,35.0,15.8,0.158,Tree cover,4.1,Uttarakhand,Bageshwar,Shama,Rock,2014,2000–3000 m,30–40°,1500–2000 mm,0–10 m,2010s,5,4,2,1
21638,30.045488,79.6114,1444.0,38.45,1610.0,23.5,31.7,44.9,38.6,36.1,15.7,0.157,Grassland,25.5,Uttarakhand,Chamoli,Tharali,Debris,2017,1000–1500 m,30–40°,1500–2000 mm,10–50 m,2010s,3,4,2,2
21639,30.045583,79.614434,1427.0,43.3,1610.0,23.8,31.6,44.7,38.7,36.4,16.6,0.166,Bare / sparse vegetation,47.6,Uttarakhand,Chamoli,Tharali,Rock,2018,1000–1500 m,40–50°,1500–2000 mm,10–50 m,2010s,3,5,2,2
21640,30.045661,79.895352,1865.0,33.86,1834.0,21.8,41.4,36.9,39.1,35.8,15.8,0.158,Grassland,22.4,Uttarakhand,Bageshwar,Kapkot,Rock,2016,1500–2000 m,30–40°,1500–2000 mm,10–50 m,2010s,4,4,2,2
21642,30.046306,79.49987,1665.0,33.89,1655.0,23.5,29.9,46.5,39.1,34.4,15.6,0.156,Tree cover,24.7,Uttarakhand,Chamoli,Tharali,Debris,2018,1500–2000 m,30–40°,1500–2000 mm,10–50 m,2010s,4,4,2,2
21643,30.046987,79.573925,1393.0,38.17,1541.0,22.5,32.0,45.5,39.4,34.7,15.8,0.158,Tree cover,2.2,Uttarakhand,Chamoli,Tharali,Debris,2016,1000–1500 m,30–40°,1500–2000 mm,0–10 m,2010s,3,4,2,1
21644,30.0478,79.898705,1996.0,26.99,1834.0,22.8,40.6,36.6,39.1,35.8,15.8,0.158,Grassland,8.1,Uttarakhand,Bageshwar,Kapkot,Rock,2014,1500–2000 m,20–30°,1500–2000 mm,0–10 m,2010s,4,3,2,1
21645,30.04806,80.30417,1189.0,3.12,1780.0,20.9,36.6,42.5,37.6,34.3,14.4,0.144,Grassland,10.5,Uttarakhand,Pithoragarh,Bangapani,Debris,2013,1000–1500 m,0–10°,1500–2000 mm,10–50 m,2010s,3,1,2,2
21657,30.05,80.31,1579.0,33.94,1831.0,20.0,37.3,42.7,39.0,35.3,14.2,0.142,Tree cover,269.8,Uttarakhand,Chamoli,Bangapani,Debris,2016,1500–2000 m,30–40°,1500–2000 mm,100–500 m,2010s,4,4,2,4
21650,30.05,80.28,1741.0,37.01,1835.0,23.0,37.3,39.7,38.1,35.0,15.3,0.153,Tree cover,1437.5,Uttarakhand,Chamoli,Munsiari,Debris,2016,1500–2000 m,30–40°,1500–2000 mm,>1000 m,2010s,4,4,2,6
21653,30.05,80.3,1190.0,6.36,1780.0,21.4,37.7,40.8,37.9,33.7,13.6,0.136,Tree cover,99.4,Uttarakhand,Chamoli,Bangapani,Debris,2016,1000–1500 m,0–10°,1500–2000 mm,50–100 m,2010s,3,1,2,3
21648,30.05,80.32,2024.0,39.57,1820.0,22.7,39.2,38.1,39.8,35.6,15.2,0.152,Tree cover,86.6,Uttarakhand,Chamoli,Bangapani,Rock,2016,2000–3000 m,30–40°,1500–2000 mm,50–100 m,2010s,5,4,2,3
21660,30.050166,79.894089,1988.0,31.99,1880.0,24.2,42.0,33.8,38.9,36.1,16.3,0.163,Tree cover,18.6,Uttarakhand,Bageshwar,Kapkot,Rock,2006,1500–2000 m,30–40°,1500–2000 mm,10–50 m,2000s,4,4,2,2
21663,30.050805,79.892422,1923.0,38.77,1880.0,24.2,42.0,33.8,38.9,36.1,16.3,0.163,Grassland,2.8,Uttarakhand,Bageshwar,Kapkot,Rock,2018,1500–2000 m,30–40°,1500–2000 mm,0–10 m,2010s,4,4,2,1
21664,30.051019,79.892547,1944.0,36.19,1880.0,25.7,41.9,32.4,38.9,36.1,16.3,0.163,Tree cover,29.3,Uttarakhand,Bageshwar,Kapkot,Rock,2016,1500–2000 m,30–40°,1500–2000 mm,10–50 m,2010s,4,4,2,2
21665,30.051421,79.879186,2266.0,40.17,1904.0,25.6,42.3,32.1,38.9,36.1,16.5,0.165,Grassland,10.6,Uttarakhand,Bageshwar,Kapkot,Rock,2018,2000–3000 m,40–50°,1500–2000 mm,10–50 m,2010s,5,5,2,2
21666,30.052088,80.062324,2047.0,25.9,1853.0,23.3,43.7,33.1,39.1,36.1,15.8,0.158,Grassland,11.4,Uttarakhand,Bageshwar,Shama,Rock,2018,2000–3000 m,20–30°,1500–2000 mm,10–50 m,2010s,5,3,2,2
21668,30.053843,79.891986,1991.0,41.47,1880.0,25.1,39.1,35.8,38.9,36.1,16.3,0.163,Tree cover,16.2,Uttarakhand,Bageshwar,Kapkot,Rock,2016,1500–2000 m,40–50°,1500–2000 mm,10–50 m,2010s,4,5,2,2
21669,30.053889,79.97,1715.0,27.41,1819.0,23.8,35.3,41.0,39.5,35.0,16.6,0.166,Grassland,7.4,Uttarakhand,Bageshwar,Kapkot,Rock,2014,1500–2000 m,20–30°,1500–2000 mm,0–10 m,2010s,4,3,2,1
21670,30.053955,79.878311,2259.0,36.45,1904.0,26.6,41.9,31.5,38.9,36.1,16.5,0.165,Grassland,10.5,Uttarakhand,Bageshwar,Kapkot,Rock,2017,2000–3000 m,30–40°,1500–2000 mm,10–50 m,2010s,5,4,2,2
21673,30.054214,79.878359,2259.0,36.46,1904.0,26.6,41.9,31.5,38.9,36.1,16.5,0.165,Grassland,6.5,Uttarakhand,Bageshwar,Kapkot,Rock,2016,2000–3000 m,30–40°,1500–2000 mm,0–10 m,2010s,5,4,2,1
21674,30.054285,80.216462,2664.0,47.85,1821.0,27.6,40.0,32.4,41.7,39.1,16.9,0.169,Grassland,11.2,Uttarakhand,Pithoragarh,Bangapani,Rock,2016,2000–3000 m,40–50°,1500–2000 mm,10–50 m,2010s,5,5,2,2
21675,30.054695,79.576505,1375.0,30.07,1510.0,22.5,31.8,45.8,38.9,35.0,16.2,0.162,Grassland,18.5,Uttarakhand,Chamoli,Tharali,Rock,2015,1000–1500 m,30–40°,1500–2000 mm,10–50 m,2010s,3,4,2,2
21677,30.05549,79.588933,1398.0,30.28,1498.0,22.0,32.1,46.0,38.4,35.1,14.8,0.148,Tree cover,17.3,Uttarakhand,Chamoli,Tharali,Rock,2018,1000–1500 m,30–40°,<1500 mm,10–50 m,2010s,3,4,1,2
21680,30.056314,79.894072,2041.0,31.96,1880.0,23.8,39.6,36.6,38.9,36.1,16.3,0.163,Grassland,17.7,Uttarakhand,Bageshwar,Kapkot,Rock,2013,2000–3000 m,30–40°,1500–2000 mm,10–50 m,2010s,5,4,2,2
21682,30.056638,79.892764,2017.0,34.6,1880.0,23.8,39.6,36.6,38.9,36.1,16.3,0.163,Grassland,0.5,Uttarakhand,Bageshwar,Kapkot,Rock,2013,2000–3000 m,30–40°,1500–2000 mm,0–10 m,2010s,5,4,2,1
21686,30.0575,80.29222,1237.0,24.08,1771.0,22.8,35.1,42.1,38.1,35.0,15.3,0.153,Grassland,34.7,Uttarakhand,Pithoragarh,Munsiari,Debris,2013,1000–1500 m,20–30°,1500–2000 mm,10–50 m,2010s,3,3,2,2
21687,30.057727,79.892303,2038.0,38.22,1880.0,20.1,45.1,34.9,39.3,36.0,16.5,0.165,Grassland,4.0,Uttarakhand,Bageshwar,Kapkot,Rock,2013,2000–3000 m,30–40°,1500–2000 mm,0–10 m,2010s,5,4,2,1
21688,30.05775,79.524562,1355.0,41.56,1449.0,22.4,32.6,45.0,39.5,35.5,14.8,0.148,Tree cover,142.8,Uttarakhand,Chamoli,Tharali,Rock,2018,1000–1500 m,40–50°,<1500 mm,100–500 m,2010s,3,5,1,4
21690,30.057995,79.523811,1336.0,40.45,1449.0,22.4,32.6,45.0,39.5,35.5,14.8,0.148,Grassland,108.8,Uttarakhand,Chamoli,Tharali,Rock,2014,1000–1500 m,40–50°,<1500 mm,100–500 m,2010s,3,5,1,4
21691,30.058004,79.524276,1355.0,42.54,1449.0,22.4,32.6,45.0,39.5,35.5,14.8,0.148,Tree cover,142.9,Uttarakhand,Chamoli,Tharali,Rock,2018,1000–1500 m,40–50°,<1500 mm,100–500 m,2010s,3,5,1,4
21692,30.058194,79.524083,1355.0,42.54,1449.0,22.4,32.6,45.0,39.5,35.5,14.8,0.148,Grassland,143.2,Uttarakhand,Chamoli,Tharali,Rock,2018,1000–1500 m,40–50°,<1500 mm,100–500 m,2010s,3,5,1,4
21693,30.058333,79.523083,1312.0,38.12,1449.0,22.4,32.6,45.0,39.5,35.5,14.8,0.148,Grassland,88.1,Uttarakhand,Chamoli,Tharali,Rock,2016,1000–1500 m,30–40°,<1500 mm,50–100 m,2010s,3,4,1,3
21694,30.058696,79.522481,1308.0,38.5,1488.0,22.4,33.8,43.9,39.5,35.5,14.8,0.148,Grassland,83.4,Uttarakhand,Chamoli,Tharali,Rock,2018,1000–1500 m,30–40°,<1500 mm,50–100 m,2010s,3,4,1,3
21695,30.05875,79.523611,1378.0,40.93,1488.0,22.4,32.6,45.0,39.5,35.5,14.8,0.148,Grassland,156.4,Uttarakhand,Chamoli,Tharali,Rock,2018,1000–1500 m,40–50°,<1500 mm,100–500 m,2010s,3,5,1,4
21696,30.059235,80.065848,2039.0,35.86,1883.0,25.1,43.2,31.6,38.8,36.7,16.0,0.16,Grassland,0.2,Uttarakhand,Bageshwar,Shama,Rock,2014,2000–3000 m,30–40°,1500–2000 mm,0–10 m,2010s,5,4,2,1
21697,30.059867,79.521037,1413.0,36.12,1488.0,22.4,33.8,43.9,39.5,35.5,14.8,0.148,Tree cover,125.6,Uttarakhand,Chamoli,Tharali,Rock,2017,1000–1500 m,30–40°,<1500 mm,100–500 m,2010s,3,4,1,4
21698,30.06,80.31,1563.0,36.17,1834.0,20.2,36.6,43.2,38.4,34.6,14.9,0.149,Tree cover,583.8,Uttarakhand,Chamoli,Bangapani,Rock,2018,1500–2000 m,30–40°,1500–2000 mm,500–1000 m,2010s,4,4,2,5
21699,30.060032,79.89217,2068.0,33.88,1931.0,20.2,45.1,34.7,39.3,36.0,16.5,0.165,Tree cover,6.6,Uttarakhand,Bageshwar,Kapkot,Rock,2013,2000–3000 m,30–40°,1500–2000 mm,0–10 m,2010s,5,4,2,1
21700,30.060085,79.26468,1681.0,17.62,1685.0,21.6,35.1,43.2,39.5,35.8,16.1,0.161,Grassland,252.0,Uttarakhand,Chamoli,Gairsain,Rock,2014,1500–2000 m,10–20°,1500–2000 mm,100–500 m,2010s,4,2,2,4
21702,30.060397,80.229094,2388.0,30.42,1821.0,25.1,40.4,34.5,41.4,38.2,17.2,0.172,Grassland,14.1,Uttarakhand,Pithoragarh,Bangapani,Rock,2013,2000–3000 m,30–40°,1500–2000 mm,10–50 m,2010s,5,4,2,2
21703,30.060405,80.071308,2048.0,31.29,1857.0,25.3,42.6,32.1,38.8,36.7,16.0,0.16,Grassland,89.4,Uttarakhand,Pithoragarh,Shama,Rock,2014,2000–3000 m,30–40°,1500–2000 mm,50–100 m,2010s,5,4,2,3
21704,30.060492,79.265047,1714.0,27.94,1685.0,21.6,35.1,43.2,39.5,35.8,16.1,0.161,Grassland,197.6,Uttarakhand,Chamoli,Gairsain,Rock,2014,1500–2000 m,20–30°,1500–2000 mm,100–500 m,2010s,4,3,2,4
21705,30.061038,79.522619,1439.0,39.38,1488.0,22.5,33.8,43.7,39.5,35.5,14.8,0.148,Tree cover,221.1,Uttarakhand,Chamoli,Tharali,Rock,2018,1000–1500 m,30–40°,<1500 mm,100–500 m,2010s,3,4,1,4
21706,30.061041,79.26574,1754.0,16.25,1685.0,21.6,35.1,43.2,39.5,35.8,16.1,0.161,Grassland,128.6,Uttarakhand,Chamoli,Gairsain,Rock,2014,1500–2000 m,10–20°,1500–2000 mm,100–500 m,2010s,4,2,2,4
21707,30.061161,80.227358,2432.0,25.0,1821.0,25.1,40.4,34.5,41.4,38.2,17.2,0.172,Grassland,76.4,Uttarakhand,Pithoragarh,Bangapani,Rock,2016,2000–3000 m,20–30°,1500–2000 mm,50–100 m,2010s,5,3,2,3
21708,30.061285,79.883487,2189.0,41.18,1919.0,19.1,45.7,35.2,39.7,35.4,16.4,0.164,Grassland,17.3,Uttarakhand,Bageshwar,Kapkot,Rock,2016,2000–3000 m,40–50°,1500–2000 mm,10–50 m,2010s,5,5,2,2
21709,30.061306,79.522167,1423.0,42.27,1488.0,22.5,33.8,43.7,39.5,35.5,14.8,0.148,Tree cover,173.2,Uttarakhand,Chamoli,Tharali,Debris,2018,1000–1500 m,40–50°,<1500 mm,100–500 m,2010s,3,5,1,4
21710,30.061404,79.521704,1431.0,37.68,1488.0,22.5,33.8,43.7,39.5,35.5,14.8,0.148,Tree cover,133.1,Uttarakhand,Chamoli,Tharali,Rock,2018,1000–1500 m,30–40°,<1500 mm,100–500 m,2010s,3,4,1,4
21712,30.061556,79.536278,1718.0,30.22,1639.0,24.3,32.7,43.0,39.2,36.0,14.6,0.146,Grassland,1028.8,Uttarakhand,Chamoli,Tharali,Debris,2018,1500–2000 m,30–40°,1500–2000 mm,>1000 m,2010s,4,4,2,6
21714,30.061861,79.524361,1427.0,47.63,1488.0,22.8,32.5,44.7,39.5,35.5,14.8,0.148,Tree cover,272.3,Uttarakhand,Chamoli,Tharali,Rock,2018,1000–1500 m,40–50°,<1500 mm,100–500 m,2010s,3,5,1,4
21715,30.061972,79.535083,1695.0,38.15,1639.0,24.3,32.7,43.0,39.2,36.0,14.6,0.146,Grassland,997.2,Uttarakhand,Chamoli,Tharali,Debris,2018,1500–2000 m,30–40°,1500–2000 mm,500–1000 m,2010s,4,4,2,5
21717,30.062472,79.539667,1795.0,36.16,1639.0,24.5,32.8,42.7,38.9,35.3,15.0,0.15,Tree cover,1252.1,Uttarakhand,Chamoli,Tharali,Rock,2018,1500–2000 m,30–40°,1500–2000 mm,>1000 m,2010s,4,4,2,6
21720,30.064063,80.24567,2064.0,16.78,1822.0,24.1,38.1,37.8,39.5,35.0,15.7,0.157,Grassland,43.4,Uttarakhand,Pithoragarh,Munsiari,Rock,2014,2000–3000 m,10–20°,1500–2000 mm,10–50 m,2010s,5,2,2,2
21721,30.064194,79.529833,1517.0,34.67,1557.0,22.5,32.8,44.7,39.2,36.0,14.6,0.146,Tree cover,749.5,Uttarakhand,Chamoli,Tharali,Rock,2018,1500–2000 m,30–40°,1500–2000 mm,500–1000 m,2010s,4,4,2,5
21723,30.064325,79.534533,1550.0,33.25,1639.0,22.4,32.6,45.0,39.2,36.0,14.6,0.146,Grassland,1173.5,Uttarakhand,Chamoli,Tharali,Debris,2018,1500–2000 m,30–40°,1500–2000 mm,>1000 m,2010s,4,4,2,6
21724,30.064556,79.526778,1483.0,38.13,1557.0,22.6,33.6,43.8,39.5,35.5,14.8,0.148,Grassland,454.3,Uttarakhand,Chamoli,Tharali,Rock,2015,1000–1500 m,30–40°,1500–2000 mm,100–500 m,2010s,3,4,2,4
21725,30.064639,79.534667,1549.0,33.7,1639.0,22.9,32.8,44.4,39.2,36.0,14.6,0.146,Tree cover,1201.4,Uttarakhand,Chamoli,Tharali,Debris,2018,1500–2000 m,30–40°,1500–2000 mm,>1000 m,2010s,4,4,2,6
21726,30.064741,79.532731,1570.0,41.89,1557.0,22.6,33.1,44.3,39.2,36.0,14.6,0.146,Tree cover,1014.7,Uttarakhand,Chamoli,Tharali,Rock,2016,1500–2000 m,40–50°,1500–2000 mm,>1000 m,2010s,4,5,2,6
21727,30.064944,79.527528,1490.0,34.32,1557.0,22.6,33.6,43.8,39.5,35.5,14.8,0.148,Tree cover,515.0,Uttarakhand,Chamoli,Tharali,Rock,2018,1000–1500 m,30–40°,1500–2000 mm,500–1000 m,2010s,3,4,2,5
21730,30.065111,79.526333,1452.0,36.38,1557.0,22.6,33.6,43.8,39.5,35.5,14.8,0.148,Grassland,398.4,Uttarakhand,Chamoli,Tharali,Rock,2014,1000–1500 m,30–40°,1500–2000 mm,100–500 m,2010s,3,4,2,4
21731,30.065361,79.518222,1502.0,37.34,1488.0,23.4,33.8,42.9,39.5,35.5,14.8,0.148,Grassland,2.1,Uttarakhand,Chamoli,Tharali,Rock,2018,1500–2000 m,30–40°,<1500 mm,0–10 m,2010s,4,4,1,1
21732,30.066262,80.244848,2025.0,17.12,1822.0,23.7,38.9,37.5,41.4,36.4,16.6,0.166,Grassland,114.0,Uttarakhand,Pithoragarh,Munsiari,Rock,2016,2000–3000 m,10–20°,1500–2000 mm,100–500 m,2010s,5,2,2,4
21733,30.066667,79.521111,1592.0,30.38,1613.0,24.4,32.7,42.8,40.0,36.0,15.7,0.157,Tree cover,3.7,Uttarakhand,Chamoli,Tharali,Rock,2015,1500–2000 m,30–40°,1500–2000 mm,0–10 m,2010s,4,4,2,1
21735,30.067029,79.591035,1333.0,26.8,1542.0,22.7,31.7,45.5,38.9,34.7,16.3,0.163,Bare / sparse vegetation,172.4,Uttarakhand,Chamoli,Tharali,Debris,2018,1000–1500 m,20–30°,1500–2000 mm,100–500 m,2010s,3,3,2,4
21737,30.067528,79.521306,1579.0,39.96,1613.0,24.4,32.7,42.8,40.0,36.0,15.7,0.157,Grassland,0.2,Uttarakhand,Chamoli,Tharali,Rock,2018,1500–2000 m,30–40°,1500–2000 mm,0–10 m,2010s,4,4,2,1
21738,30.068496,79.545166,1868.0,37.72,1762.0,24.6,33.3,42.1,39.8,35.0,15.8,0.158,Built-up,461.4,Uttarakhand,Chamoli,Tharali,Debris,2018,1500–2000 m,30–40°,1500–2000 mm,100–500 m,2010s,4,4,2,4
21739,30.068884,79.879114,2530.0,20.94,1961.0,19.5,45.4,35.1,39.6,35.6,15.8,0.158,Grassland,18.4,Uttarakhand,Bageshwar,Kapkot,Debris,2018,2000–3000 m,20–30°,1500–2000 mm,10–50 m,2010s,5,3,2,2
21740,30.069209,79.587253,1482.0,42.74,1542.0,23.0,31.0,46.0,38.9,34.7,16.3,0.163,Grassland,19.8,Uttarakhand,Chamoli,Tharali,Debris,2018,1000–1500 m,40–50°,1500–2000 mm,10–50 m,2010s,3,5,2,2
21742,30.069578,79.545252,1872.0,33.2,1762.0,24.4,32.9,42.7,39.8,35.0,15.8,0.158,Tree cover,341.0,Uttarakhand,Chamoli,Tharali,Rock,2018,1500–2000 m,30–40°,1500–2000 mm,100–500 m,2010s,4,4,2,4
21746,30.070978,79.508972,1408.0,38.75,1547.0,22.3,33.3,44.4,39.4,34.6,14.3,0.143,Grassland,68.9,Uttarakhand,Chamoli,Tharali,Rock,2014,1000–1500 m,30–40°,1500–2000 mm,50–100 m,2010s,3,4,2,3
21747,30.071139,79.54575,1864.0,36.79,1762.0,23.4,33.1,43.5,39.8,35.0,15.8,0.158,Tree cover,174.8,Uttarakhand,Chamoli,Tharali,Debris,2018,1500–2000 m,30–40°,1500–2000 mm,100–500 m,2010s,4,4,2,4
21748,30.071222,79.6035,1633.0,37.58,1675.0,22.5,31.5,46.0,38.7,35.5,15.4,0.154,Bare / sparse vegetation,543.5,Uttarakhand,Chamoli,Tharali,Rock,2018,1500–2000 m,30–40°,1500–2000 mm,500–1000 m,2010s,4,4,2,5
21750,30.071417,79.603417,1620.0,39.61,1675.0,22.5,31.5,46.0,38.7,35.5,15.4,0.154,Bare / sparse vegetation,539.1,Uttarakhand,Chamoli,Tharali,Rock,2018,1500–2000 m,30–40°,1500–2000 mm,500–1000 m,2010s,4,4,2,5
21751,30.0715,79.604306,1701.0,37.12,1675.0,22.4,30.8,46.8,38.8,34.7,15.9,0.159,Bare / sparse vegetation,461.3,Uttarakhand,Chamoli,Tharali,Rock,2018,1500–2000 m,30–40°,1500–2000 mm,100–500 m,2010s,4,4,2,4
21752,30.071639,79.603861,1672.0,39.91,1675.0,22.5,31.5,46.0,38.7,35.5,15.4,0.154,Bare / sparse vegetation,489.7,Uttarakhand,Chamoli,Tharali,Rock,2018,1500–2000 m,30–40°,1500–2000 mm,100–500 m,2010s,4,4,2,4
21755,30.071912,79.546712,1862.0,35.89,1762.0,23.4,33.1,43.5,39.8,35.0,15.8,0.158,Tree cover,165.0,Uttarakhand,Chamoli,Tharali,Rock,2018,1500–2000 m,30–40°,1500–2000 mm,100–500 m,2010s,4,4,2,4
21757,30.072811,79.545783,1861.0,36.55,1762.0,23.4,33.1,43.5,39.8,35.0,15.8,0.158,Tree cover,57.0,Uttarakhand,Chamoli,Tharali,Rock,2013,1500–2000 m,30–40°,1500–2000 mm,50–100 m,2010s,4,4,2,3
21758,30.073033,79.597278,1411.0,28.2,1550.0,21.7,33.1,45.2,38.7,35.5,15.4,0.154,Grassland,8.8,Uttarakhand,Chamoli,Tharali,Debris,2016,1000–1500 m,20–30°,1500–2000 mm,0–10 m,2010s,3,3,2,1
21763,30.074917,79.585389,1486.0,34.4,1542.0,23.0,30.7,46.3,38.9,34.7,16.3,0.163,Tree cover,0.6,Uttarakhand,Chamoli,Tharali,Rock,2015,1000–1500 m,30–40°,1500–2000 mm,0–10 m,2010s,3,4,2,1
21764,30.075117,79.542602,1908.0,43.6,1884.0,23.4,32.8,43.8,39.4,34.5,15.0,0.15,Grassland,8.6,Uttarakhand,Chamoli,Tharali,Rock,2014,1500–2000 m,40–50°,1500–2000 mm,0–10 m,2010s,4,5,2,1
21765,30.07525,79.492389,1291.0,27.86,1411.0,22.2,35.0,42.8,38.8,35.4,15.1,0.151,Tree cover,211.7,Uttarakhand,Chamoli,Tharali,Debris,2013,1000–1500 m,20–30°,<1500 mm,100–500 m,2010s,3,3,1,4
21766,30.075333,79.583028,1487.0,30.0,1670.0,23.7,30.6,45.7,39.6,36.0,16.8,0.168,Tree cover,25.6,Uttarakhand,Chamoli,Tharali,Debris,2018,1000–1500 m,20–30°,1500–2000 mm,10–50 m,2010s,3,3,2,2
21767,30.076434,79.523014,1703.0,47.4,1714.0,24.2,33.2,42.6,39.0,35.6,15.2,0.152,Tree cover,1.8,Uttarakhand,Chamoli,Tharali,Debris,2018,1500–2000 m,40–50°,1500–2000 mm,0–10 m,2010s,4,5,2,1
21768,30.077001,79.521881,1789.0,26.47,1714.0,24.2,33.2,42.6,39.0,35.6,15.2,0.152,Grassland,4.9,Uttarakhand,Chamoli,Tharali,Rock,2018,1500–2000 m,20–30°,1500–2000 mm,0–10 m,2010s,4,3,2,1
21769,30.077111,79.584,1602.0,38.72,1574.0,22.2,29.7,48.0,39.3,35.8,16.4,0.164,Grassland,189.9,Uttarakhand,Chamoli,Tharali,Rock,2018,1500–2000 m,30–40°,1500–2000 mm,100–500 m,2010s,4,4,2,4
21771,30.078205,79.530003,1729.0,30.64,1631.0,23.5,31.7,44.9,39.9,36.2,15.1,0.151,Tree cover,606.4,Uttarakhand,Chamoli,Tharali,Rock,2018,1500–2000 m,30–40°,1500–2000 mm,500–1000 m,2010s,4,4,2,5
21773,30.07868,79.54612,2162.0,36.7,1884.0,22.1,34.7,43.3,39.9,34.6,18.1,0.181,Grassland,60.7,Uttarakhand,Chamoli,Tharali,Rock,2018,2000–3000 m,30–40°,1500–2000 mm,50–100 m,2010s,5,4,2,3
21776,30.08,80.27,1383.0,27.93,1794.0,21.2,35.6,43.2,37.5,34.5,14.3,0.143,Tree cover,4.3,Uttarakhand,Chamoli,Munsiari,Rock,2016,1000–1500 m,20–30°,1500–2000 mm,0–10 m,2010s,3,3,2,1
21777,30.08,80.28,1394.0,49.73,1802.0,20.7,36.1,43.2,37.9,34.9,14.1,0.141,Grassland,333.4,Uttarakhand,Chamoli,Munsiari,Rock,2016,1000–1500 m,40–50°,1500–2000 mm,100–500 m,2010s,3,5,2,4
21778,30.080302,79.377246,1637.0,25.29,1605.0,25.8,30.8,43.3,39.4,34.1,16.5,0.165,Tree cover,1646.5,Uttarakhand,Chamoli,Tharali,Debris,2014,1500–2000 m,20–30°,1500–2000 mm,>1000 m,2010s,4,3,2,6
21780,30.080927,79.891424,2394.0,25.84,1917.0,19.3,44.6,36.1,40.2,35.2,15.8,0.158,Grassland,11.9,Uttarakhand,Bageshwar,Kapkot,Debris,2018,2000–3000 m,20–30°,1500–2000 mm,10–50 m,2010s,5,3,2,2
21782,30.081101,79.599136,1486.0,21.9,1518.0,21.7,32.3,46.0,39.4,34.5,15.7,0.157,Built-up,8.8,Uttarakhand,Chamoli,Tharali,Rock,2018,1000–1500 m,20–30°,1500–2000 mm,0–10 m,2010s,3,3,2,1
21784,30.081173,79.612894,1772.0,39.0,1738.0,24.9,33.2,41.9,39.0,35.1,16.1,0.161,Tree cover,32.6,Uttarakhand,Chamoli,Tharali,Debris,2018,1500–2000 m,30–40°,1500–2000 mm,10–50 m,2010s,4,4,2,2
21785,30.081323,80.242364,1866.0,25.81,1834.0,20.6,39.8,39.6,39.2,35.1,16.0,0.16,Built-up,7.7,Uttarakhand,Pithoragarh,Munsiari,Rock,2014,1500–2000 m,20–30°,1500–2000 mm,0–10 m,2010s,4,3,2,1
21786,30.082583,79.606306,1811.0,17.88,1648.0,22.4,31.1,46.6,39.4,34.5,15.7,0.157,Built-up,0.1,Uttarakhand,Chamoli,Tharali,Debris,2018,1500–2000 m,10–20°,1500–2000 mm,0–10 m,2010s,4,2,2,1
21787,30.082869,79.607408,1812.0,37.72,1648.0,26.0,32.3,41.7,39.4,34.5,15.7,0.157,Tree cover,17.2,Uttarakhand,Chamoli,Tharali,Debris,2018,1500–2000 m,30–40°,1500–2000 mm,10–50 m,2010s,4,4,2,2
21788,30.083264,79.612714,1717.0,36.7,1738.0,25.2,32.5,42.2,39.0,35.1,16.1,0.161,Tree cover,10.2,Uttarakhand,Chamoli,Tharali,Debris,2018,1500–2000 m,30–40°,1500–2000 mm,10–50 m,2010s,4,4,2,2
21790,30.083561,79.880568,2153.0,46.59,1841.0,25.9,40.9,33.2,39.7,35.1,15.8,0.158,Tree cover,902.9,Uttarakhand,Bageshwar,Kapkot,Rock,2016,2000–3000 m,40–50°,1500–2000 mm,500–1000 m,2010s,5,5,2,5
21794,30.084222,79.522528,1931.0,32.57,1781.0,25.1,34.2,40.8,39.0,35.6,15.2,0.152,Grassland,89.3,Uttarakhand,Chamoli,Tharali,Rock,2014,1500–2000 m,30–40°,1500–2000 mm,50–100 m,2010s,4,4,2,3
21796,30.084635,79.492223,1271.0,48.82,1536.0,22.1,36.5,41.4,39.3,35.8,14.6,0.146,Grassland,33.8,Uttarakhand,Chamoli,Tharali,Rock,2014,1000–1500 m,40–50°,1500–2000 mm,10–50 m,2010s,3,5,2,2
21798,30.085028,79.60325,1532.0,40.24,1560.0,21.8,33.2,45.0,39.0,35.4,15.5,0.155,Tree cover,3.1,Uttarakhand,Chamoli,Tharali,Debris,2015,1500–2000 m,40–50°,1500–2000 mm,0–10 m,2010s,4,5,2,1
21799,30.085168,80.242283,1861.0,36.43,1833.0,20.8,39.4,39.8,39.5,35.6,15.5,0.155,Grassland,14.7,Uttarakhand,Pithoragarh,Munsiari,Rock,2013,1500–2000 m,30–40°,1500–2000 mm,10–50 m,2010s,4,4,2,2
21802,30.085722,79.470417,1165.0,28.53,1365.0,20.8,37.0,42.3,39.5,35.3,14.7,0.147,Built-up,2.9,Uttarakhand,Chamoli,Tharali,Rock,2017,1000–1500 m,20–30°,<1500 mm,0–10 m,2010s,3,3,1,1
21805,30.086306,79.613056,1516.0,46.06,1583.0,23.6,30.6,45.8,39.0,35.4,15.8,0.158,Tree cover,15.8,Uttarakhand,Chamoli,Tharali,Debris,2018,1500–2000 m,40–50°,1500–2000 mm,10–50 m,2010s,4,5,2,2
21808,30.086611,79.472583,1170.0,33.48,1365.0,21.2,36.9,41.9,39.5,35.3,14.7,0.147,Tree cover,9.2,Uttarakhand,Chamoli,Tharali,Rock,2017,1000–1500 m,30–40°,<1500 mm,0–10 m,2010s,3,4,1,1
21813,30.087444,79.613389,1520.0,38.05,1583.0,23.7,30.5,45.8,39.0,35.4,15.8,0.158,Built-up,119.6,Uttarakhand,Chamoli,Tharali,Debris,2014,1500–2000 m,30–40°,1500–2000 mm,100–500 m,2010s,4,4,2,4
21814,30.087774,79.877811,1881.0,34.54,1841.0,24.9,39.3,35.8,39.2,35.0,15.4,0.154,Grassland,737.0,Uttarakhand,Bageshwar,Kapkot,Debris,2017,1500–2000 m,30–40°,1500–2000 mm,500–1000 m,2010s,4,4,2,5
21818,30.089003,79.614742,1554.0,38.12,1583.0,23.7,30.5,45.8,39.0,35.4,15.8,0.158,Tree cover,336.3,Uttarakhand,Chamoli,Tharali,Rock,2015,1500–2000 m,30–40°,1500–2000 mm,100–500 m,2010s,4,4,2,4
21819,30.089252,80.2434,1839.0,23.53,1833.0,24.7,41.8,33.5,39.5,35.6,15.5,0.155,Tree cover,10.8,Uttarakhand,Pithoragarh,Munsiari,Rock,2013,1500–2000 m,20–30°,1500–2000 mm,10–50 m,2010s,4,3,2,2
21821,30.089639,79.614833,1539.0,43.85,1583.0,23.0,30.2,46.8,39.0,35.4,15.8,0.158,Built-up,388.3,Uttarakhand,Chamoli,Tharali,Debris,2018,1500–2000 m,40–50°,1500–2000 mm,100–500 m,2010s,4,5,2,4
21823,30.08975,79.600306,1492.0,33.33,1560.0,21.5,32.0,46.5,39.6,35.5,15.6,0.156,Tree cover,305.5,Uttarakhand,Chamoli,Tharali,Debris,2018,1000–1500 m,30–40°,1500–2000 mm,100–500 m,2010s,3,4,2,4
21827,30.090722,79.526222,2012.0,34.56,1710.0,22.4,34.1,43.5,38.9,35.8,15.4,0.154,Grassland,8.2,Uttarakhand,Chamoli,Tharali,Rock,2018,2000–3000 m,30–40°,1500–2000 mm,0–10 m,2010s,5,4,2,1
21829,30.091267,80.240736,1970.0,38.56,1821.0,23.2,42.7,34.1,39.5,35.6,15.5,0.155,Grassland,0.0,Uttarakhand,Pithoragarh,Munsiari,Rock,2014,1500–2000 m,30–40°,1500–2000 mm,0–10 m,2010s,4,4,2,1
21830,30.091425,79.617106,1585.0,41.21,1712.0,23.3,29.6,47.1,39.0,35.4,15.8,0.158,Tree cover,446.6,Uttarakhand,Chamoli,Tharali,Debris,2018,1500–2000 m,40–50°,1500–2000 mm,100–500 m,2010s,4,5,2,4
21833,30.092139,79.653583,1679.0,33.97,1677.0,22.8,35.3,41.9,39.2,34.8,16.3,0.163,Tree cover,1736.7,Uttarakhand,Chamoli,Tharali,Debris,2018,1500–2000 m,30–40°,1500–2000 mm,>1000 m,2010s,4,4,2,6
21836,30.092723,79.867598,1835.0,35.13,1898.0,25.3,40.6,34.1,39.4,35.0,15.1,0.151,Tree cover,626.1,Uttarakhand,Bageshwar,Kapkot,Rock,2016,1500–2000 m,30–40°,1500–2000 mm,500–1000 m,2010s,4,4,2,5
21838,30.09286,80.241933,1989.0,26.34,1832.0,23.2,42.5,34.2,39.5,35.6,15.5,0.155,Grassland,48.8,Uttarakhand,Pithoragarh,Munsiari,Debris,2014,1500–2000 m,20–30°,1500–2000 mm,10–50 m,2010s,4,3,2,2
21839,30.092944,79.643083,1623.0,48.0,1659.0,23.2,33.7,43.1,39.4,35.2,16.2,0.162,Tree cover,760.3,Uttarakhand,Chamoli,Tharali,Rock,2018,1500–2000 m,40–50°,1500–2000 mm,500–1000 m,2010s,4,5,2,5
21840,30.093,79.65025,1683.0,41.73,1677.0,23.7,34.2,42.1,39.2,34.8,16.3,0.163,Tree cover,1401.8,Uttarakhand,Chamoli,Tharali,Rock,2018,1500–2000 m,40–50°,1500–2000 mm,>1000 m,2010s,4,5,2,6
21841,30.093111,79.6405,1602.0,45.71,1653.0,22.5,33.7,43.8,39.4,35.2,16.2,0.162,Tree cover,544.7,Uttarakhand,Chamoli,Tharali,Rock,2018,1500–2000 m,40–50°,1500–2000 mm,500–1000 m,2010s,4,5,2,5
21843,30.093214,79.629971,1558.0,46.47,1620.0,24.0,36.6,39.5,39.0,35.0,16.6,0.166,Grassland,370.8,Uttarakhand,Chamoli,Tharali,Rock,2018,1500–2000 m,40–50°,1500–2000 mm,100–500 m,2010s,4,5,2,4
21847,30.093458,79.91342,2309.0,37.65,1868.0,23.4,43.0,33.6,39.8,35.7,15.5,0.155,Tree cover,1.5,Uttarakhand,Bageshwar,Kapkot,Rock,2014,2000–3000 m,30–40°,1500–2000 mm,0–10 m,2010s,5,4,2,1
21848,30.093528,79.529333,1978.0,28.95,1857.0,22.4,34.1,43.5,38.9,35.8,15.4,0.154,Grassland,268.2,Uttarakhand,Chamoli,Tharali,Rock,2018,1500–2000 m,20–30°,1500–2000 mm,100–500 m,2010s,4,3,2,4
21850,30.093629,79.634834,1582.0,39.89,1653.0,23.3,31.2,45.5,39.4,34.5,16.2,0.162,Grassland,281.4,Uttarakhand,Chamoli,Tharali,Rock,2018,1500–2000 m,30–40°,1500–2000 mm,100–500 m,2010s,4,4,2,4
21851,30.093719,79.660665,1799.0,41.5,1705.0,22.6,32.9,44.5,38.9,35.5,16.0,0.16,Tree cover,2373.5,Uttarakhand,Chamoli,Tharali,Rock,2018,1500–2000 m,40–50°,1500–2000 mm,>1000 m,2010s,4,5,2,6
21852,30.093752,79.620671,1573.0,37.18,1620.0,23.7,29.7,46.6,39.0,35.4,16.2,0.162,Tree cover,434.4,Uttarakhand,Chamoli,Tharali,Rock,2016,1500–2000 m,30–40°,1500–2000 mm,100–500 m,2010s,4,4,2,4
21853,30.09395,79.621664,1552.0,45.41,1620.0,23.7,29.7,46.6,39.0,35.4,16.2,0.162,Tree cover,411.8,Uttarakhand,Chamoli,Tharali,Rock,2018,1500–2000 m,40–50°,1500–2000 mm,100–500 m,2010s,4,5,2,4
21855,30.094139,79.624056,1572.0,41.83,1620.0,24.2,30.2,45.7,39.0,35.4,16.2,0.162,Tree cover,434.7,Uttarakhand,Chamoli,Tharali,Rock,2018,1500–2000 m,40–50°,1500–2000 mm,100–500 m,2010s,4,5,2,4
21857,30.094183,79.597634,1663.0,32.76,1702.0,23.9,32.0,44.1,39.6,35.5,15.9,0.159,Tree cover,1.4,Uttarakhand,Chamoli,Tharali,Debris,2018,1500–2000 m,30–40°,1500–2000 mm,0–10 m,2010s,4,4,2,1
21858,30.094269,79.666443,1812.0,50.92,1705.0,23.1,37.0,39.9,38.9,35.5,16.0,0.16,Tree cover,1864.6,Uttarakhand,Chamoli,Tharali,Rock,2015,1500–2000 m,>50°,1500–2000 mm,>1000 m,2010s,4,6,2,6
21860,30.094458,79.860752,1919.0,38.03,1830.0,24.7,39.8,35.5,39.2,35.5,15.9,0.159,Grassland,811.4,Uttarakhand,Bageshwar,Kapkot,Rock,2013,1500–2000 m,30–40°,1500–2000 mm,500–1000 m,2010s,4,4,2,5
21861,30.094466,79.449456,1153.0,42.33,1348.0,22.5,36.2,41.3,39.2,35.6,14.0,0.14,Grassland,257.8,Uttarakhand,Chamoli,Tharali,Debris,2014,1000–1500 m,40–50°,<1500 mm,100–500 m,2010s,3,5,1,4
21862,30.0945,79.38662,1399.0,26.19,1428.0,20.3,35.1,44.6,39.3,34.6,16.4,0.164,Grassland,438.2,Uttarakhand,Chamoli,Tharali,Debris,2014,1000–1500 m,20–30°,<1500 mm,100–500 m,2010s,3,3,1,4
21864,30.094888,79.658516,1742.0,37.77,1705.0,22.6,33.1,44.3,38.9,35.5,16.0,0.16,Tree cover,2154.8,Uttarakhand,Chamoli,Tharali,Rock,2018,1500–2000 m,30–40°,1500–2000 mm,>1000 m,2010s,4,4,2,6
21865,30.094921,79.451012,1146.0,30.56,1381.0,22.9,36.1,41.0,39.3,36.0,16.3,0.163,Grassland,284.9,Uttarakhand,Chamoli,Tharali,Debris,2014,1000–1500 m,30–40°,<1500 mm,100–500 m,2010s,3,4,1,4
21866,30.094972,79.658889,1742.0,39.25,1705.0,22.6,33.1,44.3,38.9,35.5,16.0,0.16,Tree cover,2190.0,Uttarakhand,Chamoli,Tharali,Rock,2018,1500–2000 m,30–40°,1500–2000 mm,>1000 m,2010s,4,4,2,6
21868,30.095482,79.449858,1216.0,36.44,1348.0,22.5,36.2,41.3,39.2,35.6,14.0,0.14,Grassland,357.4,Uttarakhand,Chamoli,Tharali,Debris,2014,1000–1500 m,30–40°,<1500 mm,100–500 m,2010s,3,4,1,4
21869,30.09575,79.526583,2186.0,30.83,1857.0,22.1,35.5,42.5,39.2,34.9,15.3,0.153,Grassland,3.6,Uttarakhand,Chamoli,Tharali,Rock,2018,2000–3000 m,30–40°,1500–2000 mm,0–10 m,2010s,5,4,2,1
21873,30.097044,79.631319,1595.0,39.03,1620.0,22.7,31.3,46.0,39.4,34.5,16.2,0.162,Grassland,1.2,Uttarakhand,Chamoli,Tharali,Rock,2018,1500–2000 m,30–40°,1500–2000 mm,0–10 m,2010s,4,4,2,1
21875,30.097367,79.860172,1832.0,38.37,1830.0,24.4,39.9,35.7,39.2,35.5,15.9,0.159,Bare / sparse vegetation,516.8,Uttarakhand,Bageshwar,Kapkot,Rock,2013,1500–2000 m,30–40°,1500–2000 mm,500–1000 m,2010s,4,4,2,5
21877,30.098021,79.444218,1154.0,47.09,1348.0,23.3,36.5,40.3,39.2,35.6,14.0,0.14,Bare / sparse vegetation,444.4,Uttarakhand,Chamoli,Tharali,Rock,2013,1000–1500 m,40–50°,<1500 mm,100–500 m,2010s,3,5,1,4
21879,30.098031,79.617947,1677.0,35.43,1620.0,24.2,30.7,45.1,39.0,35.4,16.2,0.162,Grassland,5.8,Uttarakhand,Chamoli,Tharali,Rock,2018,1500–2000 m,30–40°,1500–2000 mm,0–10 m,2010s,4,4,2,1
21880,30.098125,79.667123,1905.0,39.87,1827.0,22.9,36.8,40.3,38.9,35.5,16.0,0.16,Grassland,1582.1,Uttarakhand,Chamoli,Tharali,Rock,2018,1500–2000 m,30–40°,1500–2000 mm,>1000 m,2010s,4,4,2,6
21883,30.098298,79.094485,1981.0,20.91,1818.0,25.6,36.4,38.0,39.9,36.4,18.0,0.18,Cropland,356.1,Uttarakhand,Pauri Garhwal,Chakisain,Rock,2013,1500–2000 m,20–30°,1500–2000 mm,100–500 m,2010s,4,3,2,4
21884,30.098389,79.615917,1652.0,23.04,1620.0,24.3,32.9,42.8,38.7,35.1,15.6,0.156,Grassland,136.0,Uttarakhand,Chamoli,Tharali,Rock,2012,1500–2000 m,20–30°,1500–2000 mm,100–500 m,2010s,4,3,2,4
21886,30.098659,79.666098,1915.0,37.88,1705.0,23.2,32.4,44.4,38.9,35.5,16.0,0.16,Built-up,1630.2,Uttarakhand,Chamoli,Tharali,Rock,2018,1500–2000 m,30–40°,1500–2000 mm,>1000 m,2010s,4,4,2,6
21891,30.099289,79.920112,2102.0,37.86,1889.0,24.8,42.5,32.7,39.4,36.0,16.0,0.16,Grassland,94.7,Uttarakhand,Bageshwar,Kapkot,Rock,2013,2000–3000 m,30–40°,1500–2000 mm,50–100 m,2010s,5,4,2,3
21892,30.099317,79.435956,1166.0,48.23,1320.0,23.2,35.5,41.3,38.3,34.4,14.4,0.144,Grassland,319.6,Uttarakhand,Chamoli,Tharali,Debris,2014,1000–1500 m,40–50°,<1500 mm,100–500 m,2010s,3,5,1,4
21893,30.099475,79.687764,2021.0,33.81,1860.0,22.1,36.5,41.4,39.3,34.8,16.3,0.163,Tree cover,5.0,Uttarakhand,Chamoli,Tharali,Rock,2018,2000–3000 m,30–40°,1500–2000 mm,0–10 m,2010s,5,4,2,1
21894,30.099635,79.688771,2065.0,35.79,1860.0,23.7,35.7,40.6,39.3,34.8,16.3,0.163,Grassland,71.3,Uttarakhand,Chamoli,Tharali,Rock,2018,2000–3000 m,30–40°,1500–2000 mm,50–100 m,2010s,5,4,2,3
21895,30.099665,79.430961,1176.0,25.23,1366.0,23.1,34.6,42.3,38.7,35.2,15.1,0.151,Grassland,53.6,Uttarakhand,Chamoli,Tharali,Debris,2013,1000–1500 m,20–30°,<1500 mm,50–100 m,2010s,3,3,1,3
21896,30.099722,79.085778,2042.0,28.76,1801.0,24.7,36.2,39.0,40.0,36.2,17.2,0.172,Grassland,1.8,Uttarakhand,Pauri Garhwal,Chakisain,Rock,2013,2000–3000 m,20–30°,1500–2000 mm,0–10 m,2010s,5,3,2,1
21897,30.100209,79.610048,1797.0,36.39,1809.0,23.3,32.4,44.3,38.7,35.1,15.6,0.156,Grassland,7.4,Uttarakhand,Chamoli,Tharali,Rock,2018,1500–2000 m,30–40°,1500–2000 mm,0–10 m,2010s,4,4,2,1
21898,30.100453,79.038016,1544.0,26.45,1547.0,22.1,33.5,44.4,39.8,36.1,15.9,0.159,Grassland,22.1,Uttarakhand,Pauri Garhwal,Chakisain,Rock,2012,1500–2000 m,20–30°,1500–2000 mm,10–50 m,2010s,4,3,2,2
21900,30.100496,79.607543,1801.0,36.32,1688.0,24.0,32.6,43.4,39.6,35.5,15.9,0.159,Grassland,2.1,Uttarakhand,Chamoli,Tharali,Debris,2018,1500–2000 m,30–40°,1500–2000 mm,0–10 m,2010s,4,4,2,1
21901,30.100807,79.675323,1968.0,37.25,1810.0,22.5,36.6,40.8,39.0,35.5,16.6,0.166,Tree cover,781.4,Uttarakhand,Chamoli,Tharali,Rock,2018,1500–2000 m,30–40°,1500–2000 mm,500–1000 m,2010s,4,4,2,5
21902,30.101302,79.03806,1546.0,32.0,1547.0,22.1,33.5,44.4,39.8,36.1,15.9,0.159,Grassland,14.4,Uttarakhand,Pauri Garhwal,Chakisain,Rock,2012,1500–2000 m,30–40°,1500–2000 mm,10–50 m,2010s,4,4,2,2
21903,30.101363,79.431506,1145.0,28.34,1332.0,23.2,35.1,41.7,38.7,35.2,15.1,0.151,Tree cover,4.0,Uttarakhand,Chamoli,Tharali,Debris,2013,1000–1500 m,20–30°,<1500 mm,0–10 m,2010s,3,3,1,1
21904,30.101563,79.387896,1533.0,31.4,1530.0,24.4,32.0,43.6,39.3,34.6,16.4,0.164,Grassland,98.3,Uttarakhand,Chamoli,Tharali,Debris,2018,1500–2000 m,30–40°,1500–2000 mm,50–100 m,2010s,4,4,2,3
21906,30.101736,79.090141,2069.0,29.92,2000.0,25.1,37.0,37.9,39.9,36.4,18.0,0.18,Grassland,64.9,Uttarakhand,Pauri Garhwal,Chakisain,Rock,2013,2000–3000 m,20–30°,1500–2000 mm,50–100 m,2010s,5,3,2,3
21910,30.102174,79.034568,1566.0,45.97,1547.0,23.5,34.9,41.5,39.9,36.0,15.8,0.158,Tree cover,39.1,Uttarakhand,Pauri Garhwal,Chakisain,Rock,2012,1500–2000 m,40–50°,1500–2000 mm,10–50 m,2010s,4,5,2,2
21911,30.102227,79.502189,1726.0,28.02,1565.0,23.3,34.1,42.6,38.9,34.9,15.5,0.155,Grassland,301.2,Uttarakhand,Chamoli,Tharali,Rock,2015,1500–2000 m,20–30°,1500–2000 mm,100–500 m,2010s,4,3,2,4
21912,30.102457,79.088619,2119.0,20.76,2000.0,25.2,36.4,38.4,40.0,36.2,17.2,0.172,Grassland,230.3,Uttarakhand,Pauri Garhwal,Chakisain,Rock,2013,2000–3000 m,20–30°,1500–2000 mm,100–500 m,2010s,5,3,2,4
21913,30.102998,79.504461,1561.0,32.9,1565.0,22.5,33.3,44.2,39.3,34.6,16.1,0.161,Tree cover,66.7,Uttarakhand,Chamoli,Tharali,Rock,2015,1500–2000 m,30–40°,1500–2000 mm,50–100 m,2010s,4,4,2,3
21915,30.103559,79.087525,2181.0,23.1,2000.0,25.9,38.8,35.2,39.5,35.2,17.2,0.172,Grassland,388.2,Uttarakhand,Pauri Garhwal,Chakisain,Rock,2013,2000–3000 m,20–30°,1500–2000 mm,100–500 m,2010s,5,3,2,4
21917,30.104249,79.602512,1704.0,31.17,1688.0,23.6,33.7,42.8,39.0,35.5,16.0,0.16,Tree cover,165.1,Uttarakhand,Chamoli,Tharali,Debris,2018,1500–2000 m,30–40°,1500–2000 mm,100–500 m,2010s,4,4,2,4
21919,30.104755,78.888088,1042.0,43.26,1246.0,21.4,36.7,41.8,40.5,34.9,15.3,0.153,Grassland,37.2,Uttarakhand,Garhwal,Pauri,Rock,1986,1000–1500 m,40–50°,<1500 mm,10–50 m,1980s,3,5,1,2
21920,30.105446,79.095478,2100.0,25.79,1938.0,24.8,37.8,37.4,39.2,35.4,16.9,0.169,Grassland,33.3,Uttarakhand,Pauri Garhwal,Chakisain,Rock,2013,2000–3000 m,20–30°,1500–2000 mm,10–50 m,2010s,5,3,2,2
21922,30.105911,79.505631,1572.0,32.89,1565.0,22.7,33.3,44.0,39.3,34.6,16.1,0.161,Built-up,12.9,Uttarakhand,Chamoli,Tharali,Debris,2014,1500–2000 m,30–40°,1500–2000 mm,10–50 m,2010s,4,4,2,2
21923,30.105912,80.243454,1785.0,47.15,1829.0,21.5,37.2,41.4,38.7,35.4,16.3,0.163,Grassland,17.0,Uttarakhand,Pithoragarh,Munsiari,Rock,2014,1500–2000 m,40–50°,1500–2000 mm,10–50 m,2010s,4,5,2,2
21928,30.106958,79.434624,1142.0,44.73,1355.0,22.4,35.1,42.5,38.6,35.4,14.3,0.143,Tree cover,243.0,Uttarakhand,Chamoli,Tharali,Rock,2016,1000–1500 m,40–50°,<1500 mm,100–500 m,2010s,3,5,1,4
21929,30.106994,80.236029,1748.0,21.99,1829.0,22.2,38.5,39.3,38.7,35.4,16.3,0.163,Bare / sparse vegetation,36.1,Uttarakhand,Pithoragarh,Munsiari,Rock,2014,1500–2000 m,20–30°,1500–2000 mm,10–50 m,2010s,4,3,2,2
21930,30.107224,79.680396,2151.0,36.24,1810.0,22.1,35.6,42.3,39.0,33.8,16.4,0.164,Tree cover,8.6,Uttarakhand,Chamoli,Tharali,Debris,2018,2000–3000 m,30–40°,1500–2000 mm,0–10 m,2010s,5,4,2,1
21933,30.107653,80.235951,1801.0,38.05,1829.0,21.7,38.4,39.9,38.7,35.4,16.3,0.163,Bare / sparse vegetation,62.3,Uttarakhand,Pithoragarh,Munsiari,Rock,2014,1500–2000 m,30–40°,1500–2000 mm,50–100 m,2010s,4,4,2,3
21934,30.107694,79.605778,1803.0,31.17,1688.0,23.6,33.5,42.9,39.0,35.5,16.0,0.16,Grassland,12.3,Uttarakhand,Chamoli,Tharali,Rock,2018,1500–2000 m,30–40°,1500–2000 mm,10–50 m,2010s,4,4,2,2
21935,30.107917,79.938167,2215.0,24.08,1909.0,19.2,45.9,34.9,39.5,36.3,16.2,0.162,Grassland,20.7,Uttarakhand,Bageshwar,Kapkot,Debris,2013,2000–3000 m,20–30°,1500–2000 mm,10–50 m,2010s,5,3,2,2
21936,30.107942,79.605975,1798.0,31.36,1688.0,23.6,33.5,42.9,39.0,35.5,16.0,0.16,Tree cover,21.0,Uttarakhand,Chamoli,Tharali,Rock,2018,1500–2000 m,30–40°,1500–2000 mm,10–50 m,2010s,4,4,2,2
21939,30.108974,79.432157,1097.0,39.31,1315.0,22.7,36.6,40.6,38.6,35.4,14.3,0.143,Grassland,208.5,Uttarakhand,Chamoli,Tharali,Rock,2016,1000–1500 m,30–40°,<1500 mm,100–500 m,2010s,3,4,1,4
21941,30.109258,79.68101,2211.0,31.82,1830.0,22.1,35.6,42.3,39.0,33.8,16.4,0.164,Tree cover,27.5,Uttarakhand,Chamoli,Tharali,Debris,2018,2000–3000 m,30–40°,1500–2000 mm,10–50 m,2010s,5,4,2,2
21942,30.11,80.25,1409.0,16.07,1759.0,21.7,37.5,40.8,37.1,34.9,16.3,0.163,Tree cover,573.7,Uttarakhand,Chamoli,Munsiari,Rock,2016,1000–1500 m,10–20°,1500–2000 mm,500–1000 m,2010s,3,2,2,5
21946,30.111375,79.072187,2167.0,22.39,1928.0,24.4,36.4,39.1,40.2,35.8,16.9,0.169,Grassland,193.5,Uttarakhand,Pauri Garhwal,Chakisain,Rock,2012,2000–3000 m,20–30°,1500–2000 mm,100–500 m,2010s,5,3,2,4
21948,30.111806,79.613806,2073.0,38.95,1836.0,18.8,39.2,42.0,40.0,34.9,16.0,0.16,Tree cover,4.8,Uttarakhand,Chamoli,Tharali,Rock,2018,2000–3000 m,30–40°,1500–2000 mm,0–10 m,2010s,5,4,2,1
21950,30.112649,79.097002,2361.0,19.26,2084.0,25.4,38.0,36.7,39.4,35.7,17.3,0.173,Grassland,843.4,Uttarakhand,Pauri Garhwal,Chakisain,Rock,2013,2000–3000 m,10–20°,2000–2500 mm,500–1000 m,2010s,5,2,3,5
21951,30.113056,79.605194,1790.0,25.69,1717.0,25.3,34.3,40.5,40.0,34.9,16.0,0.16,Tree cover,1.9,Uttarakhand,Chamoli,Tharali,Rock,2018,1500–2000 m,20–30°,1500–2000 mm,0–10 m,2010s,4,3,2,1
21952,30.113583,79.42825,1113.0,37.83,1315.0,22.7,35.5,41.8,38.5,35.2,14.1,0.141,Grassland,0.0,Uttarakhand,Chamoli,Tharali,Debris,2013,1000–1500 m,30–40°,<1500 mm,0–10 m,2010s,3,4,1,1
21953,30.113614,79.607463,1923.0,37.31,1717.0,25.4,34.8,39.9,40.0,34.9,16.0,0.16,Grassland,9.6,Uttarakhand,Chamoli,Tharali,Debris,2018,1500–2000 m,30–40°,1500–2000 mm,0–10 m,2010s,4,4,2,1
21954,30.113775,79.427598,1137.0,23.8,1315.0,22.9,35.8,41.3,39.3,35.5,14.7,0.147,Tree cover,38.1,Uttarakhand,Chamoli,Tharali,Rock,2016,1000–1500 m,20–30°,<1500 mm,10–50 m,2010s,3,3,1,2
21956,30.11386,79.430294,1143.0,30.65,1315.0,23.1,35.5,41.4,38.5,35.2,14.1,0.141,Tree cover,193.6,Uttarakhand,Chamoli,Tharali,Rock,2016,1000–1500 m,30–40°,<1500 mm,100–500 m,2010s,3,4,1,4
21957,30.114104,79.611446,2061.0,31.24,1836.0,23.9,35.3,40.8,40.0,34.9,16.0,0.16,Grassland,3.8,Uttarakhand,Chamoli,Tharali,Debris,2018,2000–3000 m,30–40°,1500–2000 mm,0–10 m,2010s,5,4,2,1
21961,30.115447,79.031835,1913.0,35.8,1632.0,25.3,36.2,38.5,39.2,35.3,16.0,0.16,Grassland,2.8,Uttarakhand,Pauri Garhwal,Chakisain,Rock,2011,1500–2000 m,30–40°,1500–2000 mm,0–10 m,2010s,4,4,2,1
21964,30.116589,79.682818,2266.0,37.39,1830.0,21.9,37.7,40.4,39.8,34.8,16.6,0.166,Tree cover,19.0,Uttarakhand,Chamoli,Tharali,Rock,2018,2000–3000 m,30–40°,1500–2000 mm,10–50 m,2010s,5,4,2,2
21965,30.117166,79.426897,1124.0,49.41,1417.0,21.9,35.4,42.7,39.3,35.5,14.7,0.147,Tree cover,166.7,Uttarakhand,Chamoli,Tharali,Rock,2016,1000–1500 m,40–50°,<1500 mm,100–500 m,2010s,3,5,1,4
21971,30.118833,79.275028,1842.0,35.97,1807.0,22.4,35.8,41.9,39.2,35.2,16.5,0.165,Tree cover,52.5,Uttarakhand,Chamoli,Gairsain,Rock,2016,1500–2000 m,30–40°,1500–2000 mm,50–100 m,2010s,4,4,2,3
21976,30.12,80.25,1412.0,42.6,1810.0,21.2,36.6,42.2,39.2,36.1,14.9,0.149,Grassland,814.4,Uttarakhand,Chamoli,Munsiari,Debris,2009,1000–1500 m,40–50°,1500–2000 mm,500–1000 m,2000s,3,5,2,5
21979,30.120698,79.700945,2433.0,35.02,1997.0,23.4,42.1,34.5,39.7,34.9,15.8,0.158,Grassland,74.7,Uttarakhand,Chamoli,Tharali,Rock,2016,2000–3000 m,30–40°,1500–2000 mm,50–100 m,2010s,5,4,2,3
21981,30.121188,79.701182,2416.0,37.09,1997.0,23.4,42.1,34.5,39.7,34.9,15.8,0.158,Grassland,38.8,Uttarakhand,Chamoli,Tharali,Rock,2018,2000–3000 m,30–40°,1500–2000 mm,10–50 m,2010s,5,4,2,2
21985,30.121518,79.698191,2398.0,39.31,1933.0,23.6,37.2,39.2,39.7,34.9,15.8,0.158,Grassland,15.8,Uttarakhand,Chamoli,Tharali,Rock,2018,2000–3000 m,30–40°,1500–2000 mm,10–50 m,2010s,5,4,2,2
21986,30.121528,79.611722,1976.0,37.2,1816.0,18.9,45.5,35.6,39.9,35.1,16.3,0.163,Tree cover,344.6,Uttarakhand,Chamoli,Tharali,Debris,2016,1500–2000 m,30–40°,1500–2000 mm,100–500 m,2010s,4,4,2,4
21987,30.121671,79.699269,2391.0,41.43,1933.0,23.6,37.2,39.2,39.7,34.9,15.8,0.158,Tree cover,10.2,Uttarakhand,Chamoli,Tharali,Rock,2018,2000–3000 m,40–50°,1500–2000 mm,10–50 m,2010s,5,5,2,2
21988,30.121757,79.717596,2326.0,42.09,1949.0,18.4,45.6,36.0,39.2,34.8,16.9,0.169,Tree cover,1386.8,Uttarakhand,Chamoli,Tharali,Rock,2018,2000–3000 m,40–50°,1500–2000 mm,>1000 m,2010s,5,5,2,6
21989,30.121877,79.701819,2387.0,43.74,1997.0,23.4,42.1,34.5,39.7,34.9,15.8,0.158,Tree cover,29.4,Uttarakhand,Chamoli,Tharali,Rock,2018,2000–3000 m,40–50°,1500–2000 mm,10–50 m,2010s,5,5,2,2
21990,30.122033,80.241184,1795.0,40.87,1824.0,20.5,40.1,39.3,39.4,35.3,15.2,0.152,Grassland,9.0,Uttarakhand,Pithoragarh,Munsiari,Rock,2014,1500–2000 m,40–50°,1500–2000 mm,0–10 m,2010s,4,5,2,1
21991,30.122162,79.702466,2396.0,44.25,1997.0,24.6,41.3,34.1,40.2,34.7,16.2,0.162,Tree cover,44.1,Uttarakhand,Chamoli,Tharali,Rock,2018,2000–3000 m,40–50°,1500–2000 mm,10–50 m,2010s,5,5,2,2
21992,30.122306,79.608889,1929.0,26.18,1816.0,18.4,45.4,36.2,39.0,34.9,16.6,0.166,Grassland,325.2,Uttarakhand,Chamoli,Tharali,Debris,2018,1500–2000 m,20–30°,1500–2000 mm,100–500 m,2010s,4,3,2,4
21994,30.122525,79.702884,2403.0,35.62,1997.0,24.6,41.3,34.1,40.2,34.7,16.2,0.162,Bare / sparse vegetation,65.6,Uttarakhand,Chamoli,Tharali,Rock,2018,2000–3000 m,30–40°,1500–2000 mm,50–100 m,2010s,5,4,2,3
21995,30.122664,79.381445,1282.0,23.74,1414.0,22.3,35.9,41.8,38.5,34.6,14.6,0.146,Grassland,317.1,Uttarakhand,Chamoli,Tharali,Rock,2013,1000–1500 m,20–30°,<1500 mm,100–500 m,2010s,3,3,1,4
21997,30.123504,79.728063,2459.0,45.35,2003.0,23.6,44.5,31.9,39.6,35.5,16.9,0.169,Tree cover,1386.0,Uttarakhand,Chamoli,Tharali,Rock,2018,2000–3000 m,40–50°,2000–2500 mm,>1000 m,2010s,5,5,3,6
22004,30.1245,79.607444,1970.0,18.69,1806.0,18.5,45.7,35.8,39.0,34.9,16.6,0.166,Grassland,437.5,Uttarakhand,Chamoli,Tharali,Debris,2018,1500–2000 m,10–20°,1500–2000 mm,100–500 m,2010s,4,2,2,4
22005,30.124645,79.6182,2249.0,36.44,1945.0,19.3,44.8,35.9,39.9,35.1,16.3,0.163,Tree cover,24.6,Uttarakhand,Chamoli,Tharali,Rock,2018,2000–3000 m,30–40°,1500–2000 mm,10–50 m,2010s,5,4,2,2
22007,30.124972,79.952917,2158.0,24.59,1905.0,19.6,46.5,33.9,39.4,38.2,16.9,0.169,Tree cover,77.6,Uttarakhand,Bageshwar,Kapkot,Debris,2013,2000–3000 m,20–30°,1500–2000 mm,50–100 m,2010s,5,3,2,3
22008,30.125109,79.616966,2161.0,29.59,1930.0,19.3,45.0,35.8,39.9,35.1,16.3,0.163,Bare / sparse vegetation,14.5,Uttarakhand,Chamoli,Tharali,Rock,2018,2000–3000 m,20–30°,1500–2000 mm,10–50 m,2010s,5,3,2,2
22010,30.125424,79.616846,2177.0,30.98,1930.0,19.3,45.0,35.8,39.9,35.1,16.3,0.163,Built-up,11.2,Uttarakhand,Chamoli,Tharali,Rock,2018,2000–3000 m,30–40°,1500–2000 mm,10–50 m,2010s,5,4,2,2
22011,30.125504,79.61787,2228.0,32.14,1930.0,19.3,45.0,35.8,39.9,35.1,16.3,0.163,Grassland,9.8,Uttarakhand,Chamoli,Tharali,Debris,2018,2000–3000 m,30–40°,1500–2000 mm,0–10 m,2010s,5,4,2,1
22012,30.125818,79.383163,1236.0,39.36,1331.0,21.6,36.8,41.6,38.5,34.6,14.6,0.146,Grassland,239.0,Uttarakhand,Chamoli,Tharali,Rock,2013,1000–1500 m,30–40°,<1500 mm,100–500 m,2010s,3,4,1,4
22013,30.126283,79.724059,2316.0,44.82,1938.0,22.3,44.7,33.1,39.2,34.8,16.9,0.169,Tree cover,1010.5,Uttarakhand,Chamoli,Tharali,Debris,2018,2000–3000 m,40–50°,1500–2000 mm,>1000 m,2010s,5,5,2,6
22014,30.1269,79.724091,2331.0,36.97,1938.0,22.3,44.7,33.1,39.2,34.8,16.9,0.169,Tree cover,942.0,Uttarakhand,Chamoli,Tharali,Debris,2018,2000–3000 m,30–40°,1500–2000 mm,500–1000 m,2010s,5,4,2,5
22015,30.127149,79.51638,1740.0,48.98,1631.0,24.3,30.6,45.1,39.1,35.3,15.8,0.158,Bare / sparse vegetation,38.5,Uttarakhand,Chamoli,Tharali,Rock,2016,1500–2000 m,40–50°,1500–2000 mm,10–50 m,2010s,4,5,2,2
22016,30.127728,79.001654,1453.0,30.02,1366.0,22.6,35.2,42.3,39.5,35.3,15.8,0.158,Grassland,17.4,Uttarakhand,Pauri Garhwal,Chakisain,Rock,2011,1000–1500 m,30–40°,<1500 mm,10–50 m,2010s,3,4,1,2
22017,30.128472,79.520806,1658.0,29.12,1593.0,24.0,31.1,44.9,39.2,34.9,15.8,0.158,Grassland,4.9,Uttarakhand,Chamoli,Tharali,Rock,2018,1500–2000 m,20–30°,1500–2000 mm,0–10 m,2010s,4,3,2,1
22020,30.130425,79.722087,2358.0,36.18,1938.0,19.6,45.7,34.7,39.8,36.1,17.1,0.171,Grassland,568.6,Uttarakhand,Chamoli,Tharali,Rock,2018,2000–3000 m,30–40°,1500–2000 mm,500–1000 m,2010s,5,4,2,5
22021,30.13075,79.958361,2213.0,21.96,1914.0,19.6,47.0,33.4,39.4,37.7,16.1,0.161,Tree cover,43.1,Uttarakhand,Bageshwar,Kapkot,Debris,2013,2000–3000 m,20–30°,1500–2000 mm,10–50 m,2010s,5,3,2,2
22022,30.131438,79.619928,2287.0,37.24,1930.0,24.5,39.9,35.6,39.6,35.4,16.3,0.163,Tree cover,6.0,Uttarakhand,Chamoli,Tharali,Rock,2018,2000–3000 m,30–40°,1500–2000 mm,0–10 m,2010s,5,4,2,1
22028,30.132697,79.079259,1974.0,34.28,1770.0,24.5,40.4,35.1,39.9,36.1,16.9,0.169,Grassland,43.6,Uttarakhand,Pauri Garhwal,Thailisain,Rock,2011,1500–2000 m,30–40°,1500–2000 mm,10–50 m,2010s,4,4,2,2
22029,30.133156,79.71915,2373.0,43.44,1938.0,19.5,45.1,35.4,39.8,36.1,17.1,0.171,Tree cover,406.9,Uttarakhand,Chamoli,Tharali,Rock,2018,2000–3000 m,40–50°,1500–2000 mm,100–500 m,2010s,5,5,2,4
22032,30.134056,79.619528,2274.0,39.15,1887.0,23.9,40.4,35.7,39.6,35.4,16.3,0.163,Grassland,1.9,Uttarakhand,Chamoli,Tharali,Rock,2018,2000–3000 m,30–40°,1500–2000 mm,0–10 m,2010s,5,4,2,1
22036,30.134972,79.62075,2147.0,35.86,1887.0,23.7,40.0,36.2,39.6,35.4,16.3,0.163,Tree cover,2.4,Uttarakhand,Chamoli,Tharali,Rock,2018,2000–3000 m,30–40°,1500–2000 mm,0–10 m,2010s,5,4,2,1
22037,30.135333,79.62025,2172.0,35.88,1887.0,23.9,40.4,35.7,39.6,35.4,16.3,0.163,Tree cover,9.5,Uttarakhand,Chamoli,Tharali,Rock,2018,2000–3000 m,30–40°,1500–2000 mm,0–10 m,2010s,5,4,2,1
22038,30.135708,79.71699,2359.0,41.79,1990.0,19.9,44.6,35.5,40.1,35.4,16.4,0.164,Tree cover,284.4,Uttarakhand,Chamoli,Tharali,Rock,2018,2000–3000 m,40–50°,1500–2000 mm,100–500 m,2010s,5,5,2,4
22045,30.138602,79.617579,2391.0,36.92,1887.0,18.4,46.5,35.2,39.2,35.6,16.3,0.163,Grassland,13.6,Uttarakhand,Chamoli,Tharali,Rock,2014,2000–3000 m,30–40°,1500–2000 mm,10–50 m,2010s,5,4,2,2
22047,30.138845,79.434579,1870.0,40.9,1767.0,20.6,37.3,42.2,39.6,34.7,16.4,0.164,Grassland,618.2,Uttarakhand,Chamoli,Tharali,Debris,2013,1500–2000 m,40–50°,1500–2000 mm,500–1000 m,2010s,4,5,2,5
22048,30.138901,79.617747,2382.0,37.64,1887.0,18.4,46.5,35.2,39.2,35.6,16.3,0.163,Tree cover,10.2,Uttarakhand,Chamoli,Tharali,Debris,2014,2000–3000 m,30–40°,1500–2000 mm,10–50 m,2010s,5,4,2,2
22052,30.140018,79.428861,1612.0,32.55,1546.0,19.7,38.0,42.3,39.0,34.7,16.0,0.16,Grassland,165.8,Uttarakhand,Chamoli,Tharali,Debris,2018,1500–2000 m,30–40°,1500–2000 mm,100–500 m,2010s,4,4,2,4
22053,30.140639,79.966361,2263.0,32.13,1900.0,23.2,44.9,31.9,39.2,38.3,16.3,0.163,Bare / sparse vegetation,62.2,Uttarakhand,Bageshwar,Kapkot,Debris,2013,2000–3000 m,30–40°,1500–2000 mm,50–100 m,2010s,5,4,2,3
22054,30.14133,79.426447,1692.0,34.77,1546.0,24.7,32.8,42.4,39.0,34.7,16.0,0.16,Tree cover,207.4,Uttarakhand,Chamoli,Tharali,Debris,2013,1500–2000 m,30–40°,1500–2000 mm,100–500 m,2010s,4,4,2,4
22056,30.143062,79.429838,1866.0,52.95,1853.0,20.4,37.1,42.4,39.0,34.7,16.0,0.16,Grassland,482.6,Uttarakhand,Chamoli,Tharali,Rock,2016,1500–2000 m,>50°,1500–2000 mm,100–500 m,2010s,4,6,2,4
22057,30.143473,79.373874,1028.0,33.51,1258.0,22.8,36.4,40.9,38.1,34.5,14.5,0.145,Grassland,2.9,Uttarakhand,Chamoli,Tharali,Debris,2014,1000–1500 m,30–40°,<1500 mm,0–10 m,2010s,3,4,1,1
22059,30.143818,79.429579,1952.0,49.86,1853.0,23.8,32.3,43.9,39.0,34.7,16.0,0.16,Grassland,547.0,Uttarakhand,Chamoli,Tharali,Rock,2014,1500–2000 m,40–50°,1500–2000 mm,500–1000 m,2010s,4,5,2,5
22061,30.144318,79.428388,1979.0,55.09,1853.0,23.8,32.3,43.9,39.0,34.7,16.0,0.16,Grassland,567.8,Uttarakhand,Chamoli,Tharali,Rock,2014,1500–2000 m,>50°,1500–2000 mm,500–1000 m,2010s,4,6,2,5
22062,30.145589,79.43004,2162.0,41.62,1853.0,24.0,32.6,43.4,39.0,34.7,16.0,0.16,Grassland,746.7,Uttarakhand,Chamoli,Tharali,Rock,2014,2000–3000 m,40–50°,1500–2000 mm,500–1000 m,2010s,5,5,2,5
22064,30.149139,79.724778,2122.0,38.48,1890.0,20.9,44.9,34.1,40.4,35.9,17.2,0.172,Tree cover,10.7,Uttarakhand,Chamoli,Tharali,Rock,2018,2000–3000 m,30–40°,1500–2000 mm,10–50 m,2010s,5,4,2,2
22070,30.151742,79.495386,2337.0,28.57,2051.0,19.5,44.6,35.9,40.2,35.7,16.9,0.169,Tree cover,370.4,Uttarakhand,Chamoli,Tharali,Debris,2006,2000–3000 m,20–30°,2000–2500 mm,100–500 m,2000s,5,3,3,4
22074,30.154455,79.701919,2236.0,26.96,1854.0,19.5,45.9,34.6,40.2,35.7,17.1,0.171,Grassland,747.2,Uttarakhand,Chamoli,Tharali,Rock,2018,2000–3000 m,20–30°,1500–2000 mm,500–1000 m,2010s,5,3,2,5
22077,30.159301,79.319942,1489.0,34.85,1491.0,22.9,33.3,43.7,38.9,34.9,15.7,0.157,Grassland,22.3,Uttarakhand,Chamoli,Tharali,Rock,2016,1000–1500 m,30–40°,<1500 mm,10–50 m,2010s,3,4,1,2
22078,30.16,80.33,3490.0,43.65,1482.0,20.2,49.9,29.8,39.5,37.2,16.6,0.166,Grassland,6875.8,Uttarakhand,Chamoli,Munsiari,Rock,2000,>3000 m,40–50°,<1500 mm,>1000 m,2000s,6,5,1,6
22079,30.161389,79.620128,2356.0,29.91,1913.0,25.6,42.5,31.9,39.7,36.3,16.6,0.166,Grassland,42.1,Uttarakhand,Chamoli,Tharali,Debris,2014,2000–3000 m,20–30°,1500–2000 mm,10–50 m,2010s,5,3,2,2
22081,30.164056,79.710417,1993.0,41.94,1809.0,22.5,41.3,36.2,41.2,35.9,17.1,0.171,Bare / sparse vegetation,7.1,Uttarakhand,Chamoli,Tharali,Rock,2014,1500–2000 m,40–50°,1500–2000 mm,0–10 m,2010s,4,5,2,1
22083,30.164452,79.281929,1613.0,38.43,1557.0,26.1,30.5,43.3,39.1,36.1,16.3,0.163,Grassland,8.8,Uttarakhand,Chamoli,Karanprayag,Rock,2017,1500–2000 m,30–40°,1500–2000 mm,0–10 m,2010s,4,4,2,1
22092,30.173278,79.380278,1486.0,35.82,1421.0,20.4,34.7,44.9,39.0,33.7,14.7,0.147,Grassland,7.3,Uttarakhand,Chamoli,Tharali,Debris,2018,1000–1500 m,30–40°,<1500 mm,0–10 m,2010s,3,4,1,1
22096,30.174248,79.287903,1377.0,35.38,1298.0,23.0,34.0,43.1,38.7,35.4,16.1,0.161,Grassland,5.5,Uttarakhand,Chamoli,Karanprayag,Rock,2017,1000–1500 m,30–40°,<1500 mm,0–10 m,2010s,3,4,1,1
22098,30.174711,79.048546,1623.0,48.58,1480.0,23.8,33.5,42.8,39.0,35.4,15.6,0.156,Grassland,25.6,Uttarakhand,Pauri Garhwal,Thailisain,Rock,2017,1500–2000 m,40–50°,<1500 mm,10–50 m,2010s,4,5,1,2
22104,30.178139,79.385778,1405.0,38.73,1401.0,21.0,35.1,43.8,39.2,34.2,15.1,0.151,Grassland,1.5,Uttarakhand,Chamoli,Tharali,Rock,2014,1000–1500 m,30–40°,<1500 mm,0–10 m,2010s,3,4,1,1
22110,30.180264,79.379642,1513.0,38.45,1369.0,20.6,33.8,45.5,39.2,34.2,15.1,0.151,Grassland,4.9,Uttarakhand,Chamoli,Tharali,Rock,2014,1500–2000 m,30–40°,<1500 mm,0–10 m,2010s,4,4,1,1
22111,30.180387,79.253461,1469.0,15.65,1341.0,23.6,36.1,40.4,38.9,35.3,15.4,0.154,Grassland,211.7,Uttarakhand,Chamoli,Karanprayag,Debris,2016,1000–1500 m,10–20°,<1500 mm,100–500 m,2010s,3,2,1,4
22116,30.182194,78.210778,577.0,3.87,1720.0,23.4,36.1,40.5,39.7,34.2,15.5,0.155,Built-up,4.6,Uttarakhand,Dehradun,Rishikesh,Debris,2015,500–1000 m,0–10°,1500–2000 mm,0–10 m,2010s,2,1,2,1
22123,30.184498,79.161057,1694.0,40.87,1554.0,24.5,33.8,41.7,40.1,35.6,17.3,0.173,Grassland,2.9,Uttarakhand,Chamoli,Gairsain,Rock,2017,1500–2000 m,40–50°,1500–2000 mm,0–10 m,2010s,4,5,2,1
22124,30.186177,79.380843,1620.0,33.64,1588.0,24.7,32.9,42.4,39.1,34.5,14.7,0.147,Grassland,18.8,Uttarakhand,Chamoli,Tharali,Debris,2014,1500–2000 m,30–40°,1500–2000 mm,10–50 m,2010s,4,4,2,2
22126,30.187944,79.256694,1535.0,37.45,1422.0,24.2,34.3,41.5,39.1,35.3,15.8,0.158,Built-up,0.9,Uttarakhand,Chamoli,Karanprayag,Debris,2013,1500–2000 m,30–40°,<1500 mm,0–10 m,2010s,4,4,1,1
22141,30.193722,79.309556,902.0,31.36,1205.0,24.1,38.3,37.6,39.4,34.4,15.3,0.153,Grassland,14.7,Uttarakhand,Chamoli,Karanprayag,Debris,2013,500–1000 m,30–40°,<1500 mm,10–50 m,2010s,2,4,1,2
22145,30.195477,79.301949,914.0,27.62,1177.0,24.6,37.7,37.6,39.1,34.9,15.1,0.151,Grassland,206.6,Uttarakhand,Chamoli,Karanprayag,Debris,2016,500–1000 m,20–30°,<1500 mm,100–500 m,2010s,2,3,1,4
22154,30.199207,79.310819,1178.0,44.05,1205.0,23.8,38.5,37.7,39.4,34.4,15.3,0.153,Grassland,525.8,Uttarakhand,Chamoli,Karanprayag,Rock,2014,1000–1500 m,40–50°,<1500 mm,500–1000 m,2010s,3,5,1,5
22157,30.200111,79.278722,886.0,36.91,1166.0,22.6,37.6,39.8,37.9,34.4,15.3,0.153,Built-up,2.0,Uttarakhand,Chamoli,Karanprayag,Debris,2013,500–1000 m,30–40°,<1500 mm,0–10 m,2010s,2,4,1,1
22158,30.20048,79.333374,1216.0,46.23,1246.0,23.0,38.5,38.5,38.1,34.0,14.9,0.149,Tree cover,782.8,Uttarakhand,Chamoli,Karanprayag,Rock,2017,1000–1500 m,40–50°,<1500 mm,500–1000 m,2010s,3,5,1,5
22159,30.20075,79.464028,1799.0,28.91,1604.0,24.0,35.1,40.9,39.5,35.0,15.9,0.159,Grassland,1.0,Uttarakhand,Chamoli,Chamoli,Debris,2013,1500–2000 m,20–30°,1500–2000 mm,0–10 m,2010s,4,3,2,1
22162,30.202167,79.465167,1823.0,37.59,1604.0,22.4,34.0,43.6,39.0,34.7,15.6,0.156,Tree cover,8.9,Uttarakhand,Chamoli,Chamoli,Debris,2013,1500–2000 m,30–40°,1500–2000 mm,0–10 m,2010s,4,4,2,1
22167,30.208944,79.241056,1197.0,46.34,1232.0,22.9,36.0,41.1,39.2,35.0,15.8,0.158,Grassland,8.7,Uttarakhand,Chamoli,Karanprayag,Rock,2017,1000–1500 m,40–50°,<1500 mm,0–10 m,2010s,3,5,1,1
22168,30.209,79.199694,1849.0,36.52,1805.0,30.2,33.0,36.8,40.0,35.6,17.2,0.172,Tree cover,11.2,Uttarakhand,Chamoli,Karanprayag,Rock,2018,1500–2000 m,30–40°,1500–2000 mm,10–50 m,2010s,4,4,2,2
22171,30.210743,79.481492,2093.0,35.08,1857.0,23.4,39.4,37.2,39.2,36.1,16.3,0.163,Grassland,67.2,Uttarakhand,Chamoli,Chamoli,Rock,2014,2000–3000 m,30–40°,1500–2000 mm,50–100 m,2010s,5,4,2,3
22174,30.210809,79.48275,2102.0,19.72,1857.0,22.9,40.3,36.8,39.2,36.1,16.3,0.163,Grassland,187.9,Uttarakhand,Chamoli,Chamoli,Rock,2014,2000–3000 m,10–20°,1500–2000 mm,100–500 m,2010s,5,2,2,4
22182,30.215194,79.274917,870.0,28.59,1167.0,23.7,38.6,37.8,37.8,35.4,14.8,0.148,Tree cover,7.0,Uttarakhand,Chamoli,Karanprayag,Rock,2013,500–1000 m,20–30°,<1500 mm,0–10 m,2010s,2,3,1,1
22184,30.21646,79.4678,2013.0,26.41,1804.0,23.4,36.2,40.5,39.2,34.3,15.3,0.153,Bare / sparse vegetation,596.0,Uttarakhand,Chamoli,Chamoli,Rock,2014,2000–3000 m,20–30°,1500–2000 mm,500–1000 m,2010s,5,3,2,5
22186,30.21734,79.450117,1611.0,38.73,1516.0,22.9,33.2,43.9,39.3,34.1,16.3,0.163,Grassland,9.3,Uttarakhand,Chamoli,Chamoli,Debris,2016,1500–2000 m,30–40°,1500–2000 mm,0–10 m,2010s,4,4,2,1
22188,30.217937,79.464015,1960.0,37.78,1683.0,23.9,34.4,41.6,39.2,34.3,15.3,0.153,Tree cover,548.9,Uttarakhand,Chamoli,Chamoli,Rock,2014,1500–2000 m,30–40°,1500–2000 mm,500–1000 m,2010s,4,4,2,5
22193,30.22082,79.25258,889.0,44.56,1151.0,24.6,38.1,37.4,38.2,34.8,15.0,0.15,Grassland,8.0,Uttarakhand,Chamoli,Karanprayag,Debris,2014,500–1000 m,40–50°,<1500 mm,0–10 m,2010s,2,5,1,1
22195,30.222338,79.253315,873.0,47.73,1151.0,24.9,38.4,36.6,38.2,34.8,15.0,0.15,Grassland,15.6,Uttarakhand,Chamoli,Karanprayag,Rock,2014,500–1000 m,40–50°,<1500 mm,10–50 m,2010s,2,5,1,2
22204,30.223972,79.272361,862.0,38.57,1156.0,24.5,37.6,37.9,38.0,35.7,14.6,0.146,Built-up,4.4,Uttarakhand,Chamoli,Karanprayag,Rock,2013,500–1000 m,30–40°,<1500 mm,0–10 m,2010s,2,4,1,1
22210,30.225343,79.464234,2002.0,27.05,1791.0,24.3,33.0,42.7,39.7,35.1,16.2,0.162,Grassland,679.6,Uttarakhand,Chamoli,Chamoli,Rock,2014,2000–3000 m,20–30°,1500–2000 mm,500–1000 m,2010s,5,3,2,5
22211,30.225374,79.463079,1979.0,32.37,1791.0,24.1,34.1,41.8,38.8,34.4,15.4,0.154,Tree cover,592.2,Uttarakhand,Chamoli,Chamoli,Rock,2014,1500–2000 m,30–40°,1500–2000 mm,500–1000 m,2010s,4,4,2,5
22213,30.226278,79.444833,1578.0,24.86,1430.0,22.9,33.4,43.7,39.1,33.9,15.6,0.156,Grassland,7.0,Uttarakhand,Chamoli,Chamoli,Debris,2016,1500–2000 m,20–30°,<1500 mm,0–10 m,2010s,4,3,1,1
22215,30.226462,79.461856,1994.0,21.13,1791.0,24.0,33.3,42.7,38.8,34.4,15.4,0.154,Grassland,423.6,Uttarakhand,Chamoli,Chamoli,Rock,2014,1500–2000 m,20–30°,1500–2000 mm,100–500 m,2010s,4,3,2,4
22217,30.226901,79.298991,1625.0,42.01,1406.0,21.1,33.7,45.1,39.3,34.1,15.9,0.159,Grassland,0.3,Uttarakhand,Chamoli,Karanprayag,Rock,2017,1500–2000 m,40–50°,<1500 mm,0–10 m,2010s,4,5,1,1
22223,30.230843,79.448538,1600.0,21.72,1430.0,23.7,33.2,43.1,39.0,33.9,16.0,0.16,Bare / sparse vegetation,61.1,Uttarakhand,Chamoli,Chamoli,Rock,2014,1500–2000 m,20–30°,<1500 mm,50–100 m,2010s,4,3,1,3
22224,30.231295,79.267228,1093.0,36.76,1154.0,24.1,37.6,38.4,38.8,35.2,14.8,0.148,Tree cover,217.2,Uttarakhand,Chamoli,Karanprayag,Rock,2014,1000–1500 m,30–40°,<1500 mm,100–500 m,2010s,3,4,1,4
22227,30.233056,78.233111,847.0,37.2,1858.0,22.7,35.5,41.8,39.3,34.3,15.5,0.155,Tree cover,203.6,Uttarakhand,Dehradun,Rishikesh,Debris,2012,500–1000 m,30–40°,1500–2000 mm,100–500 m,2010s,2,4,2,4
22232,30.236533,79.441143,1621.0,37.37,1644.0,25.4,32.6,42.1,39.2,34.7,17.4,0.174,Grassland,185.7,Uttarakhand,Chamoli,Chamoli,Rock,2017,1500–2000 m,30–40°,1500–2000 mm,100–500 m,2010s,4,4,2,4
22274,30.250972,79.228278,823.0,30.49,1132.0,23.7,38.7,37.5,39.1,34.9,14.5,0.145,Tree cover,5.3,Uttarakhand,Chamoli,Karanprayag,Debris,2013,500–1000 m,30–40°,<1500 mm,0–10 m,2010s,2,4,1,1
22321,30.268903,79.618879,2212.0,40.05,1885.0,23.7,43.0,33.3,39.5,36.4,16.2,0.162,Tree cover,2756.1,Uttarakhand,Chamoli,Chamoli,Rock,2014,2000–3000 m,40–50°,1500–2000 mm,>1000 m,2010s,5,5,2,6
22345,30.273956,79.605988,2282.0,39.13,1839.0,20.0,46.9,33.1,39.3,36.9,17.3,0.173,Grassland,2431.5,Uttarakhand,Chamoli,Chamoli,Rock,2014,2000–3000 m,30–40°,1500–2000 mm,>1000 m,2010s,5,4,2,6
22347,30.27407,79.605416,2291.0,34.91,1839.0,20.0,46.9,33.1,39.3,36.9,17.3,0.173,Grassland,2408.0,Uttarakhand,Chamoli,Chamoli,Rock,2018,2000–3000 m,30–40°,1500–2000 mm,>1000 m,2010s,5,4,2,6
22348,30.274115,79.562904,1920.0,46.61,1695.0,23.5,37.0,39.5,39.4,36.1,16.6,0.166,Grassland,21.6,Uttarakhand,Chamoli,Chamoli,Rock,2016,1500–2000 m,40–50°,1500–2000 mm,10–50 m,2010s,4,5,2,2
22363,30.276946,79.575409,2129.0,40.16,1920.0,17.6,45.5,36.9,39.1,35.6,17.0,0.17,Grassland,551.1,Uttarakhand,Chamoli,Chamoli,Debris,2014,2000–3000 m,40–50°,1500–2000 mm,500–1000 m,2010s,5,5,2,5
22438,30.2885,79.119028,808.0,23.15,1110.0,27.0,36.8,36.2,36.2,33.1,15.8,0.158,Tree cover,18.3,Uttarakhand,Chamoli,Karanprayag,Debris,2013,500–1000 m,20–30°,<1500 mm,10–50 m,2010s,2,3,1,2
22619,30.335368,78.165128,1335.0,52.52,2226.0,24.8,34.7,40.6,38.6,34.4,16.0,0.16,Tree cover,6.8,Uttarakhand,Tehri Garhwal,Dhanolti,Rock,2002,1000–1500 m,>50°,2000–2500 mm,0–10 m,2000s,3,6,3,1
22622,30.336667,78.372222,1383.0,24.89,1919.0,22.3,35.8,41.8,39.2,35.3,15.8,0.158,Tree cover,295.4,Uttarakhand,Uttarkashi,Tehri,Debris,2007,1000–1500 m,20–30°,1500–2000 mm,100–500 m,2000s,3,3,2,4
22625,30.34,79.29,1401.0,35.54,1144.0,25.5,37.2,37.4,38.0,34.7,14.4,0.144,Tree cover,12.5,Uttarakhand,Chamoli,Pokhri,Debris,2013,1000–1500 m,30–40°,<1500 mm,10–50 m,2010s,3,4,1,2
22635,30.342649,78.132835,727.0,26.74,2135.0,22.4,36.4,41.2,38.8,34.8,15.1,0.151,Tree cover,17.8,Uttarakhand,Dehradun,Dehradun,Debris,2012,500–1000 m,20–30°,2000–2500 mm,10–50 m,2010s,2,3,3,2
22637,30.343287,78.969563,765.0,22.57,1095.0,25.2,37.3,37.5,37.5,32.3,16.0,0.16,Tree cover,12.8,Uttarakhand,Rudraprayag,Jakholi,Debris,2014,500–1000 m,20–30°,<1500 mm,10–50 m,2010s,2,3,1,2
22714,30.370398,78.040853,742.0,24.75,2142.0,23.7,34.3,42.1,39.0,34.0,15.2,0.152,Tree cover,20.6,Uttarakhand,Dehradun,Dehradun,Rock,2013,500–1000 m,20–30°,2000–2500 mm,10–50 m,2010s,2,3,3,2
22720,30.372372,79.526595,1716.0,44.36,1577.0,22.1,34.8,43.1,39.8,36.1,16.7,0.167,Tree cover,15.6,Uttarakhand,Chamoli,Chamoli,Rock,2016,1500–2000 m,40–50°,1500–2000 mm,10–50 m,2010s,4,5,2,2
22758,30.380179,78.938848,1386.0,40.71,1153.0,25.1,35.5,39.4,38.4,34.6,14.6,0.146,Tree cover,15.0,Uttarakhand,Rudraprayag,Jakholi,Rock,2013,1000–1500 m,40–50°,<1500 mm,10–50 m,2010s,3,5,1,2
22759,30.380214,78.941573,1386.0,36.47,1153.0,26.0,35.1,38.9,38.4,34.6,14.6,0.146,Built-up,2.0,Uttarakhand,Rudraprayag,Jakholi,Rock,2013,1000–1500 m,30–40°,<1500 mm,0–10 m,2010s,3,4,1,1
22762,30.381448,79.005735,758.0,25.91,1059.0,27.7,34.9,37.4,37.3,31.7,16.1,0.161,Grassland,63.0,Uttarakhand,Rudraprayag,Jakholi,Debris,2013,500–1000 m,20–30°,<1500 mm,50–100 m,2010s,2,3,1,3
22889,30.404528,78.921596,1147.0,38.25,1101.0,27.7,37.0,35.4,39.0,35.2,14.8,0.148,Tree cover,21.4,Uttarakhand,Rudraprayag,Jakholi,Rock,2013,1000–1500 m,30–40°,<1500 mm,10–50 m,2010s,3,4,1,2
22890,30.404562,78.096741,994.0,35.71,2319.0,23.5,33.5,43.1,39.4,34.2,15.8,0.158,Tree cover,175.6,Uttarakhand,Dehradun,Dehradun,Rock,2013,500–1000 m,30–40°,2000–2500 mm,100–500 m,2010s,2,4,3,4
22915,30.409133,78.922018,1206.0,37.57,1184.0,24.7,34.6,40.7,38.4,34.7,14.9,0.149,Tree cover,55.4,Uttarakhand,Rudraprayag,Jakholi,Rock,2007,1000–1500 m,30–40°,<1500 mm,50–100 m,2000s,3,4,1,3
22924,30.411583,79.060194,868.0,39.44,1047.0,24.9,37.4,37.6,37.2,31.0,15.8,0.158,Tree cover,8.6,Uttarakhand,Rudraprayag,Ukhimath,Rock,2013,500–1000 m,30–40°,<1500 mm,0–10 m,2010s,2,4,1,1
22941,30.418297,78.077244,1166.0,29.19,2222.0,23.0,35.7,41.3,39.0,35.0,14.8,0.148,Tree cover,5.7,Uttarakhand,Dehradun,Dehradun,Debris,2021,1000–1500 m,20–30°,2000–2500 mm,0–10 m,2020s,3,3,3,1
22947,30.420579,78.115574,1495.0,35.05,2168.0,22.8,33.3,43.9,39.0,35.7,15.6,0.156,Grassland,1.4,Uttarakhand,Dehradun,Dehradun,Rock,2012,1000–1500 m,30–40°,2000–2500 mm,0–10 m,2010s,3,4,3,1
22956,30.423639,79.067667,857.0,24.96,1045.0,26.4,36.2,37.4,37.6,30.7,15.4,0.154,Grassland,10.1,Uttarakhand,Rudraprayag,Ukhimath,Debris,2013,500–1000 m,20–30°,<1500 mm,10–50 m,2010s,2,3,1,2
22965,30.42775,79.068972,867.0,32.95,1047.0,26.9,37.0,36.1,37.2,31.7,15.6,0.156,Built-up,3.5,Uttarakhand,Rudraprayag,Ukhimath,Rock,2013,500–1000 m,30–40°,<1500 mm,0–10 m,2010s,2,4,1,1
22967,30.428194,78.112717,1542.0,37.59,2161.0,24.5,35.1,40.3,39.7,35.6,17.4,0.174,Grassland,19.9,Uttarakhand,Dehradun,Dehradun,Rock,2008,1500–2000 m,30–40°,2000–2500 mm,10–50 m,2000s,4,4,3,2
22978,30.432861,79.374306,1837.0,31.6,1380.0,24.1,33.8,42.1,39.7,34.7,16.0,0.16,Built-up,8.0,Uttarakhand,Chamoli,Chamoli,Debris,2008,1500–2000 m,30–40°,<1500 mm,0–10 m,2000s,4,4,1,1
23003,30.444333,79.075556,896.0,20.61,1053.0,23.8,36.8,39.3,37.2,31.4,15.1,0.151,Built-up,6.9,Uttarakhand,Rudraprayag,Ukhimath,Debris,2013,500–1000 m,20–30°,<1500 mm,0–10 m,2010s,2,3,1,1
23012,30.447944,79.075389,891.0,34.54,1053.0,23.4,36.4,40.1,37.2,31.7,15.5,0.155,Built-up,17.0,Uttarakhand,Rudraprayag,Ukhimath,Rock,2013,500–1000 m,30–40°,<1500 mm,10–50 m,2010s,2,4,1,2
23013,30.448,79.0761,968.0,40.34,1053.0,23.9,36.9,39.1,37.2,31.4,15.1,0.151,Tree cover,72.1,Uttarakhand,Rudraprayag,Ukhimath,Rock,2013,500–1000 m,40–50°,<1500 mm,50–100 m,2010s,2,5,1,3
23014,30.448139,79.075361,891.0,34.54,1053.0,23.4,36.4,40.1,37.2,31.7,15.5,0.155,Bare / sparse vegetation,4.7,Uttarakhand,Rudraprayag,Ukhimath,Rock,2013,500–1000 m,30–40°,<1500 mm,0–10 m,2010s,2,4,1,1
23021,30.449958,79.076547,952.0,47.06,1053.0,24.1,37.0,38.9,37.2,31.7,15.5,0.155,Bare / sparse vegetation,9.6,Uttarakhand,Rudraprayag,Ukhimath,Rock,2013,500–1000 m,40–50°,<1500 mm,0–10 m,2010s,2,5,1,1
23022,30.45,79.0761,896.0,33.95,1053.0,24.1,37.0,38.9,37.2,31.7,15.5,0.155,Bare / sparse vegetation,27.4,Uttarakhand,Rudraprayag,Ukhimath,Rock,2013,500–1000 m,30–40°,<1500 mm,10–50 m,2010s,2,4,1,2
23023,30.45,79.076361,920.0,46.52,1053.0,24.1,37.0,38.9,37.2,31.7,15.5,0.155,Bare / sparse vegetation,2.4,Uttarakhand,Rudraprayag,Ukhimath,Rock,2013,500–1000 m,40–50°,<1500 mm,0–10 m,2010s,2,5,1,1
23031,30.451028,79.076028,931.0,47.25,1053.0,24.5,36.8,38.8,37.2,31.7,15.5,0.155,Built-up,19.5,Uttarakhand,Rudraprayag,Ukhimath,Rock,2013,500–1000 m,40–50°,<1500 mm,10–50 m,2010s,2,5,1,2
23032,30.451111,79.076056,931.0,47.25,1053.0,24.5,36.8,38.8,37.2,31.7,15.5,0.155,Built-up,11.4,Uttarakhand,Rudraprayag,Ukhimath,Debris,2013,500–1000 m,40–50°,<1500 mm,10–50 m,2010s,2,5,1,2
23055,30.455333,79.076694,936.0,44.89,1053.0,24.8,38.0,37.2,37.3,31.1,15.3,0.153,Bare / sparse vegetation,3.6,Uttarakhand,Rudraprayag,Ukhimath,Rock,2013,500–1000 m,40–50°,<1500 mm,0–10 m,2010s,2,5,1,1
23068,30.458488,79.07694,999.0,46.21,1049.0,25.1,37.4,37.5,37.3,31.1,15.3,0.153,Bare / sparse vegetation,23.4,Uttarakhand,Rudraprayag,Ukhimath,Rock,2013,500–1000 m,40–50°,<1500 mm,10–50 m,2010s,2,5,1,2
23070,30.459511,79.07582,935.0,33.44,1049.0,24.9,37.5,37.6,37.3,31.1,15.3,0.153,Tree cover,38.0,Uttarakhand,Rudraprayag,Ukhimath,Rock,2013,500–1000 m,30–40°,<1500 mm,10–50 m,2010s,2,4,1,2
23079,30.463731,78.062156,2006.0,17.1,2205.0,24.1,34.9,41.0,39.9,34.3,15.8,0.158,Built-up,6.9,Uttarakhand,Dehradun,Dehradun,Debris,2021,2000–3000 m,10–20°,2000–2500 mm,0–10 m,2020s,5,2,3,1
23099,30.46787,79.502124,1786.0,38.53,1489.0,24.5,34.1,41.4,39.3,34.7,16.5,0.165,Bare / sparse vegetation,2349.3,Uttarakhand,Chamoli,Joshimath,Rock,2013,1500–2000 m,30–40°,<1500 mm,>1000 m,2010s,4,4,1,6
23106,30.470676,79.51272,2024.0,43.28,1612.0,22.2,43.6,34.2,39.2,35.1,16.1,0.161,Bare / sparse vegetation,2839.2,Uttarakhand,Chamoli,Joshimath,Rock,2013,2000–3000 m,40–50°,1500–2000 mm,>1000 m,2010s,5,5,2,6
23111,30.473095,79.511488,1875.0,38.37,1612.0,24.2,33.6,42.2,40.5,36.8,16.4,0.164,Bare / sparse vegetation,2591.0,Uttarakhand,Chamoli,Joshimath,Rock,2013,1500–2000 m,30–40°,1500–2000 mm,>1000 m,2010s,4,4,2,6
23128,30.480789,78.045158,1735.0,42.05,2124.0,23.2,35.8,41.0,38.7,34.8,15.3,0.153,Built-up,1.7,Uttarakhand,Dehradun,Dehradun,Rock,2021,1500–2000 m,40–50°,2000–2500 mm,0–10 m,2020s,4,5,3,1
23136,30.483431,79.086168,998.0,36.37,1044.0,24.4,36.3,39.3,37.2,31.2,15.7,0.157,Grassland,47.4,Uttarakhand,Rudraprayag,Ukhimath,Rock,2013,500–1000 m,30–40°,<1500 mm,10–50 m,2010s,2,4,1,2
23145,30.487333,79.684429,1999.0,47.07,1666.0,22.6,37.3,40.2,40.1,36.7,15.9,0.159,Bare / sparse vegetation,19.8,Uttarakhand,Chamoli,Joshimath,Rock,2017,1500–2000 m,40–50°,1500–2000 mm,10–50 m,2010s,4,5,2,2
23146,30.487541,79.676496,2000.0,38.91,1633.0,23.7,37.1,39.2,40.0,37.1,15.9,0.159,Grassland,19.0,Uttarakhand,Chamoli,Joshimath,Debris,2014,1500–2000 m,30–40°,1500–2000 mm,10–50 m,2010s,4,4,2,2
23149,30.488126,79.085297,1018.0,41.27,1044.0,25.1,36.7,38.2,38.5,34.7,16.0,0.16,Bare / sparse vegetation,29.2,Uttarakhand,Rudraprayag,Ukhimath,Rock,2013,1000–1500 m,40–50°,<1500 mm,10–50 m,2010s,3,5,1,2
23151,30.488444,79.659556,1962.0,36.82,1638.0,22.5,37.6,39.8,39.8,37.3,16.3,0.163,Grassland,13.5,Uttarakhand,Chamoli,Joshimath,Debris,2013,1500–2000 m,30–40°,1500–2000 mm,10–50 m,2010s,4,4,2,2
23152,30.488694,79.093639,1220.0,23.67,1085.0,24.5,37.0,38.4,37.2,31.2,15.7,0.157,Tree cover,783.8,Uttarakhand,Rudraprayag,Ukhimath,Debris,2013,1000–1500 m,20–30°,<1500 mm,500–1000 m,2010s,3,3,1,5
23154,30.48943,78.03424,1360.0,35.69,2134.0,23.2,35.5,41.3,38.9,34.8,15.7,0.157,Built-up,19.1,Uttarakhand,Dehradun,Dhanolti,Rock,2021,1000–1500 m,30–40°,2000–2500 mm,10–50 m,2020s,3,4,3,2
23156,30.489762,79.650082,1954.0,39.78,1632.0,24.2,39.2,36.6,40.0,37.9,16.9,0.169,Built-up,10.9,Uttarakhand,Chamoli,Joshimath,Rock,2014,1500–2000 m,30–40°,1500–2000 mm,10–50 m,2010s,4,4,2,2
23157,30.491723,79.638405,1889.0,35.78,1568.0,23.2,38.1,38.6,39.6,36.8,16.2,0.162,Bare / sparse vegetation,19.0,Uttarakhand,Chamoli,Joshimath,Debris,2014,1500–2000 m,30–40°,1500–2000 mm,10–50 m,2010s,4,4,2,2
23158,30.492278,79.120111,1298.0,40.39,1150.0,22.8,37.5,39.7,39.0,34.1,14.9,0.149,Tree cover,701.2,Uttarakhand,Rudraprayag,Ukhimath,Rock,2013,1000–1500 m,40–50°,<1500 mm,500–1000 m,2010s,3,5,1,5
23160,30.494119,79.087907,988.0,25.89,1047.0,25.2,36.0,38.8,36.7,30.5,15.8,0.158,Bare / sparse vegetation,32.9,Uttarakhand,Rudraprayag,Ukhimath,Rock,2013,500–1000 m,20–30°,<1500 mm,10–50 m,2010s,2,3,1,2
23163,30.494278,79.1985,2813.0,44.79,1962.0,23.6,44.7,31.8,39.2,35.3,15.9,0.159,Grassland,17.3,Uttarakhand,Rudraprayag,Ukhimath,Debris,2013,2000–3000 m,40–50°,1500–2000 mm,10–50 m,2010s,5,5,2,2
23164,30.494303,79.619416,1965.0,29.42,1553.0,24.9,37.9,37.2,39.4,37.1,15.8,0.158,Grassland,13.7,Uttarakhand,Chamoli,Joshimath,Rock,2014,1500–2000 m,20–30°,1500–2000 mm,10–50 m,2010s,4,3,2,2
23165,30.495,79.640662,1971.0,38.31,1568.0,24.3,37.6,38.0,39.6,36.8,16.2,0.162,Bare / sparse vegetation,294.4,Uttarakhand,Chamoli,Joshimath,Rock,2018,1500–2000 m,30–40°,1500–2000 mm,100–500 m,2010s,4,4,2,4
23166,30.496275,79.135935,1754.0,39.52,1352.0,23.1,38.3,38.6,39.3,34.8,15.3,0.153,Grassland,8.0,Uttarakhand,Rudraprayag,Ukhimath,Debris,2013,1500–2000 m,30–40°,<1500 mm,0–10 m,2010s,4,4,1,1
23167,30.496681,79.708792,2114.0,40.43,1749.0,24.0,38.4,37.6,40.0,37.1,16.3,0.163,Bare / sparse vegetation,6.8,Uttarakhand,Chamoli,Joshimath,Rock,2017,2000–3000 m,40–50°,1500–2000 mm,0–10 m,2010s,5,5,2,1
23170,30.497568,79.614866,1993.0,36.74,1672.0,24.4,38.8,36.7,39.4,37.1,15.8,0.158,Grassland,15.8,Uttarakhand,Chamoli,Joshimath,Rock,2014,1500–2000 m,30–40°,1500–2000 mm,10–50 m,2010s,4,4,2,2
23171,30.497639,79.114083,1541.0,39.78,1184.0,23.7,38.7,37.6,39.2,34.4,15.0,0.15,Grassland,12.5,Uttarakhand,Rudraprayag,Ukhimath,Rock,2013,1500–2000 m,30–40°,<1500 mm,10–50 m,2010s,4,4,1,2
23173,30.499572,79.105178,1489.0,31.17,1118.0,23.4,35.1,41.5,39.4,34.2,15.4,0.154,Tree cover,22.0,Uttarakhand,Rudraprayag,Ukhimath,Debris,2013,1000–1500 m,30–40°,<1500 mm,10–50 m,2010s,3,4,1,2
23174,30.5,79.49,1737.0,41.75,1363.0,22.7,38.8,38.6,39.5,34.1,15.8,0.158,Tree cover,371.7,Uttarakhand,Pithoragarh,Joshimath,Debris,2016,1500–2000 m,40–50°,<1500 mm,100–500 m,2010s,4,5,1,4
23191,30.504417,79.485306,1357.0,20.47,1203.0,22.3,37.8,39.9,37.1,35.9,16.0,0.16,Bare / sparse vegetation,11.8,Uttarakhand,Chamoli,Joshimath,Debris,2013,1000–1500 m,20–30°,<1500 mm,10–50 m,2010s,3,3,1,2
23192,30.504922,78.134303,1391.0,38.53,2064.0,23.4,33.7,42.9,39.6,36.0,16.1,0.161,Grassland,17.4,Uttarakhand,Tehri Garhwal,Dhanolti,Soil,2013,1000–1500 m,30–40°,2000–2500 mm,10–50 m,2010s,3,4,3,2
23195,30.506231,78.16623,1273.0,53.66,2053.0,24.4,35.2,40.4,39.4,36.7,16.7,0.167,Tree cover,30.6,Uttarakhand,Tehri Garhwal,Dhanolti,Rock,2013,1000–1500 m,>50°,2000–2500 mm,10–50 m,2010s,3,6,3,2
23205,30.508879,79.083971,1048.0,22.8,1046.0,25.5,37.2,37.3,37.1,31.0,16.7,0.167,Tree cover,23.9,Uttarakhand,Rudraprayag,Ukhimath,Rock,2013,1000–1500 m,20–30°,<1500 mm,10–50 m,2010s,3,3,1,2
23209,30.509472,79.16404,1923.0,36.76,1622.0,22.6,39.8,37.6,39.1,35.3,15.6,0.156,Tree cover,24.6,Uttarakhand,Rudraprayag,Ukhimath,Rock,2012,1500–2000 m,30–40°,1500–2000 mm,10–50 m,2010s,4,4,2,2
23212,30.51,79.49,1357.0,45.9,1167.0,22.5,37.6,39.9,40.1,35.6,15.0,0.15,Tree cover,102.4,Uttarakhand,Pithoragarh,Joshimath,Debris,2016,1000–1500 m,40–50°,<1500 mm,100–500 m,2010s,3,5,1,4
23211,30.51,79.5,2146.0,26.03,1579.0,23.9,34.6,41.4,39.5,34.6,16.1,0.161,Grassland,691.2,Uttarakhand,Pithoragarh,Joshimath,Rock,2011,2000–3000 m,20–30°,1500–2000 mm,500–1000 m,2010s,5,3,2,5
23214,30.510412,79.137127,1706.0,34.65,1478.0,23.9,38.5,37.7,39.3,35.5,16.2,0.162,Grassland,17.1,Uttarakhand,Rudraprayag,Ukhimath,Debris,2013,1500–2000 m,30–40°,<1500 mm,10–50 m,2010s,4,4,1,2
23216,30.510806,79.127944,2054.0,34.75,1644.0,22.3,38.4,39.3,39.6,36.8,16.2,0.162,Tree cover,382.4,Uttarakhand,Rudraprayag,Ukhimath,Debris,2013,2000–3000 m,30–40°,1500–2000 mm,100–500 m,2010s,5,4,2,4
23218,30.511678,79.073956,1369.0,29.11,1156.0,23.8,37.7,38.5,39.1,35.0,15.9,0.159,Bare / sparse vegetation,0.4,Uttarakhand,Rudraprayag,Ukhimath,Debris,2012,1000–1500 m,20–30°,<1500 mm,0–10 m,2010s,3,3,1,1
23223,30.513444,79.065694,1367.0,48.39,1177.0,25.2,39.0,35.8,40.0,35.4,15.7,0.157,Bare / sparse vegetation,3.0,Uttarakhand,Rudraprayag,Ukhimath,Rock,2012,1000–1500 m,40–50°,<1500 mm,0–10 m,2010s,3,5,1,1
23238,30.515285,78.051274,1215.0,42.85,2178.0,24.0,35.7,40.3,39.3,34.5,15.9,0.159,Bare / sparse vegetation,108.1,Uttarakhand,Tehri Garhwal,Dhanolti,Rock,2013,1000–1500 m,40–50°,2000–2500 mm,100–500 m,2010s,3,5,3,4
23239,30.515345,79.098693,1441.0,25.28,1165.0,23.3,38.5,38.2,37.4,33.9,15.5,0.155,Grassland,7.0,Uttarakhand,Rudraprayag,Ukhimath,Rock,2013,1000–1500 m,20–30°,<1500 mm,0–10 m,2010s,3,3,1,1
23242,30.515556,78.364722,1004.0,32.66,1731.0,23.6,35.9,40.5,39.8,35.8,15.8,0.158,Tree cover,51.9,Uttarakhand,Uttarkashi,Tehri,Debris,2017,1000–1500 m,30–40°,1500–2000 mm,50–100 m,2010s,3,4,2,3
23247,30.516722,79.0805,1370.0,49.81,1186.0,24.5,37.4,38.1,37.2,30.7,15.3,0.153,Grassland,8.1,Uttarakhand,Rudraprayag,Ukhimath,Debris,2012,1000–1500 m,40–50°,<1500 mm,0–10 m,2010s,3,5,1,1
23249,30.517222,78.361944,976.0,35.27,1578.0,24.0,34.3,41.7,39.7,35.3,15.7,0.157,Built-up,10.7,Uttarakhand,Uttarkashi,Tehri,Debris,2017,500–1000 m,30–40°,1500–2000 mm,10–50 m,2010s,2,4,2,2
23252,30.517355,79.134621,2004.0,22.24,1758.0,22.7,40.2,37.1,39.5,35.5,16.6,0.166,Built-up,3.4,Uttarakhand,Rudraprayag,Ukhimath,Debris,2013,2000–3000 m,20–30°,1500–2000 mm,0–10 m,2010s,5,3,2,1
23254,30.517598,79.099536,1438.0,33.48,1108.0,23.0,36.5,40.6,37.4,32.1,15.1,0.151,Tree cover,11.2,Uttarakhand,Rudraprayag,Ukhimath,Debris,2013,1000–1500 m,30–40°,<1500 mm,10–50 m,2010s,3,4,1,2
23265,30.519698,79.09523,1281.0,41.89,1108.0,23.1,38.5,38.3,37.4,32.1,15.1,0.151,Grassland,36.3,Uttarakhand,Rudraprayag,Ukhimath,Debris,2012,1000–1500 m,40–50°,<1500 mm,10–50 m,2010s,3,5,1,2
23272,30.52,78.3475,893.0,38.26,1730.0,24.1,36.6,39.4,40.0,34.8,15.8,0.158,Built-up,9.3,Uttarakhand,Uttarkashi,Dhanolti,Rock,2017,500–1000 m,30–40°,1500–2000 mm,0–10 m,2010s,2,4,2,1
23269,30.52,79.49,1627.0,39.14,1439.0,24.1,35.7,40.2,39.0,34.4,15.9,0.159,Bare / sparse vegetation,466.2,Uttarakhand,Pithoragarh,Joshimath,Rock,2011,1500–2000 m,30–40°,<1500 mm,100–500 m,2010s,4,4,1,4
23343,30.526528,78.759833,1641.0,34.39,1459.0,24.6,36.0,39.4,39.9,34.6,15.7,0.157,Grassland,9.7,Uttarakhand,Tehri Garhwal,Ghansyali,Debris,2013,1500–2000 m,30–40°,<1500 mm,0–10 m,2010s,4,4,1,1
23351,30.527222,78.427778,1874.0,27.21,1995.0,23.2,35.7,41.1,39.2,35.5,16.1,0.161,Grassland,56.0,Uttarakhand,Uttarkashi,Chinyalisaud,Debris,2010,1500–2000 m,20–30°,1500–2000 mm,50–100 m,2010s,4,3,2,3
23356,30.52858,78.17136,1381.0,35.85,2008.0,24.0,35.3,40.7,39.0,35.7,17.1,0.171,Grassland,123.8,Uttarakhand,Tehri Garhwal,Dhanolti,Debris,2013,1000–1500 m,30–40°,2000–2500 mm,100–500 m,2010s,3,4,3,4
23363,30.529505,79.085957,1331.0,39.54,1073.0,23.7,37.5,38.8,37.5,30.4,15.5,0.155,Tree cover,28.3,Uttarakhand,Rudraprayag,Ukhimath,Soil,2012,1000–1500 m,30–40°,<1500 mm,10–50 m,2010s,3,4,1,2
23394,30.532194,78.649889,1201.0,14.68,1344.0,23.7,37.4,38.9,38.9,34.6,15.1,0.151,Grassland,29.3,Uttarakhand,Tehri Garhwal,Ghansyali,Debris,2012,1000–1500 m,10–20°,<1500 mm,10–50 m,2010s,3,2,1,2
23401,30.532788,79.093129,1132.0,37.22,1081.0,24.1,39.1,36.8,37.5,30.4,15.5,0.155,Tree cover,29.4,Uttarakhand,Rudraprayag,Ukhimath,Debris,2012,1000–1500 m,30–40°,<1500 mm,10–50 m,2010s,3,4,1,2
23402,30.532889,78.754028,1820.0,20.27,1604.0,24.4,34.6,41.0,39.9,34.6,15.7,0.157,Grassland,7.2,Uttarakhand,Tehri Garhwal,Ghansyali,Debris,2015,1500–2000 m,20–30°,1500–2000 mm,0–10 m,2010s,4,3,2,1
23411,30.533919,78.359011,866.0,40.63,1691.0,24.5,35.5,40.0,39.3,34.8,16.1,0.161,Grassland,166.2,Uttarakhand,Uttarkashi,Chinyalisaud,Rock,2008,500–1000 m,40–50°,1500–2000 mm,100–500 m,2000s,2,5,2,4
23422,30.536,78.327778,1117.0,32.79,1792.0,24.5,36.7,38.8,39.5,34.6,16.2,0.162,Grassland,1.6,Uttarakhand,Uttarkashi,Dhanolti,Debris,2007,1000–1500 m,30–40°,1500–2000 mm,0–10 m,2000s,3,4,2,1
23434,30.538944,78.778,2047.0,22.36,1733.0,24.2,36.7,39.1,39.5,34.8,16.7,0.167,Tree cover,527.5,Uttarakhand,Tehri Garhwal,Ghansyali,Debris,2015,2000–3000 m,20–30°,1500–2000 mm,500–1000 m,2010s,5,3,2,5
23451,30.541361,78.330861,1071.0,44.33,1792.0,24.2,37.1,38.7,39.5,34.6,16.2,0.162,Tree cover,0.9,Uttarakhand,Uttarkashi,Dhanolti,Rock,2007,1000–1500 m,40–50°,1500–2000 mm,0–10 m,2000s,3,5,2,1
23467,30.542417,78.657472,1554.0,11.96,1457.0,25.4,35.8,38.8,39.5,35.0,14.7,0.147,Tree cover,41.0,Uttarakhand,Tehri Garhwal,Ghansyali,Debris,2013,1500–2000 m,10–20°,<1500 mm,10–50 m,2010s,4,2,1,2
23494,30.547111,78.324361,1151.0,33.98,1806.0,22.3,36.0,41.7,40.1,35.4,16.5,0.165,Built-up,3.9,Uttarakhand,Uttarkashi,Dhanolti,Rock,2007,1000–1500 m,30–40°,1500–2000 mm,0–10 m,2000s,3,4,2,1
23506,30.548639,78.853639,3130.0,24.7,1937.0,26.5,41.2,32.2,39.7,36.4,17.1,0.171,Grassland,4.5,Uttarakhand,Tehri Garhwal,Ghansyali,Debris,2015,>3000 m,20–30°,1500–2000 mm,0–10 m,2010s,6,3,2,1
23512,30.55,79.76,2662.0,68.59,1910.0,20.4,47.0,32.5,39.3,37.3,16.7,0.167,Grassland,575.7,Uttarakhand,Pithoragarh,Joshimath,Debris,2019,2000–3000 m,>50°,1500–2000 mm,500–1000 m,2010s,5,6,2,5
23534,30.552525,78.805258,1687.0,20.7,1588.0,22.3,39.3,38.3,39.9,35.2,15.6,0.156,Grassland,153.7,Uttarakhand,Tehri Garhwal,Ghansyali,Rock,2014,1500–2000 m,20–30°,1500–2000 mm,100–500 m,2010s,4,3,2,4
23571,30.556111,78.323889,873.0,51.31,1752.0,22.1,35.4,42.5,39.7,34.9,16.4,0.164,Bare / sparse vegetation,17.4,Uttarakhand,Uttarkashi,Dhanolti,Rock,2007,500–1000 m,>50°,1500–2000 mm,10–50 m,2000s,2,6,2,2
23576,30.556275,79.085442,1263.0,41.79,1142.0,24.1,38.2,37.7,37.1,34.0,15.9,0.159,Bare / sparse vegetation,11.6,Uttarakhand,Rudraprayag,Ukhimath,Rock,2013,1000–1500 m,40–50°,<1500 mm,10–50 m,2010s,3,5,1,2
23580,30.556528,78.3345,927.0,37.92,1659.0,23.2,34.9,41.9,39.2,34.7,16.1,0.161,Built-up,9.6,Uttarakhand,Uttarkashi,Dhanolti,Debris,2007,500–1000 m,30–40°,1500–2000 mm,0–10 m,2000s,2,4,2,1
23588,30.557225,78.324569,906.0,47.37,1752.0,22.2,35.4,42.3,39.7,34.9,16.4,0.164,Built-up,10.1,Uttarakhand,Uttarkashi,Dhanolti,Rock,2007,500–1000 m,40–50°,1500–2000 mm,10–50 m,2000s,2,5,2,2
23604,30.558889,78.326944,872.0,31.53,1660.0,23.0,35.6,41.4,39.7,34.9,16.4,0.164,Built-up,16.1,Uttarakhand,Uttarkashi,Dhanolti,Rock,2007,500–1000 m,30–40°,1500–2000 mm,10–50 m,2000s,2,4,2,2
23611,30.56,79.76,2387.0,51.48,1713.0,20.4,46.8,32.7,39.6,37.6,15.9,0.159,Grassland,71.4,Uttarakhand,Pithoragarh,Joshimath,Debris,2019,2000–3000 m,>50°,1500–2000 mm,50–100 m,2010s,5,6,2,3
23619,30.560833,78.326667,872.0,39.29,1660.0,22.6,34.9,42.5,39.2,34.8,16.2,0.162,Built-up,2.5,Uttarakhand,Uttarkashi,Chinyalisaud,Rock,2007,500–1000 m,30–40°,1500–2000 mm,0–10 m,2000s,2,4,2,1
23651,30.56344,79.56908,1421.0,38.12,1264.0,22.1,38.2,39.6,40.3,35.6,16.8,0.168,Bare / sparse vegetation,5.9,Uttarakhand,Chamoli,Joshimath,Rock,2014,1000–1500 m,30–40°,<1500 mm,0–10 m,2010s,3,4,1,1
23652,30.563444,79.568889,1420.0,38.33,1264.0,22.1,38.2,39.6,40.3,35.6,16.8,0.168,Bare / sparse vegetation,2.5,Uttarakhand,Chamoli,Joshimath,Rock,2014,1000–1500 m,30–40°,<1500 mm,0–10 m,2010s,3,4,1,1
23689,30.5658,79.0847,1303.0,33.9,1155.0,23.8,38.8,37.4,39.1,34.8,14.4,0.144,Grassland,46.9,Uttarakhand,Rudraprayag,Ukhimath,Rock,2013,1000–1500 m,30–40°,<1500 mm,10–50 m,2010s,3,4,1,2
23691,30.565801,79.084429,1289.0,32.41,1155.0,23.8,38.8,37.4,39.1,34.8,14.4,0.144,Grassland,29.6,Uttarakhand,Rudraprayag,Ukhimath,Debris,2012,1000–1500 m,30–40°,<1500 mm,10–50 m,2010s,3,4,1,2
23706,30.566833,79.081778,1282.0,37.42,1200.0,23.9,39.0,37.1,39.0,34.6,14.9,0.149,Grassland,28.5,Uttarakhand,Rudraprayag,Ukhimath,Debris,2013,1000–1500 m,30–40°,<1500 mm,10–50 m,2010s,3,4,1,2
23724,30.567694,78.324389,869.0,31.32,1755.0,22.1,35.0,42.9,39.2,34.8,16.2,0.162,Bare / sparse vegetation,99.8,Uttarakhand,Uttarkashi,Chinyalisaud,Debris,1970,500–1000 m,30–40°,1500–2000 mm,50–100 m,1970s,2,4,2,3
23728,30.568,78.814417,1875.0,47.88,1752.0,24.0,38.3,37.7,39.7,34.9,16.3,0.163,Grassland,6.1,Uttarakhand,Tehri Garhwal,Ghansyali,Debris,2013,1500–2000 m,40–50°,1500–2000 mm,0–10 m,2010s,4,5,2,1
23768,30.571167,78.81775,1849.0,32.34,1667.0,22.9,41.0,36.1,38.8,35.8,16.2,0.162,Grassland,10.8,Uttarakhand,Tehri Garhwal,Ghansyali,Debris,2013,1500–2000 m,30–40°,1500–2000 mm,10–50 m,2010s,4,4,2,2
23784,30.572806,79.080972,1434.0,20.02,1200.0,23.8,38.5,37.8,38.9,35.2,15.1,0.151,Tree cover,19.6,Uttarakhand,Rudraprayag,Ukhimath,Debris,2013,1000–1500 m,20–30°,<1500 mm,10–50 m,2010s,3,3,1,2
23804,30.57425,79.051139,1592.0,8.87,1338.0,23.0,36.8,40.2,38.7,34.5,15.0,0.15,Built-up,6.9,Uttarakhand,Rudraprayag,Ukhimath,Debris,2013,1500–2000 m,0–10°,<1500 mm,0–10 m,2010s,4,1,1,1
23850,30.578444,78.304944,1404.0,30.5,1823.0,22.8,35.2,42.0,39.6,34.7,16.9,0.169,Grassland,1261.9,Uttarakhand,Uttarkashi,Chinyalisaud,Rock,1998,1000–1500 m,30–40°,1500–2000 mm,>1000 m,1990s,3,4,2,6
23855,30.578854,79.047255,1578.0,31.77,1213.0,23.6,37.8,38.6,39.7,35.6,14.8,0.148,Bare / sparse vegetation,22.6,Uttarakhand,Rudraprayag,Ukhimath,Rock,2013,1500–2000 m,30–40°,<1500 mm,10–50 m,2010s,4,4,1,2
23895,30.5822,78.3263,877.0,30.84,1668.0,23.4,34.7,41.9,39.6,35.4,16.2,0.162,Tree cover,19.3,Uttarakhand,Uttarkashi,Chinyalisaud,Debris,2013,500–1000 m,30–40°,1500–2000 mm,10–50 m,2010s,2,4,2,2
23901,30.58275,78.821,2005.0,28.84,1701.0,24.3,42.7,32.9,38.6,35.8,16.8,0.168,Tree cover,2.2,Uttarakhand,Tehri Garhwal,Ghansyali,Rock,2010,2000–3000 m,20–30°,1500–2000 mm,0–10 m,2010s,5,3,2,1
23906,30.583056,78.335278,1005.0,39.57,1738.0,22.6,35.4,41.9,39.5,34.2,15.8,0.158,Tree cover,135.0,Uttarakhand,Uttarkashi,Chinyalisaud,Rock,2010,1000–1500 m,30–40°,1500–2000 mm,100–500 m,2010s,3,4,2,4
23913,30.58384,77.29732,849.0,37.34,1541.0,24.4,36.6,39.0,38.4,33.6,14.4,0.144,Tree cover,17.5,Himachal Pradesh,Sirmur,Nahan,Rock,2012,500–1000 m,30–40°,1500–2000 mm,10–50 m,2010s,2,4,2,2
23914,30.58386,77.29643,845.0,34.39,1541.0,24.4,36.6,39.0,38.4,33.6,14.4,0.144,Built-up,16.7,Himachal Pradesh,Sirmur,Nahan,Rock,2012,500–1000 m,30–40°,1500–2000 mm,10–50 m,2010s,2,4,2,2
23921,30.584129,79.140576,1922.0,35.54,1662.0,26.3,37.1,36.6,39.0,35.5,16.8,0.168,Grassland,24.3,Uttarakhand,Rudraprayag,Ukhimath,Debris,2013,1500–2000 m,30–40°,1500–2000 mm,10–50 m,2010s,4,4,2,2
23962,30.58725,78.312056,1082.0,34.73,1779.0,21.4,34.6,44.0,39.6,34.1,16.2,0.162,Tree cover,723.5,Uttarakhand,Uttarkashi,Chinyalisaud,Debris,2017,1000–1500 m,30–40°,1500–2000 mm,500–1000 m,2010s,3,4,2,5
23963,30.587472,79.142444,1935.0,28.28,1382.0,25.9,37.7,36.4,39.0,35.5,16.8,0.168,Grassland,8.1,Uttarakhand,Rudraprayag,Ukhimath,Debris,2013,1500–2000 m,20–30°,<1500 mm,0–10 m,2010s,4,3,1,1
23986,30.5895,79.968889,5866.0,58.32,689.0,18.7,45.9,35.4,36.2,32.0,16.1,0.161,Bare / sparse vegetation,11915.4,Uttarakhand,Chamoli,Joshimath,Rock,2013,>3000 m,>50°,<1500 mm,>1000 m,2010s,6,6,1,6
23988,30.589639,78.620889,1752.0,29.19,1627.0,23.8,37.7,38.4,39.4,34.5,15.9,0.159,Tree cover,8.3,Uttarakhand,Tehri Garhwal,Ghansyali,Rock,2015,1500–2000 m,20–30°,1500–2000 mm,0–10 m,2010s,4,3,2,1
23990,30.58972,79.030427,1602.0,28.79,1282.0,24.2,35.8,40.0,39.3,34.6,14.6,0.146,Built-up,1.7,Uttarakhand,Rudraprayag,Ukhimath,Rock,2013,1500–2000 m,20–30°,<1500 mm,0–10 m,2010s,4,3,1,1
23998,30.590472,78.620278,1767.0,28.64,1627.0,23.7,37.9,38.4,39.4,34.5,15.9,0.159,Grassland,1.1,Uttarakhand,Tehri Garhwal,Ghansyali,Rock,2015,1500–2000 m,20–30°,1500–2000 mm,0–10 m,2010s,4,3,2,1
24000,30.590556,78.619472,1756.0,26.79,1627.0,23.7,37.9,38.4,39.4,34.5,15.9,0.159,Grassland,7.9,Uttarakhand,Tehri Garhwal,Ghansyali,Rock,2015,1500–2000 m,20–30°,1500–2000 mm,0–10 m,2010s,4,3,2,1
24001,30.590556,78.620972,1761.0,20.66,1627.0,23.8,38.1,38.1,39.4,34.5,15.9,0.159,Grassland,4.5,Uttarakhand,Tehri Garhwal,Ghansyali,Debris,2015,1500–2000 m,20–30°,1500–2000 mm,0–10 m,2010s,4,3,2,1
24008,30.591,78.676333,1524.0,11.35,1484.0,24.6,34.3,41.1,39.3,34.6,16.3,0.163,Grassland,28.0,Uttarakhand,Tehri Garhwal,Ghansyali,Rock,2010,1500–2000 m,10–20°,<1500 mm,10–50 m,2010s,4,2,1,2
24013,30.591806,78.641806,1670.0,29.44,1528.0,23.5,35.8,40.7,38.8,34.8,15.5,0.155,Tree cover,403.7,Uttarakhand,Tehri Garhwal,Ghansyali,Rock,2012,1500–2000 m,20–30°,1500–2000 mm,100–500 m,2010s,4,3,2,4
24027,30.592583,78.646889,1433.0,23.75,1528.0,21.7,36.0,42.4,38.8,34.8,15.5,0.155,Grassland,9.3,Uttarakhand,Tehri Garhwal,Ghansyali,Debris,2013,1000–1500 m,20–30°,1500–2000 mm,0–10 m,2010s,3,3,2,1
24038,30.593417,78.643472,1508.0,45.42,1528.0,22.8,35.0,42.2,38.8,34.8,15.5,0.155,Tree cover,170.2,Uttarakhand,Tehri Garhwal,Ghansyali,Debris,2012,1500–2000 m,40–50°,1500–2000 mm,100–500 m,2010s,4,5,2,4
24039,30.593531,77.495663,720.0,42.18,1763.0,25.7,37.0,37.3,39.1,35.6,15.8,0.158,Tree cover,24.4,Himachal Pradesh,Sirmur,Dadahu,Rock,2017,500–1000 m,40–50°,1500–2000 mm,10–50 m,2010s,2,5,2,2
24045,30.593833,78.613528,1803.0,29.78,1693.0,21.8,35.4,42.7,39.7,35.5,15.9,0.159,Tree cover,2.5,Uttarakhand,Tehri Garhwal,Ghansyali,Debris,2015,1500–2000 m,20–30°,1500–2000 mm,0–10 m,2010s,4,3,2,1
24047,30.593917,78.613444,1789.0,29.08,1693.0,21.8,35.4,42.7,39.7,35.5,15.9,0.159,Tree cover,14.9,Uttarakhand,Tehri Garhwal,Ghansyali,Rock,2015,1500–2000 m,20–30°,1500–2000 mm,10–50 m,2010s,4,3,2,2
24069,30.59505,78.83175,2140.0,39.17,1829.0,17.6,45.5,36.9,38.5,35.6,16.8,0.168,Grassland,9.9,Uttarakhand,Tehri Garhwal,Ghansyali,Debris,2013,2000–3000 m,30–40°,1500–2000 mm,0–10 m,2010s,5,4,2,1
24093,30.596401,78.023705,1314.0,38.7,2069.0,22.1,37.4,40.5,39.4,34.2,15.7,0.157,Grassland,29.1,Uttarakhand,Tehri Garhwal,Dhanolti,Rock,2013,1000–1500 m,30–40°,2000–2500 mm,10–50 m,2010s,3,4,3,2
24122,30.597803,79.08081,1563.0,27.3,1260.0,24.1,39.0,36.9,39.7,35.8,15.9,0.159,Grassland,13.0,Uttarakhand,Rudraprayag,Ukhimath,Rock,2013,1500–2000 m,20–30°,<1500 mm,10–50 m,2010s,4,3,1,2
24128,30.598035,77.4779,819.0,31.38,1749.0,25.5,36.3,38.2,38.1,34.1,15.9,0.159,Tree cover,596.4,Himachal Pradesh,Sirmur,Dadahu,Debris,2017,500–1000 m,30–40°,1500–2000 mm,500–1000 m,2010s,2,4,2,5
24166,30.601169,79.021998,1699.0,35.24,1316.0,24.4,36.8,38.7,38.9,34.6,15.1,0.151,Bare / sparse vegetation,16.7,Uttarakhand,Rudraprayag,Ukhimath,Debris,2013,1500–2000 m,30–40°,<1500 mm,10–50 m,2010s,4,4,1,2
24174,30.602111,79.175389,1643.0,41.21,1425.0,26.1,37.3,36.6,39.5,35.7,16.3,0.163,Grassland,13.7,Uttarakhand,Rudraprayag,Ukhimath,Debris,2013,1500–2000 m,40–50°,<1500 mm,10–50 m,2010s,4,5,1,2
24188,30.603599,79.075406,1776.0,53.73,1407.0,23.1,39.4,37.4,39.6,35.5,16.4,0.164,Grassland,141.6,Uttarakhand,Rudraprayag,Ukhimath,Debris,2012,1500–2000 m,>50°,<1500 mm,100–500 m,2010s,4,6,1,4
24210,30.605551,77.467316,679.0,10.06,1738.0,26.2,34.6,39.2,37.6,33.7,15.6,0.156,Tree cover,237.3,Himachal Pradesh,Sirmur,Dadahu,Debris,2017,500–1000 m,10–20°,1500–2000 mm,100–500 m,2010s,2,2,2,4
24215,30.6061,78.3144,899.0,37.99,1763.0,23.1,34.5,42.4,39.1,34.4,15.7,0.157,Tree cover,24.8,Uttarakhand,Uttarkashi,Chinyalisaud,Debris,2013,500–1000 m,30–40°,1500–2000 mm,10–50 m,2010s,2,4,2,2
24223,30.6072,78.3202,840.0,27.93,1705.0,22.8,35.1,42.2,39.1,34.4,15.7,0.157,Grassland,14.0,Uttarakhand,Uttarkashi,Chinyalisaud,Debris,2013,500–1000 m,20–30°,1500–2000 mm,10–50 m,2010s,2,3,2,2
24238,30.608278,78.271,1737.0,29.21,1904.0,24.9,34.6,40.5,39.2,34.4,17.1,0.171,Grassland,7.9,Uttarakhand,Uttarkashi,Dhanolti,Rock,2007,1500–2000 m,20–30°,1500–2000 mm,0–10 m,2000s,4,3,2,1
24262,30.610936,78.839278,2496.0,25.29,1907.0,20.2,47.0,32.8,39.5,37.7,16.9,0.169,Grassland,654.0,Uttarakhand,Tehri Garhwal,Ghansyali,Debris,2015,2000–3000 m,20–30°,1500–2000 mm,500–1000 m,2010s,5,3,2,5
24267,30.6116,78.315,868.0,42.05,1760.0,22.6,35.1,42.3,39.1,34.4,15.7,0.157,Bare / sparse vegetation,13.1,Uttarakhand,Uttarkashi,Chinyalisaud,Rock,2009,500–1000 m,40–50°,1500–2000 mm,10–50 m,2000s,2,5,2,2
24289,30.6145,79.200667,2287.0,30.46,1624.0,24.2,41.1,34.7,39.7,36.8,16.5,0.165,Tree cover,17.1,Uttarakhand,Rudraprayag,Ukhimath,Debris,2013,2000–3000 m,30–40°,1500–2000 mm,10–50 m,2010s,5,4,2,2
24293,30.614722,78.313806,874.0,40.84,1760.0,23.1,35.9,41.0,38.9,34.7,15.8,0.158,Grassland,206.3,Uttarakhand,Uttarkashi,Chinyalisaud,Rock,2007,500–1000 m,40–50°,1500–2000 mm,100–500 m,2000s,2,5,2,4
24326,30.617194,78.320889,872.0,45.99,1751.0,21.9,35.9,42.1,39.2,34.8,15.9,0.159,Built-up,10.9,Uttarakhand,Uttarkashi,Chinyalisaud,Rock,2007,500–1000 m,40–50°,1500–2000 mm,10–50 m,2000s,2,5,2,2
24328,30.6175,78.3125,926.0,40.96,1758.0,23.1,35.5,41.4,38.9,34.7,15.8,0.158,Tree cover,277.4,Uttarakhand,Uttarkashi,Chinyalisaud,Rock,1989,500–1000 m,40–50°,1500–2000 mm,100–500 m,1980s,2,5,2,4
24346,30.62,78.324444,1030.0,37.39,1751.0,22.4,36.4,41.2,39.2,34.8,15.9,0.159,Grassland,17.0,Uttarakhand,Uttarkashi,Dunda,Rock,2007,1000–1500 m,30–40°,1500–2000 mm,10–50 m,2000s,3,4,2,2
24353,30.620833,79.019444,1898.0,47.25,1528.0,22.6,38.1,39.3,39.0,36.3,15.8,0.158,Grassland,719.0,Uttarakhand,Rudraprayag,Ukhimath,Debris,2013,1500–2000 m,40–50°,1500–2000 mm,500–1000 m,2010s,4,5,2,5
24354,30.621111,78.311667,963.0,37.94,1758.0,23.7,35.4,40.9,38.9,34.7,15.8,0.158,Tree cover,401.3,Uttarakhand,Uttarkashi,Chinyalisaud,Rock,2007,500–1000 m,30–40°,1500–2000 mm,100–500 m,2000s,2,4,2,4
24356,30.621194,77.46,860.0,23.34,1720.0,26.5,35.4,38.1,38.7,34.4,15.5,0.155,Built-up,6.2,Himachal Pradesh,Sirmaur,Renuka,Rock,2017,500–1000 m,20–30°,1500–2000 mm,0–10 m,2010s,2,3,2,1
24375,30.623222,79.003361,1694.0,27.92,1400.0,22.8,37.7,39.5,39.9,35.7,15.5,0.155,Built-up,1.7,Uttarakhand,Rudraprayag,Ukhimath,Debris,2013,1500–2000 m,20–30°,<1500 mm,0–10 m,2010s,4,3,1,1
24378,30.62375,78.327333,930.0,43.98,1722.0,21.8,35.7,42.5,38.7,34.9,14.7,0.147,Built-up,3.2,Uttarakhand,Uttarkashi,Dunda,Rock,2007,500–1000 m,40–50°,1500–2000 mm,0–10 m,2000s,2,5,2,1
24389,30.624722,78.994706,1834.0,31.89,1449.0,23.5,38.8,37.7,40.0,35.0,15.6,0.156,Grassland,98.4,Uttarakhand,Rudraprayag,Ukhimath,Debris,2012,1500–2000 m,30–40°,<1500 mm,50–100 m,2010s,4,4,1,3
24406,30.626583,78.996639,1802.0,42.15,1447.0,23.9,38.9,37.2,40.0,35.0,15.6,0.156,Grassland,1.5,Uttarakhand,Rudraprayag,Ukhimath,Rock,2013,1500–2000 m,40–50°,<1500 mm,0–10 m,2010s,4,5,1,1
24438,30.629806,78.995028,1845.0,36.13,1447.0,23.3,38.6,38.1,40.0,35.0,15.6,0.156,Grassland,15.5,Uttarakhand,Rudraprayag,Ukhimath,Rock,2013,1500–2000 m,30–40°,<1500 mm,10–50 m,2010s,4,4,1,2
24448,30.631833,78.328361,943.0,43.35,1723.0,21.2,35.2,43.7,38.7,34.9,14.7,0.147,Built-up,0.5,Uttarakhand,Uttarkashi,Dunda,Rock,1989,500–1000 m,40–50°,1500–2000 mm,0–10 m,1980s,2,5,2,1
24449,30.633361,78.996361,1864.0,19.92,1448.0,23.9,37.9,38.2,39.2,36.7,15.6,0.156,Tree cover,111.7,Uttarakhand,Rudraprayag,Ukhimath,Rock,2013,1500–2000 m,10–20°,<1500 mm,100–500 m,2010s,4,2,1,4
24469,30.63625,78.974361,2193.0,21.5,1781.0,22.5,43.0,34.5,40.0,36.0,16.0,0.16,Bare / sparse vegetation,0.3,Uttarakhand,Rudraprayag,Ukhimath,Debris,2013,2000–3000 m,20–30°,1500–2000 mm,0–10 m,2010s,5,3,2,1
24470,30.636711,79.001731,1848.0,40.04,1517.0,22.9,39.5,37.6,39.2,36.7,15.6,0.156,Grassland,125.8,Uttarakhand,Rudraprayag,Ukhimath,Rock,2013,1500–2000 m,40–50°,1500–2000 mm,100–500 m,2010s,4,5,2,4
24475,30.640182,79.012837,1887.0,43.7,1528.0,23.4,39.9,36.7,39.1,35.5,15.8,0.158,Tree cover,49.0,Uttarakhand,Rudraprayag,Ukhimath,Debris,2013,1500–2000 m,40–50°,1500–2000 mm,10–50 m,2010s,4,5,2,2
24482,30.643008,79.02293,2213.0,36.8,1595.0,23.1,42.6,34.3,38.9,37.3,16.6,0.166,Tree cover,422.1,Uttarakhand,Rudraprayag,Ukhimath,Debris,2013,2000–3000 m,30–40°,1500–2000 mm,100–500 m,2010s,5,4,2,4
24483,30.643111,78.657139,1930.0,38.07,1756.0,24.4,40.9,34.6,39.5,35.7,15.7,0.157,Tree cover,2170.3,Uttarakhand,Tehri Garhwal,Ghansyali,Debris,2011,1500–2000 m,30–40°,1500–2000 mm,>1000 m,2010s,4,4,2,6
24487,30.6438,78.3068,1127.0,30.22,1759.0,24.4,34.0,41.6,39.1,34.7,15.8,0.158,Tree cover,5.5,Uttarakhand,Uttarkashi,Dunda,Debris,2013,1000–1500 m,30–40°,1500–2000 mm,0–10 m,2010s,3,4,2,1
24491,30.645111,78.328111,978.0,43.66,1720.0,22.5,35.2,42.4,38.6,34.8,15.8,0.158,Tree cover,12.3,Uttarakhand,Uttarkashi,Dunda,Rock,2007,500–1000 m,40–50°,1500–2000 mm,10–50 m,2000s,2,5,2,2
24496,30.64674,79.019925,1924.0,45.89,1595.0,24.0,41.7,34.4,38.9,37.3,16.6,0.166,Grassland,20.3,Uttarakhand,Rudraprayag,Ukhimath,Debris,2013,1500–2000 m,40–50°,1500–2000 mm,10–50 m,2010s,4,5,2,2
24501,30.647639,78.659389,1998.0,16.29,1754.0,23.7,41.3,35.0,39.5,35.7,15.7,0.157,Grassland,1764.2,Uttarakhand,Tehri Garhwal,Ghansyali,Debris,2010,1500–2000 m,10–20°,1500–2000 mm,>1000 m,2010s,4,2,2,6
24503,30.647939,79.023852,1935.0,23.58,1595.0,24.3,41.8,33.9,38.9,37.3,16.6,0.166,Tree cover,23.4,Uttarakhand,Rudraprayag,Ukhimath,Debris,2013,1500–2000 m,20–30°,1500–2000 mm,10–50 m,2010s,4,3,2,2
24520,30.651806,79.53425,2444.0,55.37,1658.0,25.6,40.1,34.4,39.6,37.8,17.1,0.171,Tree cover,640.8,Uttarakhand,Chamoli,Joshimath,Debris,2013,2000–3000 m,>50°,1500–2000 mm,500–1000 m,2010s,5,6,2,5
24533,30.654917,79.517694,2175.0,18.05,1578.0,26.1,42.3,31.5,39.5,36.4,16.6,0.166,Built-up,10.2,Uttarakhand,Chamoli,Joshimath,Debris,2013,2000–3000 m,10–20°,1500–2000 mm,10–50 m,2010s,5,2,2,2
24540,30.656852,79.028875,2058.0,49.75,1644.0,25.9,44.8,29.2,39.9,38.5,16.3,0.163,Grassland,5.1,Uttarakhand,Rudraprayag,Ukhimath,Rock,2013,2000–3000 m,40–50°,1500–2000 mm,0–10 m,2010s,5,5,2,1
24547,30.658544,79.031924,2102.0,53.33,1843.0,25.8,45.2,28.9,39.9,38.5,16.3,0.163,Tree cover,21.8,Uttarakhand,Rudraprayag,Ukhimath,Rock,2013,2000–3000 m,>50°,1500–2000 mm,10–50 m,2010s,5,6,2,2
24555,30.660753,79.032915,2162.0,48.87,1843.0,21.2,47.0,31.8,41.6,37.5,16.1,0.161,Tree cover,3.6,Uttarakhand,Rudraprayag,Ukhimath,Debris,2013,2000–3000 m,40–50°,1500–2000 mm,0–10 m,2010s,5,5,2,1
24556,30.660926,79.036781,2294.0,38.78,1728.0,19.1,47.6,33.3,41.6,37.5,16.1,0.161,Tree cover,230.8,Uttarakhand,Rudraprayag,Ukhimath,Rock,2013,2000–3000 m,30–40°,1500–2000 mm,100–500 m,2010s,5,4,2,4
24560,30.661736,78.973528,2241.0,30.8,1759.0,22.9,43.0,34.2,39.6,38.1,16.2,0.162,Grassland,50.5,Uttarakhand,Rudraprayag,Ukhimath,Debris,2012,2000–3000 m,30–40°,1500–2000 mm,50–100 m,2010s,5,4,2,3
24585,30.66875,79.587472,2481.0,30.46,1829.0,21.3,46.9,31.8,40.2,36.9,16.4,0.164,Bare / sparse vegetation,6.1,Uttarakhand,Chamoli,Joshimath,Debris,2013,2000–3000 m,30–40°,1500–2000 mm,0–10 m,2010s,5,4,2,1
24618,30.680556,78.347556,1106.0,32.51,1680.0,23.1,36.0,40.9,38.6,34.6,14.7,0.147,Tree cover,194.5,Uttarakhand,Uttarkashi,Dunda,Debris,2007,1000–1500 m,30–40°,1500–2000 mm,100–500 m,2000s,3,4,2,4
24627,30.684583,79.50875,2400.0,19.7,1765.0,19.0,46.4,34.6,39.4,36.6,16.9,0.169,Grassland,9.9,Uttarakhand,Chamoli,Joshimath,Debris,2013,2000–3000 m,10–20°,1500–2000 mm,0–10 m,2010s,5,2,2,1
24628,30.684722,79.050813,2712.0,43.18,1878.0,25.6,45.9,28.5,41.8,37.5,17.7,0.177,Tree cover,341.9,Uttarakhand,Rudraprayag,Ukhimath,Debris,2013,2000–3000 m,40–50°,1500–2000 mm,100–500 m,2010s,5,5,2,4
24633,30.686667,78.351667,1014.0,29.29,1664.0,22.8,34.8,42.4,38.8,34.3,15.9,0.159,Grassland,4.6,Uttarakhand,Uttarkashi,Dunda,Rock,2007,1000–1500 m,20–30°,1500–2000 mm,0–10 m,2000s,3,3,2,1
24651,30.693129,79.052537,2719.0,42.15,1871.0,23.9,46.0,30.1,39.7,37.3,17.3,0.173,Tree cover,28.0,Uttarakhand,Rudraprayag,Ukhimath,Rock,2013,2000–3000 m,40–50°,1500–2000 mm,10–50 m,2010s,5,5,2,2
24677,30.698611,79.061833,3019.0,42.11,1854.0,23.8,44.6,31.6,39.8,36.6,16.9,0.169,Grassland,0.6,Uttarakhand,Rudraprayag,Ukhimath,Rock,2013,>3000 m,40–50°,1500–2000 mm,0–10 m,2010s,6,5,2,1
24724,30.713889,79.069444,3258.0,37.3,1776.0,23.7,45.7,30.6,39.3,36.0,16.4,0.164,Bare / sparse vegetation,92.6,Uttarakhand,Rudraprayag,Ukhimath,Debris,2013,>3000 m,30–40°,1500–2000 mm,50–100 m,2010s,6,4,2,3
24730,30.7175,78.3508,997.0,19.5,1629.0,22.6,36.9,40.5,38.9,34.6,14.7,0.147,Tree cover,48.6,Uttarakhand,Uttarkashi,Dunda,Rock,2013,500–1000 m,10–20°,1500–2000 mm,10–50 m,2010s,2,2,2,2
24809,30.742473,78.493235,1268.0,34.17,1490.0,22.3,38.7,39.0,38.9,34.2,14.9,0.149,Grassland,44.8,Uttarakhand,Uttarkashi,Bhatwadi,Rock,2006,1000–1500 m,30–40°,<1500 mm,10–50 m,2000s,3,4,1,2
24841,30.755944,78.571294,1399.0,35.19,1411.0,22.0,37.3,40.7,40.0,35.6,16.2,0.162,Tree cover,71.2,Uttarakhand,Uttarkashi,Bhatwadi,Debris,2010,1000–1500 m,30–40°,<1500 mm,50–100 m,2010s,3,4,1,3
24957,30.77336,78.127024,1471.0,22.33,1669.0,24.4,36.5,39.1,39.4,35.1,15.6,0.156,Grassland,20.4,Uttarakhand,Uttarkashi,Badkot,Rock,2010,1000–1500 m,20–30°,1500–2000 mm,10–50 m,2010s,3,3,2,2
24987,30.780336,78.156285,1664.0,38.13,1656.0,24.2,33.7,42.1,39.5,33.6,15.7,0.157,Tree cover,149.3,Uttarakhand,Uttarkashi,Badkot,Rock,2013,1500–2000 m,30–40°,1500–2000 mm,100–500 m,2010s,4,4,2,4
24993,30.781421,78.137544,1311.0,50.31,1685.0,23.0,35.0,42.0,39.5,34.0,15.7,0.157,Tree cover,90.1,Uttarakhand,Uttarkashi,Badkot,Rock,2008,1000–1500 m,>50°,1500–2000 mm,50–100 m,2000s,3,6,2,3
24996,30.782126,78.135843,1248.0,27.03,1685.0,22.6,34.6,42.8,39.2,34.8,15.4,0.154,Tree cover,2.3,Uttarakhand,Uttarkashi,Badkot,Rock,2013,1000–1500 m,20–30°,1500–2000 mm,0–10 m,2010s,3,3,2,1
25001,30.783053,78.620929,1590.0,40.88,1462.0,22.2,38.8,39.0,39.1,35.1,15.5,0.155,Tree cover,23.6,Uttarakhand,Uttarkashi,Bhatwadi,Debris,2010,1500–2000 m,40–50°,<1500 mm,10–50 m,2010s,4,5,1,2
25063,30.798472,78.145083,1163.0,33.44,1707.0,24.7,33.9,41.3,38.7,35.0,15.9,0.159,Grassland,9.0,Uttarakhand,Uttarkashi,Badkot,Rock,2012,1000–1500 m,30–40°,1500–2000 mm,0–10 m,2010s,3,4,2,1
25074,30.801506,77.260769,967.0,24.37,1485.0,22.2,40.1,37.6,38.2,32.7,15.2,0.152,Grassland,1549.2,Himachal Pradesh,Sirmour,Narag,Rock,2004,500–1000 m,20–30°,<1500 mm,>1000 m,2000s,2,3,1,6
25085,30.807833,77.318803,1652.0,34.26,1448.0,23.6,37.5,38.9,39.5,35.2,16.4,0.164,Grassland,1483.8,Himachal Pradesh,Sirmour,Rajgarh,Rock,2011,1500–2000 m,30–40°,<1500 mm,>1000 m,2010s,4,4,1,6
25087,30.808008,78.154754,1302.0,32.81,1682.0,23.9,35.0,41.0,39.9,35.6,15.5,0.155,Grassland,454.2,Uttarakhand,Uttarkashi,Badkot,Rock,2013,1000–1500 m,30–40°,1500–2000 mm,100–500 m,2010s,3,4,2,4
25090,30.808333,78.147417,1289.0,31.09,1642.0,23.4,35.6,41.0,39.7,35.9,15.5,0.155,Grassland,29.6,Uttarakhand,Uttarkashi,Badkot,Rock,2012,1000–1500 m,30–40°,1500–2000 mm,10–50 m,2010s,3,4,2,2
25098,30.810086,78.218833,1256.0,26.59,1598.0,21.0,35.9,43.1,38.2,34.2,15.3,0.153,Tree cover,68.1,Uttarakhand,Uttarkashi,Badkot,Rock,2011,1000–1500 m,20–30°,1500–2000 mm,50–100 m,2010s,3,3,2,3
25099,30.810357,78.219713,1311.0,34.1,1598.0,21.2,36.5,42.3,38.2,34.2,15.3,0.153,Built-up,14.0,Uttarakhand,Uttarkashi,Badkot,Rock,2011,1000–1500 m,30–40°,1500–2000 mm,10–50 m,2010s,3,4,2,2
25101,30.811257,78.218495,1328.0,33.59,1598.0,21.0,35.9,43.1,38.2,34.2,15.3,0.153,Grassland,13.7,Uttarakhand,Uttarkashi,Badkot,Rock,2011,1000–1500 m,30–40°,1500–2000 mm,10–50 m,2010s,3,4,2,2
25119,30.8136,78.6202,1621.0,38.98,1389.0,25.3,38.3,36.4,40.0,34.7,16.2,0.162,Grassland,54.2,Uttarakhand,Uttarkashi,Bhatwadi,Rock,2009,1500–2000 m,30–40°,<1500 mm,50–100 m,2000s,4,4,1,3
25126,30.814127,78.154558,1588.0,23.97,1604.0,25.9,34.3,39.9,40.5,36.1,17.4,0.174,Grassland,872.3,Uttarakhand,Uttarkashi,Badkot,Rock,2012,1500–2000 m,20–30°,1500–2000 mm,500–1000 m,2010s,4,3,2,5
25128,30.8142,78.222081,1328.0,34.95,1598.0,21.5,35.3,43.1,38.8,35.2,15.3,0.153,Built-up,2.3,Uttarakhand,Uttarkashi,Badkot,Rock,2011,1000–1500 m,30–40°,1500–2000 mm,0–10 m,2010s,3,4,2,1
25137,30.816661,78.225947,1329.0,25.96,1581.0,22.1,35.2,42.7,38.8,35.2,15.3,0.153,Built-up,7.5,Uttarakhand,Uttarkashi,Badkot,Rock,2011,1000–1500 m,20–30°,1500–2000 mm,0–10 m,2010s,3,3,2,1
25138,30.816946,78.226502,1318.0,20.17,1596.0,22.5,35.2,42.4,38.8,35.2,15.3,0.153,Built-up,4.7,Uttarakhand,Uttarkashi,Badkot,Rock,2011,1000–1500 m,20–30°,1500–2000 mm,0–10 m,2010s,3,3,2,1
25152,30.818276,78.22799,1326.0,48.07,1596.0,22.5,35.2,42.4,38.8,35.2,15.3,0.153,Built-up,7.8,Uttarakhand,Uttarkashi,Badkot,Rock,2011,1000–1500 m,40–50°,1500–2000 mm,0–10 m,2010s,3,5,2,1
25161,30.819558,78.238525,1314.0,39.75,1586.0,22.9,36.2,40.9,38.7,34.7,15.6,0.156,Tree cover,24.2,Uttarakhand,Uttarkashi,Badkot,Rock,2011,1000–1500 m,30–40°,1500–2000 mm,10–50 m,2010s,3,4,2,2
25164,30.819894,78.234576,1213.0,26.07,1586.0,22.9,36.1,40.9,38.7,34.7,15.6,0.156,Tree cover,90.1,Uttarakhand,Uttarkashi,Badkot,Rock,2012,1000–1500 m,20–30°,1500–2000 mm,50–100 m,2010s,3,3,2,3
25165,30.820469,78.211327,1340.0,30.11,1591.0,24.2,37.4,38.4,39.1,34.8,15.5,0.155,Built-up,245.7,Uttarakhand,Uttarkashi,Badkot,Rock,2013,1000–1500 m,30–40°,1500–2000 mm,100–500 m,2010s,3,4,2,4
25174,30.822222,78.209722,1285.0,20.55,1591.0,24.4,36.9,38.7,39.2,34.4,15.3,0.153,Cropland,161.9,Uttarakhand,Uttarkashi,Badkot,Rock,2013,1000–1500 m,20–30°,1500–2000 mm,100–500 m,2010s,3,3,2,4
25177,30.822973,78.209501,1281.0,32.29,1591.0,24.2,37.1,38.7,39.3,35.1,16.1,0.161,Grassland,208.3,Uttarakhand,Uttarkashi,Badkot,Rock,2013,1000–1500 m,30–40°,1500–2000 mm,100–500 m,2010s,3,4,2,4
25179,30.823083,78.210361,1324.0,27.91,1591.0,24.4,36.9,38.7,39.2,34.4,15.3,0.153,Grassland,270.2,Uttarakhand,Uttarkashi,Badkot,Rock,2013,1000–1500 m,20–30°,1500–2000 mm,100–500 m,2010s,3,3,2,4
25195,30.825,78.20979,1351.0,34.02,1591.0,24.1,37.0,39.0,39.3,35.1,16.1,0.161,Grassland,424.8,Uttarakhand,Uttarkashi,Badkot,Rock,2013,1000–1500 m,30–40°,1500–2000 mm,100–500 m,2010s,3,4,2,4
25198,30.825556,78.2125,1454.0,21.77,1563.0,24.4,36.4,39.2,39.2,34.4,15.3,0.153,Grassland,611.1,Uttarakhand,Uttarkashi,Badkot,Rock,2013,1000–1500 m,20–30°,1500–2000 mm,500–1000 m,2010s,3,3,2,5
25218,30.827775,78.247349,1278.0,43.76,1559.0,23.6,36.7,39.7,39.6,34.9,15.5,0.155,Grassland,357.6,Uttarakhand,Uttarkashi,Badkot,Rock,2008,1000–1500 m,40–50°,1500–2000 mm,100–500 m,2000s,3,5,2,4
25227,30.8294,78.6202,1629.0,38.79,1406.0,25.4,38.7,35.9,39.9,36.4,16.9,0.169,Grassland,20.7,Uttarakhand,Uttarkashi,Bhatwadi,Debris,2009,1500–2000 m,30–40°,<1500 mm,10–50 m,2000s,4,4,1,2
25228,30.829722,78.616667,1770.0,33.91,1406.0,24.4,43.4,32.2,39.9,36.4,16.9,0.169,Grassland,3.7,Uttarakhand,Uttarkashi,Bhatwadi,Debris,2013,1500–2000 m,30–40°,<1500 mm,0–10 m,2010s,4,4,1,1
25230,30.830441,78.248649,1267.0,30.65,1559.0,23.9,36.6,39.5,39.3,35.4,15.9,0.159,Grassland,431.8,Uttarakhand,Uttarkashi,Badkot,Rock,2013,1000–1500 m,30–40°,1500–2000 mm,100–500 m,2010s,3,4,2,4
25253,30.833972,78.247,1394.0,21.47,1541.0,24.5,36.0,39.5,39.3,35.4,15.9,0.159,Tree cover,696.3,Uttarakhand,Uttarkashi,Badkot,Rock,2013,1000–1500 m,20–30°,1500–2000 mm,500–1000 m,2010s,3,3,2,5
25259,30.83575,78.248,1385.0,34.47,1541.0,24.0,36.5,39.4,39.3,35.4,15.9,0.159,Grassland,704.3,Uttarakhand,Uttarkashi,Badkot,Rock,2013,1000–1500 m,30–40°,1500–2000 mm,500–1000 m,2010s,3,4,2,5
25267,30.836361,78.24725,1423.0,21.72,1541.0,23.7,36.6,39.8,39.3,35.0,15.8,0.158,Grassland,630.7,Uttarakhand,Uttarkashi,Badkot,Rock,2013,1000–1500 m,20–30°,1500–2000 mm,500–1000 m,2010s,3,3,2,5
25276,30.837333,78.2475,1434.0,35.0,1541.0,23.5,36.9,39.6,39.3,35.0,15.8,0.158,Grassland,624.3,Uttarakhand,Uttarkashi,Badkot,Rock,2013,1000–1500 m,30–40°,1500–2000 mm,500–1000 m,2010s,3,4,2,5
25284,30.838444,78.250306,1275.0,28.49,1551.0,23.4,37.1,39.5,39.3,35.4,15.9,0.159,Grassland,786.0,Uttarakhand,Uttarkashi,Badkot,Rock,2013,1000–1500 m,20–30°,1500–2000 mm,500–1000 m,2010s,3,3,2,5
25287,30.838722,78.247278,1454.0,22.84,1541.0,23.5,36.9,39.6,39.3,35.0,15.8,0.158,Grassland,584.0,Uttarakhand,Uttarkashi,Badkot,Rock,2013,1000–1500 m,20–30°,1500–2000 mm,500–1000 m,2010s,3,3,2,5
25330,30.844216,78.247618,1434.0,36.09,1532.0,23.6,37.2,39.2,39.0,35.0,16.3,0.163,Tree cover,527.0,Uttarakhand,Uttarkashi,Badkot,Rock,2013,1000–1500 m,30–40°,1500–2000 mm,500–1000 m,2010s,3,4,2,5
25333,30.844318,78.24888,1335.0,33.26,1532.0,23.6,37.2,39.2,39.0,35.0,16.3,0.163,Tree cover,642.2,Uttarakhand,Uttarkashi,Badkot,Rock,2013,1000–1500 m,30–40°,1500–2000 mm,500–1000 m,2010s,3,4,2,5
25343,30.845,78.271944,1299.0,4.3,1520.0,23.2,34.7,42.1,39.5,35.2,16.4,0.164,Grassland,61.2,Uttarakhand,Uttarkashi,Badkot,Rock,2008,1000–1500 m,0–10°,1500–2000 mm,50–100 m,2000s,3,1,2,3
25346,30.845158,78.248864,1341.0,19.57,1532.0,23.6,37.2,39.2,39.0,35.0,16.3,0.163,Tree cover,620.5,Uttarakhand,Uttarkashi,Badkot,Rock,2013,1000–1500 m,10–20°,1500–2000 mm,500–1000 m,2010s,3,2,2,5
25348,30.845278,78.271667,1297.0,4.12,1520.0,23.2,34.7,42.1,39.5,35.2,16.4,0.164,Tree cover,97.6,Uttarakhand,Uttarkashi,Badkot,Rock,1990,1000–1500 m,0–10°,1500–2000 mm,50–100 m,1990s,3,1,2,3
25351,30.845694,78.273222,1304.0,6.48,1520.0,23.2,34.7,42.1,39.5,35.2,16.4,0.164,Tree cover,106.8,Uttarakhand,Uttarkashi,Badkot,Rock,2008,1000–1500 m,0–10°,1500–2000 mm,100–500 m,2000s,3,1,2,4
25390,30.848,78.0544,1606.0,14.39,1575.0,25.1,36.1,38.9,40.0,33.9,16.7,0.167,Tree cover,1363.1,Uttarakhand,Uttarkashi,Purola,Debris,2010,1500–2000 m,10–20°,1500–2000 mm,>1000 m,2010s,4,2,2,6
25382,30.848,78.2816,1338.0,17.77,1515.0,22.2,34.8,43.1,39.4,35.2,15.9,0.159,Built-up,12.9,Uttarakhand,Uttarkashi,Badkot,Debris,2013,1000–1500 m,10–20°,1500–2000 mm,10–50 m,2010s,3,2,2,2
25404,30.850417,78.275,1608.0,19.3,1557.0,23.0,37.1,39.9,39.8,36.0,16.1,0.161,Tree cover,514.0,Uttarakhand,Uttarkashi,Badkot,Rock,2013,1500–2000 m,10–20°,1500–2000 mm,500–1000 m,2010s,4,2,2,5
25409,30.850889,78.283944,1410.0,49.69,1502.0,23.4,36.5,40.1,39.3,36.0,16.1,0.161,Grassland,22.1,Uttarakhand,Uttarkashi,Badkot,Rock,2012,1000–1500 m,40–50°,1500–2000 mm,10–50 m,2010s,3,5,2,2
25458,30.858,78.6463,1772.0,40.85,1439.0,25.8,40.6,33.6,39.3,36.9,16.6,0.166,Grassland,25.9,Uttarakhand,Uttarkashi,Bhatwadi,Debris,2013,1500–2000 m,40–50°,<1500 mm,10–50 m,2010s,4,5,1,2
25485,30.860906,78.247715,1557.0,25.12,1507.0,23.3,37.2,39.5,39.6,34.8,15.7,0.157,Grassland,1124.1,Uttarakhand,Uttarkashi,Badkot,Rock,2013,1500–2000 m,20–30°,1500–2000 mm,>1000 m,2010s,4,3,2,6
25490,30.861364,78.238401,1479.0,40.67,1510.0,22.5,36.3,41.2,40.0,35.8,15.8,0.158,Tree cover,379.3,Uttarakhand,Uttarkashi,Badkot,Rock,2013,1000–1500 m,40–50°,1500–2000 mm,100–500 m,2010s,3,5,2,4
25554,30.868,78.6541,1779.0,28.57,1473.0,25.4,40.3,34.3,39.5,36.7,16.1,0.161,Built-up,5.8,Uttarakhand,Uttarkashi,Bhatwadi,Debris,2013,1500–2000 m,20–30°,<1500 mm,0–10 m,2010s,4,3,1,1
25695,30.885,78.6694,1837.0,26.38,1445.0,25.7,38.9,35.4,39.5,38.0,16.6,0.166,Bare / sparse vegetation,2.4,Uttarakhand,Uttarkashi,Bhatwadi,Debris,2013,1500–2000 m,20–30°,<1500 mm,0–10 m,2010s,4,3,1,1
25708,30.886667,77.004722,1354.0,27.85,1421.0,24.2,39.6,36.2,38.8,34.6,15.6,0.156,Built-up,3.3,Himachal Pradesh,Solan,Kasauli,Debris,2023,1000–1500 m,20–30°,<1500 mm,0–10 m,2020s,3,3,1,1
25785,30.8936,78.6741,1913.0,27.96,1535.0,24.9,38.9,36.2,39.4,38.5,16.5,0.165,Grassland,29.0,Uttarakhand,Uttarkashi,Bhatwadi,Debris,2013,1500–2000 m,20–30°,1500–2000 mm,10–50 m,2010s,4,3,2,2
25906,30.906134,78.334416,1659.0,18.63,1474.0,23.3,37.6,39.1,39.5,37.6,16.7,0.167,Grassland,181.7,Uttarakhand,Uttarkashi,Badkot,Rock,2010,1500–2000 m,10–20°,<1500 mm,100–500 m,2010s,4,2,1,4
25929,30.908194,78.333889,1777.0,35.56,1474.0,23.8,37.5,38.7,39.5,37.6,16.7,0.167,Tree cover,26.9,Uttarakhand,Uttarkashi,Badkot,Rock,2008,1500–2000 m,30–40°,<1500 mm,10–50 m,2000s,4,4,1,2
25948,30.910807,78.230601,1847.0,28.6,1510.0,21.1,39.5,39.4,39.3,34.9,16.4,0.164,Grassland,14.7,Uttarakhand,Uttarkashi,Badkot,Rock,2008,1500–2000 m,20–30°,1500–2000 mm,10–50 m,2000s,4,3,2,2
25956,30.912222,78.354444,2246.0,47.05,1571.0,17.4,45.4,37.2,39.6,38.0,16.5,0.165,Tree cover,766.0,Uttarakhand,Uttarkashi,Badkot,Rock,2014,2000–3000 m,40–50°,1500–2000 mm,500–1000 m,2010s,5,5,2,5
25957,30.912522,78.335522,2257.0,51.05,1568.0,24.1,39.7,36.3,39.6,37.4,16.2,0.162,Grassland,429.2,Uttarakhand,Uttarkashi,Badkot,Rock,2011,2000–3000 m,>50°,1500–2000 mm,100–500 m,2010s,5,6,2,4
25959,30.912613,78.333726,2164.0,58.1,1568.0,24.1,39.7,36.3,39.6,37.4,16.2,0.162,Grassland,289.9,Uttarakhand,Uttarkashi,Badkot,Rock,2012,2000–3000 m,>50°,1500–2000 mm,100–500 m,2010s,5,6,2,4
25964,30.913227,78.228479,1876.0,26.8,1510.0,21.3,38.7,40.0,39.6,36.5,15.6,0.156,Grassland,6.0,Uttarakhand,Uttarkashi,Badkot,Rock,2008,1500–2000 m,20–30°,1500–2000 mm,0–10 m,2000s,4,3,2,1
25974,30.915929,78.230709,1957.0,30.11,1510.0,22.5,40.0,37.5,39.6,36.5,15.6,0.156,Tree cover,10.9,Uttarakhand,Uttarkashi,Badkot,Rock,2008,1500–2000 m,30–40°,1500–2000 mm,10–50 m,2000s,4,4,2,2
25977,30.916437,78.230416,1949.0,32.59,1510.0,22.1,39.9,38.0,39.6,36.5,15.6,0.156,Grassland,13.2,Uttarakhand,Uttarkashi,Badkot,Rock,2008,1500–2000 m,30–40°,1500–2000 mm,10–50 m,2000s,4,4,2,2
25987,30.917362,78.228841,1975.0,32.48,1550.0,22.1,39.9,38.0,39.6,36.5,15.6,0.156,Tree cover,10.3,Uttarakhand,Uttarkashi,Badkot,Rock,2008,1500–2000 m,30–40°,1500–2000 mm,10–50 m,2000s,4,4,2,2
25988,30.917628,78.223462,1880.0,32.09,1518.0,21.9,39.6,38.6,40.2,35.3,15.5,0.155,Grassland,6.5,Uttarakhand,Uttarkashi,Badkot,Rock,2008,1500–2000 m,30–40°,1500–2000 mm,0–10 m,2000s,4,4,2,1
26002,30.923539,78.224257,2093.0,25.53,1518.0,22.4,40.7,37.0,40.1,36.0,15.9,0.159,Grassland,11.2,Uttarakhand,Uttarkashi,Badkot,Rock,2008,2000–3000 m,20–30°,1500–2000 mm,10–50 m,2000s,5,3,2,2
26004,30.923579,78.223732,2097.0,21.79,1518.0,22.2,40.2,37.6,40.1,36.0,15.9,0.159,Grassland,10.7,Uttarakhand,Uttarkashi,Badkot,Rock,2008,2000–3000 m,20–30°,1500–2000 mm,10–50 m,2000s,5,3,2,2
26097,30.947172,77.571233,2179.0,31.64,1403.0,31.2,38.0,30.8,39.4,37.8,16.8,0.168,Grassland,9.1,Himachal Pradesh,Shimla,Chopal,Debris,2011,2000–3000 m,30–40°,<1500 mm,0–10 m,2010s,5,4,1,1
26325,30.991208,77.092833,1625.0,37.35,1457.0,25.7,37.0,37.3,38.4,35.3,15.8,0.158,Grassland,24.3,Himachal Pradesh,Solan,Kandaghat,Rock,2020,1500–2000 m,30–40°,<1500 mm,10–50 m,2020s,4,4,1,2
26358,31.021833,77.069083,1357.0,25.7,1464.0,24.5,37.9,37.6,37.4,33.9,15.6,0.156,Tree cover,231.0,Himachal Pradesh,Solan,Kandaghat,Debris,2017,1000–1500 m,20–30°,<1500 mm,100–500 m,2010s,3,3,1,4
26367,31.030215,77.070946,1242.0,42.68,1448.0,24.5,38.1,37.4,37.8,34.0,15.5,0.155,Grassland,1180.6,Himachal Pradesh,Solan,Kandaghat,Debris,2017,1000–1500 m,40–50°,<1500 mm,>1000 m,2010s,3,5,1,6
26537,31.08425,77.060278,1453.0,34.87,1506.0,26.8,36.4,36.8,37.9,34.0,15.4,0.154,Grassland,11.6,Himachal Pradesh,Solan,Mamlig,Debris,2017,1000–1500 m,30–40°,1500–2000 mm,10–50 m,2010s,3,4,2,2
26584,31.09,78.12,1890.0,51.83,1273.0,24.5,41.0,34.5,39.8,37.3,15.9,0.159,Tree cover,1007.5,Uttarakhand,Uttarkashi,Mori,Rock,2014,1500–2000 m,>50°,<1500 mm,>1000 m,2010s,4,6,1,6
26618,31.095278,77.170278,1993.0,40.01,1422.0,22.7,37.1,40.2,39.8,36.1,16.9,0.169,Tree cover,10.4,Himachal Pradesh,Shimla,Shimla,Debris,2023,1500–2000 m,40–50°,<1500 mm,10–50 m,2020s,4,5,1,2
26634,31.097222,77.153611,1952.0,20.04,1449.0,26.3,35.8,37.9,39.3,35.2,16.6,0.166,Tree cover,0.2,Himachal Pradesh,Shimla,Shimla,Debris,2023,1500–2000 m,20–30°,<1500 mm,0–10 m,2020s,4,3,1,1
26662,31.1,78.19,1681.0,42.17,1272.0,24.2,42.6,33.2,40.1,36.8,15.9,0.159,Tree cover,180.7,Uttarakhand,Uttarkashi,Mori,Rock,2014,1500–2000 m,40–50°,<1500 mm,100–500 m,2010s,4,5,1,4
26682,31.102716,77.204228,2244.0,50.16,1378.0,23.9,36.7,39.4,39.6,36.7,16.6,0.166,Built-up,6.2,Himachal Pradesh,Shimla,Shimla,Rock,2002,2000–3000 m,>50°,<1500 mm,0–10 m,2000s,5,6,1,1
26755,31.11442,77.69076,1869.0,28.65,1321.0,30.7,39.1,30.3,38.9,36.4,16.6,0.166,Built-up,4.9,Himachal Pradesh,Shimla,Jubbal,Rock,2014,1500–2000 m,20–30°,<1500 mm,0–10 m,2010s,4,3,1,1
26814,31.128333,77.348889,2250.0,11.99,1339.0,30.7,36.1,33.2,39.3,37.3,17.0,0.17,Built-up,14.2,Himachal Pradesh,Shimla,Theog,Debris,2023,2000–3000 m,10–20°,<1500 mm,10–50 m,2020s,5,2,1,2
26820,31.13,78.17,2746.0,32.76,1337.0,20.0,45.8,34.2,38.7,36.1,17.3,0.173,Tree cover,3912.6,Uttarakhand,Uttarkashi,Mori,Rock,2014,2000–3000 m,30–40°,<1500 mm,>1000 m,2010s,5,4,1,6
26910,31.16061,77.72372,1584.0,41.49,1248.0,27.9,39.5,32.6,36.4,34.0,16.6,0.166,Tree cover,202.0,Himachal Pradesh,Shimla,Rohru,Debris,2011,1500–2000 m,40–50°,<1500 mm,100–500 m,2010s,4,5,1,4
26928,31.164444,77.010111,1469.0,23.48,1561.0,26.2,36.5,37.3,38.5,33.9,16.0,0.16,Built-up,2.3,Himachal Pradesh,Solan,Arki,Debris,2017,1000–1500 m,20–30°,1500–2000 mm,0–10 m,2010s,3,3,2,1
26940,31.17093,77.77254,2521.0,21.52,1268.0,21.5,44.8,33.7,37.5,36.1,17.5,0.175,Tree cover,2758.7,Himachal Pradesh,Shimla,Rohru,Rock,2015,2000–3000 m,20–30°,<1500 mm,>1000 m,2010s,5,3,1,6
27337,31.250003,76.771361,747.0,39.92,1263.0,24.6,39.7,35.7,37.6,33.8,13.6,0.136,Built-up,1.4,Himachal Pradesh,Bilaspur,Bilaspur Sadar,Rock,2015,500–1000 m,30–40°,<1500 mm,0–10 m,2010s,2,4,1,1
27348,31.253139,76.770028,738.0,35.99,1263.0,25.7,41.1,33.2,37.3,34.7,14.2,0.142,Built-up,10.3,Himachal Pradesh,Bilaspur,Bilaspur Sadar,Rock,2015,500–1000 m,30–40°,<1500 mm,10–50 m,2010s,2,4,1,2
27349,31.2535,76.770056,754.0,35.08,1263.0,25.7,41.1,33.2,37.3,34.7,14.2,0.142,Built-up,15.7,Himachal Pradesh,Bilaspur,Bilaspur Sadar,Debris,2015,500–1000 m,30–40°,<1500 mm,10–50 m,2010s,2,4,1,2
27368,31.260639,77.073278,706.0,34.57,1413.0,24.6,39.5,35.9,38.1,35.4,14.3,0.143,Grassland,9.3,Himachal Pradesh,Mandi,Bagshad,Rock,2015,500–1000 m,30–40°,<1500 mm,0–10 m,2010s,2,4,1,1
27370,31.262639,76.766444,786.0,46.28,1267.0,24.9,42.5,32.6,37.7,34.9,14.5,0.145,Grassland,39.3,Himachal Pradesh,Bilaspur,Bilaspur Sadar,Debris,2015,500–1000 m,40–50°,<1500 mm,10–50 m,2010s,2,5,1,2
27410,31.277036,76.763667,580.0,35.81,1284.0,25.1,41.2,33.7,37.8,33.2,13.7,0.137,Tree cover,83.6,Himachal Pradesh,Bilaspur,Bilaspur Sadar,Debris,2015,500–1000 m,30–40°,<1500 mm,50–100 m,2010s,2,4,1,3
27414,31.277694,76.76025,561.0,40.08,1284.0,25.0,40.9,34.1,37.8,33.2,13.7,0.137,Tree cover,3.0,Himachal Pradesh,Bilaspur,Bilaspur Sadar,Debris,2015,500–1000 m,40–50°,<1500 mm,0–10 m,2010s,2,5,1,1
27424,31.281389,77.584667,2688.0,21.49,1213.0,23.6,47.0,29.4,39.5,33.2,16.6,0.166,Tree cover,2906.0,Himachal Pradesh,Shimla,Nankhari,Debris,2016,2000–3000 m,20–30°,<1500 mm,>1000 m,2010s,5,3,1,6
27480,31.303072,76.770156,658.0,29.34,1283.0,25.3,39.6,35.1,37.9,33.4,14.0,0.14,Built-up,10.4,Himachal Pradesh,Bilaspur,Bilaspur Sadar,Debris,2015,500–1000 m,20–30°,<1500 mm,10–50 m,2010s,2,3,1,2
27509,31.309194,77.122472,1687.0,28.51,1580.0,26.1,39.2,34.7,38.8,34.9,16.1,0.161,Tree cover,7.7,Himachal Pradesh,Mandi,Bagshad,Rock,2015,1500–2000 m,20–30°,1500–2000 mm,0–10 m,2010s,4,3,2,1
27570,31.327806,77.171861,1870.0,40.41,1507.0,28.2,36.7,35.1,39.2,35.7,16.5,0.165,Tree cover,1216.7,Himachal Pradesh,Mandi,Bagshad,Rock,2015,1500–2000 m,40–50°,1500–2000 mm,>1000 m,2010s,4,5,2,6
27713,31.376806,76.860111,685.0,28.13,1406.0,28.3,39.4,32.2,37.5,32.9,14.9,0.149,Grassland,913.8,Himachal Pradesh,Mandi,Bilaspur Sadar,Rock,2015,500–1000 m,20–30°,<1500 mm,500–1000 m,2010s,2,3,1,5
27736,31.382,77.098361,1895.0,29.3,1616.0,26.4,36.2,37.5,39.8,37.2,17.0,0.17,Grassland,1412.5,Himachal Pradesh,Mandi,Pangna,Rock,2015,1500–2000 m,20–30°,1500–2000 mm,>1000 m,2010s,4,3,2,6
27756,31.387194,77.618944,963.0,30.57,1194.0,30.9,38.5,30.7,36.1,31.6,16.7,0.167,Built-up,11.1,Himachal Pradesh,Shimla,Rampur,Debris,1999,500–1000 m,30–40°,<1500 mm,10–50 m,1990s,2,4,1,2
27763,31.388917,77.613611,967.0,28.81,1184.0,30.0,40.0,30.0,36.2,32.2,17.0,0.17,Built-up,6.5,Himachal Pradesh,Shimla,Rampur,Debris,1999,500–1000 m,20–30°,<1500 mm,0–10 m,1990s,2,3,1,1
27764,31.389611,76.857139,706.0,22.6,1360.0,29.1,38.2,32.7,37.7,33.9,14.2,0.142,Tree cover,1604.7,Himachal Pradesh,Bilaspur,Bilaspur Sadar,Rock,2015,500–1000 m,20–30°,<1500 mm,>1000 m,2010s,2,3,1,6
27771,31.391889,76.762,609.0,22.52,1364.0,22.3,43.1,34.7,38.1,33.3,13.8,0.138,Tree cover,90.2,Himachal Pradesh,Bilaspur,Bilaspur Sadar,Rock,2015,500–1000 m,20–30°,<1500 mm,50–100 m,2010s,2,3,1,3
27783,31.394722,76.76525,609.0,30.16,1364.0,22.8,43.0,34.2,37.9,33.4,13.9,0.139,Built-up,1.7,Himachal Pradesh,Bilaspur,Bilaspur Sadar,Debris,2015,500–1000 m,30–40°,<1500 mm,0–10 m,2010s,2,4,1,1
27784,31.394722,76.765139,609.0,30.16,1364.0,22.8,43.0,34.2,37.9,33.4,13.9,0.139,Tree cover,7.6,Himachal Pradesh,Bilaspur,Bilaspur Sadar,Rock,2015,500–1000 m,30–40°,<1500 mm,0–10 m,2010s,2,4,1,1
27790,31.396167,76.767306,643.0,18.24,1323.0,25.4,43.2,31.4,38.0,34.5,14.6,0.146,Built-up,1.5,Himachal Pradesh,Bilaspur,Bilaspur Sadar,Debris,2015,500–1000 m,10–20°,<1500 mm,0–10 m,2010s,2,2,1,1
27797,31.399444,77.157833,1828.0,28.8,1575.0,27.2,37.1,35.7,39.4,36.6,17.0,0.17,Tree cover,1557.5,Himachal Pradesh,Mandi,Karsog,Rock,2015,1500–2000 m,20–30°,1500–2000 mm,>1000 m,2010s,4,3,2,6
27802,31.399972,76.767139,574.0,5.76,1323.0,24.4,43.4,32.1,38.0,34.5,14.6,0.146,Tree cover,265.6,Himachal Pradesh,Bilaspur,Bilaspur Sadar,Debris,2010,500–1000 m,0–10°,<1500 mm,100–500 m,2010s,2,1,1,4
27806,31.400306,76.800167,547.0,15.3,1349.0,26.0,39.7,34.4,37.5,33.7,14.0,0.14,Tree cover,1490.9,Himachal Pradesh,Bilaspur,Bilaspur Sadar,Debris,2015,500–1000 m,10–20°,<1500 mm,>1000 m,2010s,2,2,1,6
27810,31.401417,76.801417,554.0,27.38,1349.0,25.7,39.0,35.3,37.5,33.7,14.0,0.14,Tree cover,1401.4,Himachal Pradesh,Bilaspur,Bilaspur Sadar,Debris,2015,500–1000 m,20–30°,<1500 mm,>1000 m,2010s,2,3,1,6
27836,31.404628,77.680134,1819.0,25.1,1200.0,33.2,35.2,31.6,37.9,32.1,17.3,0.173,Tree cover,1792.8,Himachal Pradesh,Shimla,Rampur,Debris,1983,1500–2000 m,20–30°,<1500 mm,>1000 m,1980s,4,3,1,6
27869,31.408942,76.771808,558.0,25.6,1342.0,24.9,41.8,33.3,38.0,34.5,14.6,0.146,Tree cover,1356.6,Himachal Pradesh,Bilaspur,Bilaspur Sadar,Rock,2015,500–1000 m,20–30°,<1500 mm,>1000 m,2010s,2,3,1,6
27891,31.411472,77.203778,1557.0,12.46,1562.0,27.7,37.4,34.8,39.6,36.6,16.7,0.167,Grassland,35.2,Himachal Pradesh,Mandi,Karsog,Rock,2015,1500–2000 m,10–20°,1500–2000 mm,10–50 m,2010s,4,2,2,2
27899,31.413389,76.789083,697.0,0.66,1331.0,26.3,40.0,33.7,37.9,34.9,14.6,0.146,Cropland,2393.2,Himachal Pradesh,Bilaspur,Harlog,Debris,2015,500–1000 m,0–10°,<1500 mm,>1000 m,2010s,2,1,1,6
27917,31.416194,77.113139,2041.0,35.02,1558.0,26.7,36.8,36.5,40.3,37.9,17.7,0.177,Tree cover,813.9,Himachal Pradesh,Mandi,Pangna,Rock,2015,2000–3000 m,30–40°,1500–2000 mm,500–1000 m,2010s,5,4,2,5
27927,31.41875,77.200611,1692.0,38.53,1544.0,27.5,38.4,34.1,39.7,36.5,16.3,0.163,Grassland,22.2,Himachal Pradesh,Mandi,Karsog,Rock,2011,1500–2000 m,30–40°,1500–2000 mm,10–50 m,2010s,4,4,2,2
27934,31.420444,76.923222,812.0,36.64,1425.0,25.8,39.4,34.8,37.8,34.5,15.0,0.15,Tree cover,4662.8,Himachal Pradesh,Mandi,Dehar,Debris,2015,500–1000 m,30–40°,<1500 mm,>1000 m,2010s,2,4,1,6
27944,31.422833,76.923889,743.0,25.86,1425.0,25.6,39.8,34.7,37.8,34.5,15.0,0.15,Grassland,4796.5,Himachal Pradesh,Mandi,Dehar,Debris,2015,500–1000 m,20–30°,<1500 mm,>1000 m,2010s,2,3,1,6
27954,31.42625,77.622583,972.0,25.88,1164.0,25.7,38.9,35.4,36.4,31.3,17.4,0.174,Built-up,3.5,Himachal Pradesh,Shimla,Rampur,Debris,1999,500–1000 m,20–30°,<1500 mm,0–10 m,1990s,2,3,1,1
27962,31.427778,76.763444,790.0,30.29,1293.0,26.7,41.2,32.2,37.4,34.3,14.9,0.149,Tree cover,604.5,Himachal Pradesh,Bilaspur,Harlog,Debris,2015,500–1000 m,30–40°,<1500 mm,500–1000 m,2010s,2,4,1,5
27964,31.428594,76.833306,581.0,32.3,1442.0,29.9,39.0,31.1,37.5,33.8,15.4,0.154,Grassland,891.3,Himachal Pradesh,Mandi,Dehar,Debris,2015,500–1000 m,30–40°,<1500 mm,500–1000 m,2010s,2,4,1,5
27974,31.43125,76.771139,783.0,33.17,1300.0,27.1,39.8,33.0,37.4,34.3,14.9,0.149,Tree cover,727.3,Himachal Pradesh,Bilaspur,Harlog,Debris,2015,500–1000 m,30–40°,<1500 mm,500–1000 m,2010s,2,4,1,5
27984,31.433472,76.834361,569.0,36.61,1418.0,28.5,38.7,32.8,37.7,33.8,15.0,0.15,Tree cover,928.5,Himachal Pradesh,Bilaspur,Dehar,Debris,2015,500–1000 m,30–40°,<1500 mm,500–1000 m,2010s,2,4,1,5
27986,31.433833,76.771278,762.0,20.75,1310.0,26.6,40.2,33.2,37.4,27.7,15.6,0.156,Tree cover,522.5,Himachal Pradesh,Bilaspur,Harlog,Rock,2015,500–1000 m,20–30°,<1500 mm,500–1000 m,2010s,2,3,1,5
27992,31.435111,76.835917,542.0,28.57,1418.0,28.2,39.1,32.7,37.7,33.8,15.0,0.15,Tree cover,906.1,Himachal Pradesh,Mandi,Dehar,Debris,2015,500–1000 m,20–30°,<1500 mm,500–1000 m,2010s,2,3,1,5
27993,31.435333,76.830528,576.0,28.59,1399.0,29.1,38.3,32.6,37.7,33.8,15.0,0.15,Tree cover,1346.9,Himachal Pradesh,Bilaspur,Dehar,Debris,2015,500–1000 m,20–30°,<1500 mm,>1000 m,2010s,2,3,1,6
28008,31.437806,76.77425,820.0,29.0,1310.0,27.9,39.6,32.5,37.4,27.7,15.6,0.156,Tree cover,696.7,Himachal Pradesh,Bilaspur,Harlog,Debris,2015,500–1000 m,20–30°,<1500 mm,500–1000 m,2010s,2,3,1,5
28012,31.438194,77.060472,2171.0,26.85,1527.0,28.5,36.2,35.3,39.3,38.0,16.5,0.165,Tree cover,11.7,Himachal Pradesh,Mandi,Nihri,Debris,2015,2000–3000 m,20–30°,1500–2000 mm,10–50 m,2010s,5,3,2,2
28017,31.439167,77.063278,2125.0,30.72,1527.0,30.4,34.9,34.8,39.3,38.0,16.5,0.165,Tree cover,7.5,Himachal Pradesh,Mandi,Nihri,Debris,2015,2000–3000 m,30–40°,1500–2000 mm,0–10 m,2010s,5,4,2,1
28041,31.4465,76.771611,815.0,24.94,1312.0,27.2,38.8,34.0,37.4,33.8,15.5,0.155,Tree cover,285.0,Himachal Pradesh,Bilaspur,Harlog,Rock,2015,500–1000 m,20–30°,<1500 mm,100–500 m,2010s,2,3,1,4
28042,31.447101,76.427291,550.0,18.69,1141.0,24.0,44.9,31.0,36.7,34.9,14.4,0.144,Tree cover,25.0,Himachal Pradesh,Una,Birhu Kalan,Debris,2018,500–1000 m,10–20°,<1500 mm,10–50 m,2010s,2,2,1,2
28054,31.4517,77.771,2297.0,49.36,1143.0,23.3,43.4,33.4,37.7,31.6,16.8,0.168,Tree cover,2880.0,Himachal Pradesh,Shimla,Rampur,Debris,2014,2000–3000 m,40–50°,<1500 mm,>1000 m,2010s,5,5,1,6
28056,31.451806,76.774833,871.0,5.54,1346.0,28.2,37.3,34.4,37.2,33.5,15.0,0.15,Tree cover,18.5,Himachal Pradesh,Bilaspur,Harlog,Rock,2015,500–1000 m,0–10°,<1500 mm,10–50 m,2010s,2,1,1,2
28057,31.4519,77.766,2394.0,34.62,1127.0,23.4,42.0,34.7,37.7,31.6,16.8,0.168,Tree cover,3083.5,Himachal Pradesh,Shimla,Rampur,Debris,2014,2000–3000 m,30–40°,<1500 mm,>1000 m,2010s,5,4,1,6
28059,31.4528,77.7552,2648.0,36.35,1124.0,24.5,41.8,33.6,37.7,31.9,16.1,0.161,Tree cover,3654.1,Himachal Pradesh,Shimla,Rampur,Debris,2014,2000–3000 m,30–40°,<1500 mm,>1000 m,2010s,5,4,1,6
28076,31.4616,77.8373,2134.0,33.48,1133.0,29.2,40.7,30.1,37.3,33.0,16.3,0.163,Grassland,3476.9,Himachal Pradesh,Shimla,Rampur,Debris,2014,2000–3000 m,30–40°,<1500 mm,>1000 m,2010s,5,4,1,6
28082,31.462861,76.824361,863.0,18.2,1359.0,29.2,38.1,32.7,38.3,32.9,15.6,0.156,Tree cover,3150.6,Himachal Pradesh,Mandi,Dehar,Debris,2015,500–1000 m,10–20°,<1500 mm,>1000 m,2010s,2,2,1,6
28083,31.463806,76.828861,853.0,22.33,1372.0,29.3,38.0,32.7,38.3,32.9,15.6,0.156,Tree cover,2811.7,Himachal Pradesh,Mandi,Dehar,Debris,2015,500–1000 m,20–30°,<1500 mm,>1000 m,2010s,2,3,1,6
28097,31.4674,77.8046,2002.0,36.81,1136.0,29.4,38.0,32.6,37.2,33.0,16.1,0.161,Tree cover,325.8,Himachal Pradesh,Shimla,Rampur,Debris,2004,2000–3000 m,30–40°,<1500 mm,100–500 m,2000s,5,4,1,4
28099,31.467444,77.023417,2097.0,42.45,1613.0,28.5,36.3,35.1,39.4,37.3,16.8,0.168,Tree cover,171.5,Himachal Pradesh,Mandi,Sundarnagar,Rock,2015,2000–3000 m,40–50°,1500–2000 mm,100–500 m,2010s,5,5,2,4
28101,31.4678,77.831,2429.0,42.74,1109.0,29.0,39.9,31.1,36.7,32.9,16.3,0.163,Grassland,2829.6,Himachal Pradesh,Shimla,Rampur,Debris,2008,2000–3000 m,40–50°,<1500 mm,>1000 m,2000s,5,5,1,6
28106,31.469167,77.023611,2083.0,33.54,1613.0,26.3,37.3,36.4,39.4,37.5,16.8,0.168,Tree cover,321.9,Himachal Pradesh,Mandi,Sundarnagar,Debris,2015,2000–3000 m,30–40°,1500–2000 mm,100–500 m,2010s,5,4,2,4
28109,31.4699,77.759,1968.0,34.33,1147.0,29.9,37.9,32.3,38.1,32.7,16.7,0.167,Grassland,2299.8,Himachal Pradesh,Shimla,Rampur,Debris,2008,1500–2000 m,30–40°,<1500 mm,>1000 m,2000s,4,4,1,6
28114,31.471,77.7596,1905.0,17.94,1147.0,29.9,37.9,32.2,38.1,32.7,16.7,0.167,Tree cover,2189.5,Himachal Pradesh,Shimla,Rampur,Debris,2008,1500–2000 m,10–20°,<1500 mm,>1000 m,2000s,4,2,1,6
28113,31.471,77.7968,2083.0,36.16,1140.0,30.1,38.4,31.4,37.8,33.6,16.7,0.167,Grassland,154.9,Himachal Pradesh,Shimla,Rampur,Debris,2012,2000–3000 m,30–40°,<1500 mm,100–500 m,2010s,5,4,1,4
28120,31.473,77.367722,1748.0,35.54,1380.0,30.8,39.3,29.9,39.3,37.1,17.7,0.177,Tree cover,1988.3,Himachal Pradesh,Kullu,Ani,Debris,2023,1500–2000 m,30–40°,<1500 mm,>1000 m,2020s,4,4,1,6
28128,31.4753,77.7623,1803.0,42.47,1132.0,29.4,38.0,32.6,38.1,32.7,16.7,0.167,Grassland,1759.0,Himachal Pradesh,Shimla,Rampur,Debris,2014,1500–2000 m,40–50°,<1500 mm,>1000 m,2010s,4,5,1,6
28132,31.4762,77.7887,2223.0,46.6,1137.0,31.1,37.5,31.4,37.4,32.1,16.3,0.163,Grassland,235.4,Himachal Pradesh,Shimla,Rampur,Debris,2014,2000–3000 m,40–50°,<1500 mm,100–500 m,2010s,5,5,1,4
28135,31.476583,76.866306,720.0,9.8,1396.0,27.7,38.2,34.1,38.0,33.6,15.7,0.157,Built-up,24.3,Himachal Pradesh,Mandi,Sundarnagar,Debris,2015,500–1000 m,0–10°,<1500 mm,10–50 m,2010s,2,1,1,2
28136,31.4769,77.7635,1718.0,24.9,1132.0,29.4,38.0,32.6,38.1,32.7,16.7,0.167,Tree cover,1598.0,Himachal Pradesh,Shimla,Rampur,Debris,2008,1500–2000 m,20–30°,<1500 mm,>1000 m,2000s,4,3,1,6
28151,31.4814,77.7521,2127.0,45.09,1149.0,26.4,41.4,32.2,37.4,33.0,16.8,0.168,Grassland,2317.6,Himachal Pradesh,Shimla,Rampur,Debris,2011,2000–3000 m,40–50°,<1500 mm,>1000 m,2010s,5,5,1,6
28152,31.4815,77.7654,1561.0,33.76,1132.0,25.7,43.2,31.1,37.7,32.5,17.1,0.171,Grassland,1281.7,Himachal Pradesh,Shimla,Rampur,Debris,2008,1500–2000 m,30–40°,<1500 mm,>1000 m,2000s,4,4,1,6
28158,31.4825,77.7813,2109.0,37.8,1133.0,32.3,36.9,30.8,37.0,32.9,16.7,0.167,Grassland,134.6,Himachal Pradesh,Shimla,Rampur,Debris,2013,2000–3000 m,30–40°,<1500 mm,100–500 m,2010s,5,4,1,4
28159,31.4835,77.7861,2247.0,17.14,1131.0,31.4,37.1,31.5,37.0,32.9,16.7,0.167,Grassland,11.6,Himachal Pradesh,Shimla,Rampur,Debris,2013,2000–3000 m,10–20°,<1500 mm,10–50 m,2010s,5,2,1,2
28160,31.4836,77.787,2237.0,37.48,1131.0,31.4,37.1,31.5,37.0,32.9,16.7,0.167,Grassland,25.6,Himachal Pradesh,Shimla,Rampur,Debris,2013,2000–3000 m,30–40°,<1500 mm,10–50 m,2010s,5,4,1,2
28164,31.483778,77.423083,1818.0,34.33,1326.0,29.9,39.7,30.3,37.1,35.2,17.3,0.173,Grassland,3.3,Himachal Pradesh,Kullu,Ani,Debris,2023,1500–2000 m,30–40°,<1500 mm,0–10 m,2020s,4,4,1,1
28167,31.4841,77.7875,2294.0,33.12,1131.0,30.3,38.4,31.3,37.0,32.9,16.7,0.167,Grassland,29.2,Himachal Pradesh,Shimla,Rampur,Debris,2014,2000–3000 m,30–40°,<1500 mm,10–50 m,2010s,5,4,1,2
28169,31.4844,77.7895,2261.0,40.96,1131.0,29.3,39.1,31.6,38.2,33.3,16.4,0.164,Grassland,37.2,Himachal Pradesh,Shimla,Rampur,Debris,2014,2000–3000 m,40–50°,<1500 mm,10–50 m,2010s,5,5,1,2
28172,31.4849,77.7896,2286.0,43.48,1131.0,29.3,39.1,31.6,38.2,33.3,16.4,0.164,Grassland,12.1,Himachal Pradesh,Shimla,Rampur,Debris,2014,2000–3000 m,40–50°,<1500 mm,10–50 m,2010s,5,5,1,2
28175,31.4852,77.7902,2300.0,40.0,1131.0,29.3,39.1,31.6,38.2,33.3,16.4,0.164,Grassland,19.5,Himachal Pradesh,Shimla,Rampur,Debris,2014,2000–3000 m,30–40°,<1500 mm,10–50 m,2010s,5,4,1,2
28198,31.4961,77.7618,1359.0,34.71,1080.0,27.7,39.8,32.5,36.6,32.0,17.6,0.176,Tree cover,955.7,Himachal Pradesh,Shimla,Rampur,Debris,2014,1000–1500 m,30–40°,<1500 mm,500–1000 m,2010s,3,4,1,5
28226,31.5085,77.9697,3326.0,30.54,1013.0,21.3,45.4,33.3,36.9,32.7,17.3,0.173,Grassland,5398.2,Himachal Pradesh,Kinnaur,Nichar,Debris,2004,>3000 m,30–40°,<1500 mm,>1000 m,2000s,6,4,1,6
28228,31.5089,77.9679,3375.0,35.14,1013.0,21.3,45.4,33.3,36.9,32.7,17.3,0.173,Grassland,5492.2,Himachal Pradesh,Kinnaur,Nichar,Debris,2004,>3000 m,30–40°,<1500 mm,>1000 m,2000s,6,4,1,6
28249,31.519192,77.419157,2405.0,28.06,1200.0,26.5,41.2,32.3,39.3,33.1,16.4,0.164,Grassland,75.3,Himachal Pradesh,Kullu,Ani,Debris,2000,2000–3000 m,20–30°,<1500 mm,50–100 m,2000s,5,3,1,3
28250,31.519218,77.417408,2339.0,33.02,1200.0,26.5,41.2,32.3,39.3,33.1,16.4,0.164,Grassland,6.1,Himachal Pradesh,Kullu,Ani,Debris,2003,2000–3000 m,30–40°,<1500 mm,0–10 m,2000s,5,4,1,1
28251,31.519512,77.417872,2349.0,28.49,1200.0,26.5,41.2,32.3,39.3,33.1,16.4,0.164,Grassland,13.1,Himachal Pradesh,Kullu,Ani,Debris,2003,2000–3000 m,20–30°,<1500 mm,10–50 m,2000s,5,3,1,2
28273,31.524505,77.420686,2614.0,27.69,1200.0,21.4,43.1,35.5,38.5,33.3,16.3,0.163,Grassland,589.7,Himachal Pradesh,Kullu,Ani,Debris,2000,2000–3000 m,20–30°,<1500 mm,500–1000 m,2000s,5,3,1,5
28275,31.5259,77.9165,2183.0,13.34,1077.0,27.8,42.1,30.0,36.8,32.6,15.8,0.158,Grassland,2541.8,Himachal Pradesh,Kinnaur,Nichar,Debris,2011,2000–3000 m,10–20°,<1500 mm,>1000 m,2010s,5,2,1,6
28278,31.52727,77.402439,2588.0,29.8,1170.0,23.9,40.4,35.7,38.6,32.9,17.4,0.174,Built-up,5.8,Himachal Pradesh,Kullu,Ani,Debris,2003,2000–3000 m,20–30°,<1500 mm,0–10 m,2000s,5,3,1,1
28280,31.528139,77.40125,2594.0,32.51,1170.0,23.9,40.4,35.7,38.6,32.9,17.4,0.174,Built-up,5.8,Himachal Pradesh,Kullu,Ani,Debris,2023,2000–3000 m,30–40°,<1500 mm,0–10 m,2020s,5,4,1,1
28282,31.529,77.9162,2059.0,21.92,1077.0,27.3,41.0,31.7,37.2,32.4,16.2,0.162,Tree cover,2201.8,Himachal Pradesh,Kinnaur,Nichar,Debris,2011,2000–3000 m,20–30°,<1500 mm,>1000 m,2010s,5,3,1,6
28305,31.5365,77.9086,1864.0,34.37,1038.0,26.7,42.5,30.8,36.8,32.0,16.8,0.168,Grassland,1580.4,Himachal Pradesh,Kinnaur,Nichar,Debris,2010,1500–2000 m,30–40°,<1500 mm,>1000 m,2010s,4,4,1,6
28316,31.5385,77.9039,2227.0,30.76,1010.0,19.6,46.7,33.7,36.8,32.0,16.8,0.168,Grassland,1630.0,Himachal Pradesh,Kinnaur,Nichar,Debris,2010,2000–3000 m,30–40°,<1500 mm,>1000 m,2010s,5,4,1,6
28317,31.538667,77.783864,1534.0,61.76,1095.0,26.7,38.4,34.8,37.1,29.9,18.0,0.18,Bare / sparse vegetation,18.2,Himachal Pradesh,Shimla,Rampur,Rock,2021,1500–2000 m,>50°,<1500 mm,10–50 m,2020s,4,6,1,2
28324,31.539444,78.013889,1609.0,41.1,1008.0,26.4,42.1,31.5,37.0,32.3,15.5,0.155,Bare / sparse vegetation,16.6,Himachal Pradesh,Kinnaur,Nichar,Rock,2023,1500–2000 m,40–50°,<1500 mm,10–50 m,2020s,4,5,1,2
28328,31.54009,77.37928,3050.0,24.25,1083.0,20.4,45.1,34.5,38.6,33.4,16.6,0.166,Tree cover,15.7,Himachal Pradesh,Kullu,Banjar,Rock,2000,>3000 m,20–30°,<1500 mm,10–50 m,2000s,6,3,1,2
28331,31.5418,77.9051,1999.0,51.51,1049.0,27.6,42.0,30.4,36.0,31.9,15.5,0.155,Grassland,1287.4,Himachal Pradesh,Kinnaur,Nichar,Debris,2010,1500–2000 m,>50°,<1500 mm,>1000 m,2010s,4,6,1,6
28334,31.542157,77.381474,3018.0,30.64,1121.0,20.3,44.1,35.6,38.6,33.4,16.6,0.166,Tree cover,10.7,Himachal Pradesh,Kullu,Banjar,Rock,2000,>3000 m,30–40°,<1500 mm,10–50 m,2000s,6,4,1,2
28335,31.5424,77.9091,1788.0,36.5,993.0,27.9,41.5,30.6,36.0,31.9,15.5,0.155,Grassland,982.4,Himachal Pradesh,Kinnaur,Nichar,Debris,2010,1500–2000 m,30–40°,<1500 mm,500–1000 m,2010s,4,4,1,5
28345,31.5459,77.9135,1620.0,24.41,993.0,28.3,41.8,30.0,36.0,31.9,15.5,0.155,Tree cover,435.6,Himachal Pradesh,Kinnaur,Nichar,Debris,2011,1500–2000 m,20–30°,<1500 mm,100–500 m,2010s,4,3,1,4
28354,31.5478,77.9816,2415.0,42.92,1051.0,20.0,47.6,32.4,37.4,32.5,15.7,0.157,Tree cover,1623.7,Himachal Pradesh,Kinnaur,Nichar,Debris,2010,2000–3000 m,40–50°,<1500 mm,>1000 m,2010s,5,5,1,6
28371,31.553,77.546,2782.0,34.76,1116.0,19.6,44.3,36.1,38.8,33.1,17.8,0.178,Tree cover,1219.7,Himachal Pradesh,Kullu,Nirmand,Rock,2014,2000–3000 m,30–40°,<1500 mm,>1000 m,2010s,5,4,1,6
28399,31.558,77.574,2069.0,36.02,1220.0,27.9,41.6,30.4,36.6,33.7,15.5,0.155,Tree cover,445.8,Himachal Pradesh,Kullu,Nirmand,Debris,2014,2000–3000 m,30–40°,<1500 mm,100–500 m,2010s,5,4,1,4
28400,31.558,77.369,2358.0,33.55,1200.0,24.3,44.8,30.9,37.2,32.5,16.5,0.165,Tree cover,15.9,Himachal Pradesh,Kullu,Banjar,Debris,2013,2000–3000 m,30–40°,<1500 mm,10–50 m,2010s,5,4,1,2
28421,31.5613,77.9197,1804.0,55.34,995.0,20.6,48.1,31.3,36.5,31.5,16.8,0.168,Grassland,596.6,Himachal Pradesh,Kinnaur,Nichar,Debris,2014,1500–2000 m,>50°,<1500 mm,500–1000 m,2010s,4,6,1,5
28438,31.56297,77.87241,1672.0,50.81,1056.0,25.4,41.0,33.6,36.1,31.3,16.1,0.161,Built-up,4.2,Himachal Pradesh,Kinnaur,Nichar,Rock,2021,1500–2000 m,>50°,<1500 mm,0–10 m,2020s,4,6,1,1
28446,31.5635,77.918,2109.0,44.61,995.0,21.6,47.1,31.3,36.5,31.5,16.8,0.168,Grassland,568.4,Himachal Pradesh,Kinnaur,Nichar,Debris,2014,2000–3000 m,40–50°,<1500 mm,500–1000 m,2010s,5,5,1,5
28452,31.563906,77.969939,1606.0,40.61,1010.0,21.6,46.1,32.3,37.6,31.4,16.9,0.169,Built-up,7.2,Himachal Pradesh,Kinnaur,Nichar,Debris,1993,1500–2000 m,40–50°,<1500 mm,0–10 m,1990s,4,5,1,1
28454,31.5646,77.905,1597.0,53.51,959.0,20.4,47.3,32.3,37.0,31.4,17.2,0.172,Grassland,1.7,Himachal Pradesh,Kinnaur,Nichar,Debris,2014,1500–2000 m,>50°,<1500 mm,0–10 m,2010s,4,6,1,1
28463,31.5655,77.9563,1543.0,36.99,995.0,20.0,47.6,32.3,37.2,31.8,16.6,0.166,Grassland,462.7,Himachal Pradesh,Kinnaur,Nichar,Rock,2014,1500–2000 m,30–40°,<1500 mm,100–500 m,2010s,4,4,1,4
28497,31.5694,77.9989,2371.0,41.72,1041.0,20.7,43.6,35.7,37.2,33.8,16.5,0.165,Grassland,1088.3,Himachal Pradesh,Kinnaur,Nichar,Debris,2004,2000–3000 m,40–50°,<1500 mm,>1000 m,2000s,5,5,1,6
28499,31.57,77.9485,1503.0,39.96,998.0,27.6,41.0,31.5,37.7,32.2,16.4,0.164,Bare / sparse vegetation,369.1,Himachal Pradesh,Kinnaur,Nichar,Rock,2014,1500–2000 m,30–40°,<1500 mm,100–500 m,2010s,4,4,1,4
28501,31.5701,77.9524,1722.0,38.68,1032.0,28.7,40.0,31.2,37.3,33.9,16.0,0.16,Grassland,619.8,Himachal Pradesh,Kinnaur,Nichar,Rock,2014,1500–2000 m,30–40°,<1500 mm,500–1000 m,2010s,4,4,1,5
28504,31.5705,77.8968,1543.0,53.28,954.0,19.8,48.0,32.2,37.1,31.6,17.0,0.17,Grassland,26.1,Himachal Pradesh,Kinnaur,Nichar,Debris,2014,1500–2000 m,>50°,<1500 mm,10–50 m,2010s,4,6,1,2
28508,31.5709,77.9725,1954.0,45.74,1029.0,25.6,41.6,32.8,37.3,33.3,16.6,0.166,Grassland,525.3,Himachal Pradesh,Kinnaur,Nichar,Debris,2014,1500–2000 m,40–50°,<1500 mm,500–1000 m,2010s,4,5,1,5
28509,31.5709,77.8957,1534.0,47.63,954.0,20.1,47.5,32.4,36.5,32.0,17.0,0.17,Grassland,7.9,Himachal Pradesh,Kinnaur,Nichar,Debris,2014,1500–2000 m,40–50°,<1500 mm,0–10 m,2010s,4,5,1,1
28516,31.5724,77.9436,1687.0,46.44,998.0,19.9,47.0,33.1,37.7,32.2,16.4,0.164,Grassland,615.7,Himachal Pradesh,Kinnaur,Nichar,Debris,2014,1500–2000 m,40–50°,<1500 mm,500–1000 m,2010s,4,5,1,5
28517,31.57286,77.362523,2037.0,33.03,1306.0,30.7,40.7,28.6,36.1,35.0,15.8,0.158,Tree cover,0.5,Himachal Pradesh,Kullu,Banjar,Debris,2005,2000–3000 m,30–40°,<1500 mm,0–10 m,2000s,5,4,1,1
28518,31.5732,77.8865,1864.0,61.82,954.0,21.4,46.1,32.5,35.4,31.0,17.3,0.173,Grassland,254.5,Himachal Pradesh,Kinnaur,Nichar,Debris,2014,1500–2000 m,>50°,<1500 mm,100–500 m,2010s,4,6,1,4
28528,31.5742,77.9422,1688.0,42.16,998.0,18.6,46.6,34.7,37.7,32.2,16.4,0.164,Grassland,840.2,Himachal Pradesh,Kinnaur,Nichar,Debris,2014,1500–2000 m,40–50°,<1500 mm,500–1000 m,2010s,4,5,1,5
28529,31.5745,77.949,1898.0,40.76,998.0,27.7,40.4,31.9,37.7,32.2,16.4,0.164,Grassland,847.1,Himachal Pradesh,Kinnaur,Nichar,Debris,2016,1500–2000 m,40–50°,<1500 mm,500–1000 m,2010s,4,5,1,5
28543,31.5791,77.9485,2217.0,46.09,1037.0,25.5,42.3,32.2,37.0,33.3,14.9,0.149,Grassland,1335.7,Himachal Pradesh,Kinnaur,Nichar,Rock,2012,2000–3000 m,40–50°,<1500 mm,>1000 m,2010s,5,5,1,6
28547,31.5818,77.9663,2577.0,37.77,1041.0,23.3,44.1,32.6,37.9,32.5,17.3,0.173,Grassland,1661.7,Himachal Pradesh,Kinnaur,Nichar,Debris,2014,2000–3000 m,30–40°,<1500 mm,>1000 m,2010s,5,4,1,6
28562,31.585976,76.77751,1068.0,27.15,1707.0,26.0,37.0,37.0,38.5,33.6,15.6,0.156,Built-up,1.7,Himachal Pradesh,Mandi,Baldwara,Rock,2009,1000–1500 m,20–30°,1500–2000 mm,0–10 m,2000s,3,3,2,1
28579,31.592797,76.776176,1040.0,32.15,1658.0,28.9,38.1,33.0,37.0,32.9,15.1,0.151,Tree cover,8.1,Himachal Pradesh,Mandi,Dhalwan,Rock,2009,1000–1500 m,30–40°,1500–2000 mm,0–10 m,2000s,3,4,2,1
28606,31.60456,77.348681,1797.0,39.12,1392.0,28.3,42.3,29.4,36.3,34.8,16.4,0.164,Tree cover,11.0,Himachal Pradesh,Kullu,Banjar,Rock,2012,1500–2000 m,30–40°,<1500 mm,10–50 m,2010s,4,4,1,2
28610,31.605096,77.348396,1762.0,38.79,1392.0,28.2,42.1,29.7,36.3,34.8,16.4,0.164,Tree cover,0.6,Himachal Pradesh,Kullu,Banjar,Rock,2012,1500–2000 m,30–40°,<1500 mm,0–10 m,2010s,4,4,1,1
28613,31.605461,77.380982,3313.0,31.58,1050.0,18.6,44.5,36.9,36.7,33.1,17.2,0.172,Tree cover,2640.8,Himachal Pradesh,Kullu,Banjar,Rock,2004,>3000 m,30–40°,<1500 mm,>1000 m,2000s,6,4,1,6
28642,31.621698,76.825154,1320.0,20.95,1852.0,26.0,38.1,35.8,38.5,35.4,17.0,0.17,Tree cover,6.2,Himachal Pradesh,Mandi,Rewalsar,Rock,2010,1000–1500 m,20–30°,1500–2000 mm,0–10 m,2010s,3,3,2,1
28658,31.634303,77.425503,1800.0,32.21,1305.0,28.6,42.5,28.9,37.2,33.1,15.5,0.155,Tree cover,402.5,Himachal Pradesh,Kullu,Banjar,Debris,2023,1500–2000 m,30–40°,<1500 mm,100–500 m,2020s,4,4,1,4
28661,31.636746,76.841414,1353.0,27.65,1927.0,26.0,38.3,35.7,38.2,34.7,16.7,0.167,Grassland,1.2,Himachal Pradesh,Mandi,Rewalsar,Rock,2013,1000–1500 m,20–30°,1500–2000 mm,0–10 m,2010s,3,3,2,1
28668,31.642,77.3433,1354.0,19.65,1313.0,28.1,42.0,29.8,36.1,34.4,16.6,0.166,Tree cover,36.3,Himachal Pradesh,Kullu,Banjar,Debris,2023,1000–1500 m,10–20°,<1500 mm,10–50 m,2020s,3,2,1,2
28692,31.649041,77.334064,1353.0,23.17,1342.0,29.6,40.9,29.5,38.2,34.3,16.6,0.166,Grassland,17.6,Himachal Pradesh,Kullu,Banjar,Debris,2011,1000–1500 m,20–30°,<1500 mm,10–50 m,2010s,3,3,1,2
28697,31.649357,77.384288,1520.0,36.19,1341.0,29.0,42.6,28.5,37.2,33.7,16.3,0.163,Tree cover,34.8,Himachal Pradesh,Kullu,Banjar,Rock,2002,1500–2000 m,30–40°,<1500 mm,10–50 m,2000s,4,4,1,2
28711,31.653166,77.385799,1566.0,41.07,1339.0,29.1,41.9,29.0,37.2,33.7,16.3,0.163,Tree cover,71.8,Himachal Pradesh,Kullu,Banjar,Rock,2000,1500–2000 m,40–50°,<1500 mm,50–100 m,2000s,4,5,1,3
28714,31.654348,77.385958,1537.0,35.25,1339.0,29.1,41.9,29.0,37.2,33.7,16.3,0.163,Grassland,28.3,Himachal Pradesh,Kullu,Banjar,Rock,2003,1500–2000 m,30–40°,<1500 mm,10–50 m,2000s,4,4,1,2
28759,31.672504,77.316062,1776.0,42.37,1385.0,29.0,39.9,31.1,37.0,31.8,16.9,0.169,Grassland,1112.9,Himachal Pradesh,Kullu,Banjar,Rock,1996,1500–2000 m,40–50°,<1500 mm,>1000 m,1990s,4,5,1,6
28773,31.681417,77.086611,1029.0,39.4,1376.0,28.7,36.3,35.0,38.3,35.0,16.8,0.168,Built-up,4.8,Himachal Pradesh,Mandi,Mandi,Rock,2017,1000–1500 m,30–40°,<1500 mm,0–10 m,2010s,3,4,1,1
28789,31.689432,76.920244,921.0,27.78,1546.0,25.5,38.1,36.4,38.5,33.9,15.3,0.153,Tree cover,5.1,Himachal Pradesh,Mandi,Mandi,Rock,2013,500–1000 m,20–30°,1500–2000 mm,0–10 m,2010s,2,3,2,1
28810,31.700833,76.927222,836.0,21.3,1579.0,25.0,38.1,36.9,38.8,33.5,15.6,0.156,Tree cover,48.2,Himachal Pradesh,Mandi,Mandi,Debris,2023,500–1000 m,20–30°,1500–2000 mm,10–50 m,2020s,2,3,2,2
28817,31.704166,76.723611,963.0,18.31,1642.0,24.6,39.1,36.3,37.4,33.0,15.4,0.154,Tree cover,153.2,Himachal Pradesh,Mandi,Sarkaghat,Debris,2023,500–1000 m,10–20°,1500–2000 mm,100–500 m,2020s,2,2,2,4
28828,31.708234,77.258438,1110.0,42.17,1217.0,29.4,38.5,32.0,36.3,31.3,16.7,0.167,Grassland,28.8,Himachal Pradesh,Mandi,Bali Chowki,Rock,1990,1000–1500 m,40–50°,<1500 mm,10–50 m,1990s,3,5,1,2
28830,31.708658,77.252649,1063.0,39.13,1217.0,29.5,38.3,32.2,36.3,31.3,16.7,0.167,Grassland,54.8,Himachal Pradesh,Mandi,Bali Chowki,Rock,1996,1000–1500 m,30–40°,<1500 mm,50–100 m,1990s,3,4,1,3
28834,31.709882,76.958063,852.0,27.64,1541.0,26.6,38.8,34.7,38.4,33.6,15.3,0.153,Grassland,706.8,Himachal Pradesh,Mandi,Mandi,Rock,2000,500–1000 m,20–30°,1500–2000 mm,500–1000 m,2000s,2,3,2,5
28836,31.710319,77.251154,1091.0,39.85,1217.0,28.2,39.5,32.3,36.3,31.3,16.7,0.167,Grassland,163.4,Himachal Pradesh,Mandi,Bali Chowki,Rock,1990,1000–1500 m,30–40°,<1500 mm,100–500 m,1990s,3,4,1,4
28898,31.748389,77.209333,974.0,19.48,1254.0,24.6,41.8,33.5,37.4,34.1,15.9,0.159,Built-up,0.9,Himachal Pradesh,Mandi,Aut,Debris,2011,500–1000 m,10–20°,<1500 mm,0–10 m,2010s,2,2,1,1
28933,31.761944,76.768333,972.0,27.44,1730.0,23.8,39.1,37.1,37.2,34.0,14.3,0.143,Tree cover,2447.6,Himachal Pradesh,Mandi,Mandap,Debris,2023,500–1000 m,20–30°,1500–2000 mm,>1000 m,2020s,2,3,2,6
28957,31.76694,76.7675,1051.0,21.49,1719.0,25.2,38.6,36.2,37.4,33.4,15.1,0.151,Tree cover,2359.9,Himachal Pradesh,Mandi,Mandap,Debris,2023,1000–1500 m,20–30°,1500–2000 mm,>1000 m,2020s,3,3,2,6
28958,31.76722,76.77583,961.0,21.57,1710.0,25.7,38.4,35.9,37.7,33.5,14.8,0.148,Tree cover,2013.6,Himachal Pradesh,Mandi,Mandap,Debris,2023,500–1000 m,20–30°,1500–2000 mm,>1000 m,2020s,2,3,2,6
28963,31.769103,77.308117,1248.0,21.63,1214.0,28.7,40.3,31.0,37.0,32.8,16.7,0.167,Grassland,153.4,Himachal Pradesh,Kullu,Sainj,Debris,2023,1000–1500 m,20–30°,<1500 mm,100–500 m,2020s,3,3,1,4
28967,31.771136,76.978518,1060.0,35.42,1499.0,26.3,41.2,32.5,37.9,33.8,16.0,0.16,Grassland,2.3,Himachal Pradesh,Mandi,Mandi,Debris,2014,1000–1500 m,30–40°,<1500 mm,0–10 m,2010s,3,4,1,1
29001,31.781418,76.756217,880.0,27.24,1732.0,23.9,39.6,36.5,37.4,33.4,15.3,0.153,Tree cover,576.1,Himachal Pradesh,Mandi,Dharmpur,Debris,2023,500–1000 m,20–30°,1500–2000 mm,500–1000 m,2020s,2,3,2,5
29006,31.783611,76.7825,1067.0,27.42,1752.0,25.0,39.8,35.2,37.9,32.6,15.6,0.156,Tree cover,155.0,Himachal Pradesh,Mandi,Mandap,Debris,2023,1000–1500 m,20–30°,1500–2000 mm,100–500 m,2020s,3,3,2,4
29009,31.785278,76.783056,1091.0,24.48,1752.0,25.4,39.3,35.3,37.9,32.6,15.6,0.156,Tree cover,3.1,Himachal Pradesh,Mandi,Mandap,Debris,2023,1000–1500 m,20–30°,1500–2000 mm,0–10 m,2020s,3,3,2,1
29019,31.79043,76.75047,677.0,36.51,1742.0,23.4,40.3,36.3,37.3,33.4,14.9,0.149,Grassland,11.4,Himachal Pradesh,Mandi,Dharmpur,Debris,2000,500–1000 m,30–40°,1500–2000 mm,10–50 m,2000s,2,4,2,2
29021,31.79115,76.75114,672.0,23.32,1742.0,23.4,40.3,36.3,37.3,33.4,14.9,0.149,Grassland,8.4,Himachal Pradesh,Mandi,Dharmpur,Rock,2000,500–1000 m,20–30°,1500–2000 mm,0–10 m,2000s,2,3,2,1
29029,31.79197,76.75148,666.0,24.08,1770.0,24.2,39.8,35.9,37.5,34.7,14.8,0.148,Tree cover,10.2,Himachal Pradesh,Mandi,Dharmpur,Debris,2000,500–1000 m,20–30°,1500–2000 mm,10–50 m,2000s,2,3,2,2
29097,31.810556,78.636389,2611.0,24.92,833.0,18.3,37.0,44.7,35.7,28.6,15.2,0.152,Bare / sparse vegetation,126.2,Himachal Pradesh,Kinnaur,Puh,Rock,2023,2000–3000 m,20–30°,<1500 mm,100–500 m,2020s,5,3,1,4
29111,31.814722,76.750056,935.0,28.9,1773.0,24.7,38.7,36.5,38.1,34.5,15.4,0.154,Tree cover,13.3,Himachal Pradesh,Hamirpur,Dharmpur,Rock,2013,500–1000 m,20–30°,1500–2000 mm,10–50 m,2010s,2,3,2,2
29270,31.85225,77.2395,1523.0,25.21,1385.0,27.7,41.6,30.7,37.3,34.8,16.5,0.165,Tree cover,752.9,Himachal Pradesh,Kullu,Bhuntar,Debris,2007,1500–2000 m,20–30°,<1500 mm,500–1000 m,2000s,4,3,1,5
29278,31.853306,77.139,1765.0,38.71,1533.0,30.6,40.2,29.2,39.4,36.3,16.5,0.165,Grassland,1470.2,Himachal Pradesh,Kullu,Bhuntar,Debris,2012,1500–2000 m,30–40°,1500–2000 mm,>1000 m,2010s,4,4,2,6
29355,31.871722,77.228056,1782.0,26.14,1417.0,30.5,40.4,29.1,37.7,36.5,16.6,0.166,Grassland,681.1,Himachal Pradesh,Kullu,Bhuntar,Rock,2013,1500–2000 m,20–30°,<1500 mm,500–1000 m,2010s,4,3,1,5
29399,31.896111,76.736583,831.0,29.72,1854.0,23.9,42.4,33.7,38.2,32.9,15.0,0.15,Tree cover,3.2,Himachal Pradesh,Mandi,Lad Bharol,Debris,2018,500–1000 m,20–30°,1500–2000 mm,0–10 m,2010s,2,3,2,1
29408,31.905472,76.531028,596.0,18.99,1858.0,27.2,39.9,32.8,37.6,32.6,15.1,0.151,Tree cover,8.1,Himachal Pradesh,Hamirpur,Jaisinghpur,Debris,2018,500–1000 m,10–20°,1500–2000 mm,0–10 m,2010s,2,2,2,1
29412,31.908556,76.510389,736.0,14.03,1846.0,28.1,39.6,32.3,38.1,33.0,14.1,0.141,Tree cover,1033.2,Himachal Pradesh,Hamirpur,Alampur,Debris,2018,500–1000 m,10–20°,1500–2000 mm,>1000 m,2010s,2,2,2,6
29414,31.909778,76.668444,890.0,28.93,1912.0,23.0,41.3,35.7,37.6,33.1,15.0,0.15,Tree cover,861.0,Himachal Pradesh,Mandi,Chadiyar,Debris,2017,500–1000 m,20–30°,1500–2000 mm,500–1000 m,2010s,2,3,2,5
29422,31.913222,76.5085,738.0,24.6,1846.0,28.3,39.3,32.4,38.1,33.0,14.1,0.141,Tree cover,1574.5,Himachal Pradesh,Hamirpur,Alampur,Debris,2018,500–1000 m,20–30°,1500–2000 mm,>1000 m,2010s,2,3,2,6
29429,31.918556,76.668556,1011.0,29.48,1972.0,24.0,40.2,35.8,37.2,32.9,15.3,0.153,Tree cover,1819.2,Himachal Pradesh,Mandi,Chadiyar,Debris,2017,1000–1500 m,20–30°,1500–2000 mm,>1000 m,2010s,3,3,2,6
29436,31.920833,76.671222,1102.0,25.89,1972.0,24.9,40.9,34.2,37.3,33.0,15.3,0.153,Tree cover,2117.1,Himachal Pradesh,Mandi,Chadiyar,Debris,2017,1000–1500 m,20–30°,1500–2000 mm,>1000 m,2010s,3,3,2,6
29462,31.940444,76.509806,807.0,8.66,1897.0,26.0,40.8,33.3,37.5,33.0,14.5,0.145,Tree cover,4.2,Himachal Pradesh,Hamirpur,Jaisinghpur,Debris,2018,500–1000 m,0–10°,1500–2000 mm,0–10 m,2010s,2,1,2,1
29463,31.940583,76.529444,705.0,28.19,1899.0,25.8,40.7,33.6,37.5,32.7,13.9,0.139,Tree cover,4.2,Himachal Pradesh,Hamirpur,Jaisinghpur,Debris,2018,500–1000 m,20–30°,1500–2000 mm,0–10 m,2010s,2,3,2,1
29464,31.940833,77.114583,1183.0,33.9,1306.0,27.0,42.1,30.9,38.1,33.2,17.4,0.174,Built-up,5.7,Himachal Pradesh,Kullu,Kullu,Rock,2015,1000–1500 m,30–40°,<1500 mm,0–10 m,2010s,3,4,1,1
29485,31.95,75.93,337.0,3.93,1302.0,23.5,40.8,35.7,37.2,35.5,14.3,0.143,Tree cover,262.8,Himachal Pradesh,Kangra,Jaswan,Debris,2017,0–500 m,0–10°,<1500 mm,100–500 m,2010s,1,1,1,4
29480,31.95,75.94,381.0,21.67,1343.0,23.5,41.6,34.9,37.5,34.3,14.6,0.146,Tree cover,313.9,Himachal Pradesh,Kangra,Jaswan,Debris,2010,0–500 m,20–30°,<1500 mm,100–500 m,2010s,1,3,1,4
29496,31.956822,77.116331,1218.0,27.12,1304.0,27.7,44.2,28.1,36.4,30.9,16.6,0.166,Grassland,32.4,Himachal Pradesh,Kullu,Kullu,Debris,2023,1000–1500 m,20–30°,<1500 mm,10–50 m,2020s,3,3,1,2
29501,31.95875,76.516278,681.0,27.96,1941.0,25.5,40.9,33.6,37.4,32.2,13.8,0.138,Tree cover,9.9,Himachal Pradesh,Hamirpur,Jaisinghpur,Debris,2018,500–1000 m,20–30°,1500–2000 mm,0–10 m,2010s,2,3,2,1
29513,31.961333,77.082861,1376.0,45.23,1497.0,26.7,41.6,31.8,38.5,34.0,16.1,0.161,Grassland,7.6,Himachal Pradesh,Kullu,Kullu,Debris,2014,1000–1500 m,40–50°,<1500 mm,0–10 m,2010s,3,5,1,1
29520,31.964,76.508083,786.0,11.55,1918.0,26.5,40.1,33.4,37.8,32.9,14.1,0.141,Tree cover,899.8,Himachal Pradesh,Hamirpur,Bhawarna,Debris,2018,500–1000 m,10–20°,1500–2000 mm,500–1000 m,2010s,2,2,2,5
29547,31.971528,77.207722,1304.0,29.74,1287.0,32.8,40.3,26.9,37.4,33.2,16.8,0.168,Tree cover,7.4,Himachal Pradesh,Kullu,Bhuntar,Rock,2013,1000–1500 m,20–30°,<1500 mm,0–10 m,2010s,3,3,1,1
29548,31.9716,76.8516,1435.0,29.9,1894.0,25.8,41.9,32.3,38.7,36.1,17.0,0.17,Built-up,10.8,Himachal Pradesh,Mandi,Jogindarnagar,Rock,2005,1000–1500 m,20–30°,1500–2000 mm,10–50 m,2000s,3,3,2,2
29556,31.97425,77.215722,1373.0,33.76,1288.0,34.1,39.3,26.6,37.4,33.2,16.8,0.168,Grassland,0.8,Himachal Pradesh,Kullu,Bhuntar,Debris,2013,1000–1500 m,30–40°,<1500 mm,0–10 m,2010s,3,4,1,1
29575,32.0,75.9,390.0,19.66,1358.0,24.4,38.8,36.8,37.7,34.4,15.1,0.151,Tree cover,2020.6,Himachal Pradesh,Kangra,Fatehpur,Debris,2015,0–500 m,10–20°,<1500 mm,>1000 m,2010s,1,2,1,6
29629,32.034647,77.350139,1948.0,24.18,1226.0,19.8,47.9,32.3,36.2,32.3,17.0,0.17,Grassland,826.9,Himachal Pradesh,Kullu,Bhuntar,Debris,2023,1500–2000 m,20–30°,<1500 mm,500–1000 m,2020s,4,3,1,5
29643,32.04,75.83,319.0,4.91,1320.0,21.6,38.1,40.3,37.8,34.2,14.7,0.147,Tree cover,177.7,Himachal Pradesh,Kangra,Indora,Debris,2010,0–500 m,0–10°,<1500 mm,100–500 m,2010s,1,1,1,4
29653,32.0413,77.1461,1900.0,25.73,1440.0,30.6,38.9,30.5,38.2,31.6,16.6,0.166,Grassland,3.2,Himachal Pradesh,Kullu,Kullu,Rock,2015,1500–2000 m,20–30°,<1500 mm,0–10 m,2010s,4,3,1,1
29679,32.05,75.83,334.0,15.77,1334.0,21.4,40.3,38.3,37.8,33.7,15.1,0.151,Tree cover,330.2,Himachal Pradesh,Kangra,Indora,Debris,2010,0–500 m,10–20°,<1500 mm,100–500 m,2010s,1,2,1,4
29705,32.06,75.82,325.0,12.99,1361.0,22.3,39.8,37.9,37.5,33.6,15.3,0.153,Tree cover,727.8,Himachal Pradesh,Kangra,Indora,Debris,2000,0–500 m,10–20°,<1500 mm,500–1000 m,2000s,1,2,1,5
29773,32.10268,76.2997,688.0,22.04,1968.0,29.8,37.8,32.4,37.0,32.7,16.1,0.161,Built-up,5.0,Himachal Pradesh,Kangra,Kangra,Debris,2018,500–1000 m,20–30°,1500–2000 mm,0–10 m,2010s,2,3,2,1
29821,32.14,75.88,632.0,15.23,1680.0,27.5,39.6,32.8,36.3,33.1,16.7,0.167,Tree cover,1859.4,Himachal Pradesh,Kangra,Indora,Debris,2016,500–1000 m,10–20°,1500–2000 mm,>1000 m,2010s,2,2,2,6
29827,32.149031,77.152344,1917.0,38.57,1392.0,28.1,42.3,29.6,37.2,32.7,16.4,0.164,Grassland,2.1,Himachal Pradesh,Kullu,Manali,Debris,2023,1500–2000 m,30–40°,<1500 mm,0–10 m,2020s,4,4,1,1
29867,32.17397,76.30778,908.0,27.98,2254.0,25.5,40.7,33.8,38.2,33.4,15.3,0.153,Tree cover,17.4,Himachal Pradesh,Kangra,Dharmsala,Debris,2017,500–1000 m,20–30°,2000–2500 mm,10–50 m,2010s,2,3,3,2
29893,32.186795,76.21908,668.0,27.74,1992.0,29.6,39.1,31.2,37.5,33.1,15.5,0.155,Built-up,1.4,Himachal Pradesh,Kangra,Shahpur,Debris,2018,500–1000 m,20–30°,1500–2000 mm,0–10 m,2010s,2,3,2,1
29913,32.20099,76.37439,1325.0,17.41,2569.0,24.8,44.7,30.5,38.1,33.3,15.9,0.159,Grassland,0.5,Himachal Pradesh,Kangra,Dharmsala,Debris,2014,1000–1500 m,10–20°,2500–3000 mm,0–10 m,2010s,3,2,4,1
29916,32.20217,76.3265,1138.0,4.55,2553.0,25.8,41.8,32.4,37.3,32.9,16.0,0.16,Tree cover,115.3,Himachal Pradesh,Kangra,Dharmsala,Debris,2017,1000–1500 m,0–10°,2500–3000 mm,100–500 m,2010s,3,1,4,4
29920,32.204211,76.378547,1449.0,25.34,2537.0,24.6,42.3,33.2,38.1,33.3,15.9,0.159,Grassland,106.6,Himachal Pradesh,Kangra,Dharmsala,Rock,2007,1000–1500 m,20–30°,2500–3000 mm,100–500 m,2000s,3,3,4,4
29958,32.223305,76.09764,657.0,29.44,1916.0,26.4,41.7,31.9,37.3,33.1,16.1,0.161,Tree cover,18.9,Himachal Pradesh,Kangra,Kotla,Debris,2018,500–1000 m,20–30°,1500–2000 mm,10–50 m,2010s,2,3,2,2
29983,32.22833,76.30835,1492.0,27.7,2559.0,23.2,46.2,30.6,38.2,33.3,16.1,0.161,Tree cover,99.5,Himachal Pradesh,Kangra,Dharmsala,Rock,2018,1000–1500 m,20–30°,2500–3000 mm,50–100 m,2010s,3,3,4,3
30038,32.24157,76.31438,1783.0,15.52,2503.0,24.6,43.6,31.8,38.7,35.3,16.5,0.165,Tree cover,6.0,Himachal Pradesh,Kangra,Dharmsala,Debris,2018,1500–2000 m,10–20°,2500–3000 mm,0–10 m,2010s,4,2,4,1
30049,32.24342,76.3053,1732.0,26.4,2479.0,23.5,44.9,31.6,38.4,34.4,16.1,0.161,Tree cover,4.7,Himachal Pradesh,Kangra,Dharmsala,Debris,2017,1500–2000 m,20–30°,2000–2500 mm,0–10 m,2010s,4,3,3,1
30081,32.25,76.09,873.0,23.27,1995.0,24.6,41.8,33.6,37.1,32.8,15.5,0.155,Tree cover,2528.4,Himachal Pradesh,Kangra,Kotla,Debris,2010,500–1000 m,20–30°,1500–2000 mm,>1000 m,2010s,2,3,2,6
30090,32.26,76.19,1045.0,38.97,2410.0,26.2,42.2,31.6,38.5,34.0,16.1,0.161,Tree cover,649.9,Himachal Pradesh,Chamba,Dareeni,Debris,2011,1000–1500 m,30–40°,2000–2500 mm,500–1000 m,2010s,3,4,3,5
30089,32.26,76.2,1382.0,37.08,2539.0,26.4,42.9,30.6,38.0,33.3,15.9,0.159,Tree cover,66.6,Himachal Pradesh,Chamba,Dareeni,Debris,2018,1000–1500 m,30–40°,2500–3000 mm,50–100 m,2010s,3,4,4,3
30099,32.27,76.24,1298.0,19.7,2544.0,22.6,44.1,33.3,38.5,33.6,15.9,0.159,Tree cover,1893.9,Himachal Pradesh,Chamba,Dareeni,Debris,2019,1000–1500 m,10–20°,2500–3000 mm,>1000 m,2010s,3,2,4,6
30102,32.27,76.21,1296.0,10.31,2527.0,24.6,45.7,29.7,37.6,33.4,16.1,0.161,Tree cover,529.9,Himachal Pradesh,Chamba,Dareeni,Debris,2012,1000–1500 m,10–20°,2500–3000 mm,500–1000 m,2010s,3,2,4,5
30116,32.28,76.24,1682.0,28.55,2509.0,25.2,43.6,31.1,38.5,33.9,17.0,0.17,Tree cover,891.5,Himachal Pradesh,Kangra,Dareeni,Debris,2015,1500–2000 m,20–30°,2500–3000 mm,500–1000 m,2010s,4,3,4,5
30114,32.28,76.2,1348.0,19.07,2520.0,24.0,43.9,32.1,38.1,34.4,16.4,0.164,Cropland,30.9,Himachal Pradesh,Kangra,Dareeni,Debris,2015,1000–1500 m,10–20°,2500–3000 mm,10–50 m,2010s,3,2,4,2
30113,32.28,76.18,1337.0,19.57,2507.0,25.1,44.2,30.7,37.8,34.0,15.8,0.158,Tree cover,1158.3,Himachal Pradesh,Chamba,Dareeni,Debris,2016,1000–1500 m,10–20°,2500–3000 mm,>1000 m,2010s,3,2,4,6
30112,32.28,76.22,1518.0,28.78,2522.0,25.3,44.4,30.3,37.4,33.2,15.3,0.153,Tree cover,1180.3,Himachal Pradesh,Chamba,Dareeni,Debris,2015,1500–2000 m,20–30°,2500–3000 mm,>1000 m,2010s,4,3,4,6
30105,32.28,76.15,948.0,26.66,2309.0,26.0,42.2,31.8,37.5,32.8,16.7,0.167,Grassland,1300.7,Himachal Pradesh,Chamba,Sihunta,Debris,2005,500–1000 m,20–30°,2000–2500 mm,>1000 m,2000s,2,3,3,6
30106,32.28,76.13,1038.0,15.21,2361.0,24.6,42.5,33.0,38.2,34.4,15.9,0.159,Tree cover,318.8,Himachal Pradesh,Chamba,Sihunta,Debris,2016,1000–1500 m,10–20°,2000–2500 mm,100–500 m,2010s,3,2,3,4
30142,32.29,76.13,1152.0,16.19,2402.0,23.8,43.7,32.5,37.9,33.2,15.7,0.157,Tree cover,31.3,Himachal Pradesh,Chamba,Sihunta,Debris,2015,1000–1500 m,10–20°,2000–2500 mm,10–50 m,2010s,3,2,3,2
30141,32.29,75.96,612.0,5.79,1846.0,26.1,40.3,33.6,37.7,33.7,16.0,0.16,Tree cover,244.7,Himachal Pradesh,Kangra,Nurpur,Debris,2000,500–1000 m,0–10°,1500–2000 mm,100–500 m,2000s,2,1,2,4
30143,32.29,76.23,1736.0,31.31,2499.0,26.8,42.5,30.7,38.6,34.6,15.9,0.159,Tree cover,165.7,Himachal Pradesh,Chamba,Dareeni,Debris,2005,1500–2000 m,30–40°,2000–2500 mm,100–500 m,2000s,4,4,3,4
30145,32.29,76.14,1060.0,16.49,2400.0,24.7,43.8,31.6,37.9,33.6,16.1,0.161,Grassland,676.6,Himachal Pradesh,Chamba,Sihunta,Debris,2015,1000–1500 m,10–20°,2000–2500 mm,500–1000 m,2010s,3,2,3,5
30160,32.3,76.15,1393.0,36.01,2441.0,24.7,42.5,32.8,37.6,33.6,15.8,0.158,Tree cover,2041.1,Himachal Pradesh,Chamba,Sihunta,Debris,2015,1000–1500 m,30–40°,2000–2500 mm,>1000 m,2010s,3,4,3,6
30159,32.3,76.06,845.0,49.47,2008.0,23.9,39.5,36.6,37.0,33.3,16.2,0.162,Tree cover,1820.6,Himachal Pradesh,Chamba,Sihunta,Debris,2015,500–1000 m,40–50°,2000–2500 mm,>1000 m,2010s,2,5,3,6
30184,32.31,76.08,854.0,25.6,2120.0,25.0,41.3,33.7,37.6,32.8,15.8,0.158,Tree cover,39.6,Himachal Pradesh,Chamba,Sihunta,Debris,2014,500–1000 m,20–30°,2000–2500 mm,10–50 m,2010s,2,3,3,2
30185,32.31,76.17,1528.0,40.4,2478.0,26.1,41.8,32.0,39.8,33.0,16.5,0.165,Tree cover,3710.2,Himachal Pradesh,Kangra,Dareeni,Debris,2017,1500–2000 m,40–50°,2000–2500 mm,>1000 m,2010s,4,5,3,6
30194,32.32,76.05,985.0,28.64,2183.0,26.1,41.8,32.1,37.7,34.3,16.0,0.16,Tree cover,172.8,Himachal Pradesh,Chamba,Sihunta,Debris,2017,500–1000 m,20–30°,2000–2500 mm,100–500 m,2010s,2,3,3,4
30209,32.33,75.82,433.0,7.64,1679.0,26.9,42.9,30.2,37.3,33.5,16.1,0.161,Tree cover,90.7,Himachal Pradesh,Kangra,Nurpur,Debris,2010,0–500 m,0–10°,1500–2000 mm,50–100 m,2010s,1,1,2,3
30227,32.34,76.03,1287.0,29.25,2318.0,24.8,43.5,31.7,37.6,34.2,15.8,0.158,Tree cover,332.1,Himachal Pradesh,Chamba,Sihunta,Debris,2017,1000–1500 m,20–30°,2000–2500 mm,100–500 m,2010s,3,3,3,4
30267,32.36,76.02,998.0,18.74,2153.0,25.3,43.4,31.3,37.9,33.6,16.1,0.161,Tree cover,254.2,Himachal Pradesh,Chamba,Sihunta,Debris,2005,500–1000 m,10–20°,2000–2500 mm,100–500 m,2000s,2,2,3,4
30275,32.3619,77.1327,3067.0,22.0,863.0,16.3,44.5,39.2,38.1,32.6,15.0,0.15,Built-up,1.0,Himachal Pradesh,Kullu,Manali,Debris,2012,>3000 m,20–30°,<1500 mm,0–10 m,2010s,6,3,1,1
30288,32.37,76.04,1110.0,29.44,2227.0,25.5,42.3,32.1,37.9,34.4,15.9,0.159,Tree cover,417.8,Himachal Pradesh,Chamba,Sihunta,Debris,2005,1000–1500 m,20–30°,2000–2500 mm,100–500 m,2000s,3,3,3,4
30291,32.37,76.02,916.0,15.4,2128.0,24.9,42.8,32.3,37.8,34.0,15.9,0.159,Cropland,521.1,Himachal Pradesh,Chamba,Sihunta,Debris,2018,500–1000 m,10–20°,2000–2500 mm,500–1000 m,2010s,2,2,3,5
30289,32.37,76.03,1204.0,33.8,2199.0,25.7,43.3,31.0,37.7,34.7,16.5,0.165,Grassland,196.1,Himachal Pradesh,Chamba,Sihunta,Debris,2005,1000–1500 m,30–40°,2000–2500 mm,100–500 m,2000s,3,4,3,4
30280,32.37,75.85,479.0,9.07,1741.0,26.9,41.8,31.3,37.7,33.6,15.8,0.158,Tree cover,127.2,Himachal Pradesh,Kangra,Nurpur,Debris,2012,0–500 m,0–10°,1500–2000 mm,100–500 m,2010s,1,1,2,4
30285,32.37,75.95,689.0,30.56,1960.0,26.6,41.2,32.2,37.9,32.2,16.3,0.163,Tree cover,1279.2,Himachal Pradesh,Kangra,Nurpur,Debris,1987,500–1000 m,30–40°,1500–2000 mm,>1000 m,1980s,2,4,2,6
30294,32.37,76.01,1078.0,34.56,2131.0,24.8,42.0,33.1,37.5,33.2,15.5,0.155,Tree cover,96.9,Himachal Pradesh,Kangra,Sihunta,Debris,2000,1000–1500 m,30–40°,2000–2500 mm,50–100 m,2000s,3,4,3,3
30322,32.39,76.0,785.0,15.69,2049.0,24.3,41.8,33.9,37.8,33.4,15.4,0.154,Tree cover,218.9,Himachal Pradesh,Chamba,Sihunta,Debris,2010,500–1000 m,10–20°,2000–2500 mm,100–500 m,2010s,2,2,3,4
30335,32.39,76.01,1147.0,27.41,2151.0,24.8,43.9,31.2,37.9,33.5,15.9,0.159,Tree cover,872.1,Himachal Pradesh,Chamba,Bhattiyat,Debris,2000,1000–1500 m,20–30°,2000–2500 mm,500–1000 m,2000s,3,3,3,5
30327,32.39,75.95,817.0,24.51,2017.0,26.4,38.8,34.8,37.7,32.9,16.1,0.161,Tree cover,799.3,Himachal Pradesh,Kangra,Nurpur,Debris,2018,500–1000 m,20–30°,2000–2500 mm,500–1000 m,2010s,2,3,3,5
30320,32.39,75.99,1157.0,48.34,2185.0,24.9,44.1,30.9,38.0,32.4,16.1,0.161,Tree cover,348.5,Himachal Pradesh,Chamba,Sihunta,Debris,2017,1000–1500 m,40–50°,2000–2500 mm,100–500 m,2010s,3,5,3,4
30328,32.39,75.89,581.0,4.89,1825.0,28.2,40.6,31.2,37.7,33.2,16.7,0.167,Cropland,51.0,Himachal Pradesh,Kangra,Nurpur,Debris,2017,500–1000 m,0–10°,1500–2000 mm,50–100 m,2010s,2,1,2,3
30352,32.4,75.99,742.0,28.08,2084.0,25.5,40.4,34.1,37.4,32.8,16.0,0.16,Tree cover,110.0,Himachal Pradesh,Kangra,Bhattiyat,Debris,2018,500–1000 m,20–30°,2000–2500 mm,100–500 m,2010s,2,3,3,4
30361,32.41,75.97,683.0,24.84,1963.0,25.3,40.4,34.2,37.9,32.9,15.4,0.154,Tree cover,30.9,Himachal Pradesh,Chamba,Bhattiyat,Debris,2010,500–1000 m,20–30°,1500–2000 mm,10–50 m,2010s,2,3,2,2
30364,32.41,75.96,705.0,29.78,1957.0,26.3,40.9,32.8,38.1,32.6,15.4,0.154,Tree cover,286.2,Himachal Pradesh,Chamba,Bhattiyat,Debris,2015,500–1000 m,20–30°,1500–2000 mm,100–500 m,2010s,2,3,2,4
30398,32.42,75.96,786.0,38.05,1961.0,26.0,40.4,33.6,37.6,32.7,15.2,0.152,Tree cover,160.4,Himachal Pradesh,Chamba,Bhattiyat,Debris,2017,500–1000 m,30–40°,1500–2000 mm,100–500 m,2010s,2,4,2,4
30387,32.42,75.97,833.0,31.16,2003.0,26.5,40.8,32.7,37.1,33.0,15.9,0.159,Tree cover,102.3,Himachal Pradesh,Chamba,Bhattiyat,Debris,2010,500–1000 m,30–40°,2000–2500 mm,100–500 m,2010s,2,4,3,4
30388,32.42,76.0,939.0,2.28,2075.0,25.1,39.7,35.2,37.8,33.0,15.7,0.157,Cropland,367.2,Himachal Pradesh,Chamba,Bhattiyat,Debris,2018,500–1000 m,0–10°,2000–2500 mm,100–500 m,2010s,2,1,3,4
30428,32.43,75.95,1122.0,21.71,2039.0,23.3,38.6,38.0,37.8,33.3,15.4,0.154,Tree cover,92.0,Himachal Pradesh,Chamba,Kakira,Rock,2015,1000–1500 m,20–30°,2000–2500 mm,50–100 m,2010s,3,3,3,3
30419,32.43,75.96,909.0,27.53,2009.0,23.4,39.0,37.6,37.3,33.7,16.4,0.164,Tree cover,27.0,Himachal Pradesh,Chamba,Kakira,Debris,2000,500–1000 m,20–30°,2000–2500 mm,10–50 m,2000s,2,3,3,2
30577,32.46,75.93,1186.0,28.64,2016.0,25.4,44.5,30.0,38.7,33.4,17.1,0.171,Tree cover,66.6,Himachal Pradesh,Chamba,Kakira,Debris,2018,1000–1500 m,20–30°,2000–2500 mm,50–100 m,2010s,3,3,3,3
30619,32.47,75.92,1287.0,27.74,1999.0,27.3,45.0,27.8,38.1,33.3,16.9,0.169,Tree cover,3.1,Himachal Pradesh,Chamba,Kakira,Debris,2018,1000–1500 m,20–30°,1500–2000 mm,0–10 m,2010s,3,3,2,1
30797,32.55,76.12,981.0,3.05,1976.0,24.3,45.0,30.7,37.7,33.5,15.3,0.153,Tree cover,247.9,Himachal Pradesh,Chamba,Chamba,Debris,2018,500–1000 m,0–10°,1500–2000 mm,100–500 m,2010s,2,1,2,4
30824,32.56,76.12,826.0,8.09,1938.0,23.9,45.9,30.3,37.6,34.2,15.7,0.157,Tree cover,161.3,Himachal Pradesh,Chamba,Chamba,Rock,2008,500–1000 m,0–10°,1500–2000 mm,100–500 m,2000s,2,1,2,4
30875,32.58,76.14,1071.0,27.19,1932.0,25.8,44.2,30.0,37.9,35.1,16.6,0.166,Tree cover,293.2,Himachal Pradesh,Chamba,Chamba,Rock,2003,1000–1500 m,20–30°,1500–2000 mm,100–500 m,2000s,3,3,2,4
30941,32.6,76.04,1323.0,37.22,1821.0,25.7,45.8,28.6,37.9,34.1,16.3,0.163,Tree cover,57.9,Himachal Pradesh,Chamba,Chamba,Rock,1995,1000–1500 m,30–40°,1500–2000 mm,50–100 m,1990s,3,4,2,3
31367,32.71,76.09,959.0,40.95,1712.0,27.3,43.6,29.2,38.1,36.0,16.4,0.164,Grassland,28.5,Himachal Pradesh,Chamba,Pukhri,Rock,2017,500–1000 m,40–50°,1500–2000 mm,10–50 m,2010s,2,5,2,2
31391,32.72,76.1,918.0,25.39,1671.0,27.7,42.6,29.7,38.1,36.7,16.6,0.166,Tree cover,97.9,Himachal Pradesh,Chamba,Churah,Debris,2009,500–1000 m,20–30°,1500–2000 mm,50–100 m,2000s,2,3,2,3
31481,32.76,76.22,1841.0,41.62,1659.0,32.4,39.8,27.8,39.0,37.1,16.5,0.165,Grassland,283.5,Himachal Pradesh,Chamba,Churah,Rock,2002,1500–2000 m,40–50°,1500–2000 mm,100–500 m,2000s,4,5,2,4
31541,32.801011,75.220642,606.0,30.28,1646.0,26.0,38.3,35.6,37.4,34.6,16.2,0.162,Built-up,0.2,Jammu & Kashmir,Udhampur,Ramnagar,Rock,2021,500–1000 m,30–40°,1500–2000 mm,0–10 m,2020s,2,4,2,1
31556,32.808925,75.191831,590.0,43.2,1663.0,29.8,37.4,32.9,37.4,34.1,16.1,0.161,Bare / sparse vegetation,0.5,Jammu & Kashmir,Udhampur,Ramnagar,Rock,2021,500–1000 m,40–50°,1500–2000 mm,0–10 m,2020s,2,5,2,1
31574,32.819569,75.188911,562.0,22.15,1593.0,27.3,36.0,36.7,37.4,34.7,16.5,0.165,Built-up,4.4,Jammu & Kashmir,Udhampur,Ramnagar,Debris,2021,500–1000 m,20–30°,1500–2000 mm,0–10 m,2020s,2,3,2,1
31638,32.848814,75.327022,1168.0,21.24,1473.0,29.1,39.5,31.3,37.5,33.2,15.3,0.153,Grassland,4891.9,Jammu & Kashmir,Udhampur,Ramnagar,Debris,2021,1000–1500 m,20–30°,<1500 mm,>1000 m,2020s,3,3,1,6
31946,33.035306,75.334661,1568.0,25.12,1256.0,23.0,38.2,38.8,36.7,31.9,17.7,0.177,Built-up,1.8,Jammu & Kashmir,Udhampur,Chenani,Debris,2021,1500–2000 m,20–30°,<1500 mm,0–10 m,2020s,4,3,1,1
31967,33.045306,75.280508,1217.0,34.49,1222.0,34.3,31.6,34.1,36.6,31.1,17.1,0.171,Built-up,2.3,Jammu & Kashmir,Udhampur,Chenani,Debris,2021,1000–1500 m,30–40°,<1500 mm,0–10 m,2020s,3,4,1,1
32125,33.109088,75.14001,1157.0,24.82,1251.0,33.3,33.5,33.2,37.0,32.5,16.9,0.169,Bare / sparse vegetation,9584.8,Jammu & Kashmir,Udhampur,Panchari,Rock,2021,1000–1500 m,20–30°,<1500 mm,>1000 m,2020s,3,3,1,6
32166,33.120444,75.315778,1531.0,15.19,1167.0,21.6,42.7,35.7,34.6,31.0,16.9,0.169,Grassland,71.3,Jammu & Kashmir,Ramban,Batote,Debris,1995,1500–2000 m,10–20°,<1500 mm,50–100 m,1990s,4,2,1,3
32189,33.124667,75.325833,1399.0,22.5,1144.0,28.2,35.2,36.6,36.1,28.8,17.1,0.171,Tree cover,267.7,Jammu & Kashmir,Ramban,Batote,Debris,2017,1000–1500 m,20–30°,<1500 mm,100–500 m,2010s,3,3,1,4
32233,33.130944,75.323833,1304.0,17.42,1144.0,28.3,35.9,35.9,36.1,27.9,17.0,0.17,Tree cover,228.7,Jammu & Kashmir,Ramban,Batote,Debris,2019,1000–1500 m,10–20°,<1500 mm,100–500 m,2010s,3,2,1,4
32326,33.139306,75.313222,1279.0,23.54,1158.0,29.8,34.9,35.3,35.8,29.7,16.6,0.166,Tree cover,377.8,Jammu & Kashmir,Ramban,Batote,Debris,2019,1000–1500 m,20–30°,<1500 mm,100–500 m,2010s,3,3,1,4
32345,33.142056,75.321669,1238.0,19.93,1154.0,29.2,37.8,33.0,35.8,29.7,16.6,0.166,Tree cover,34.0,Jammu & Kashmir,Ramban,Batote,Debris,2015,1000–1500 m,10–20°,<1500 mm,10–50 m,2010s,3,2,1,2
33055,33.37,75.64,1540.0,32.79,1022.0,20.4,33.0,46.6,36.1,32.6,15.0,0.15,Grassland,207.2,Jammu & Kashmir,Kishtwar,Mughalmaidan,Debris,2002,1500–2000 m,30–40°,<1500 mm,100–500 m,2000s,4,4,1,4
33103,33.39,74.72,1295.0,16.08,949.0,28.0,29.3,42.7,36.0,33.2,15.5,0.155,Grassland,276.8,Jammu & Kashmir,Reasi,Chassana,Rock,2018,1000–1500 m,10–20°,<1500 mm,100–500 m,2010s,3,2,1,4
